plotid,sampleid,sample_internal_id,lon,lat,email,flagged,collection_time,analysis_duration,imagery_title,imagery_attributions,sample_geom,confidence,confidence_comment,water?, Guest Interpreters
1,34,795655748,-164.03237605875907,59.92706396694849,mrm0065@uah.edu,false,2026-01-09 16:19,10.0 secs,,,"POLYGON((-164.035254509 59.935167343,-164.034119905 59.935292586,-164.033331451 59.935379293,-164.032792995 59.935215514,-164.031908388 59.935157709,-164.031831466 59.934598924,-164.032023772 59.934386969,-164.031773774 59.934464044,-164.031466085 59.934377335,-164.031504546 59.934069034,-164.031196857 59.933664385,-164.030696862 59.933741461,-164.03063917 59.933298269,-164.030946859 59.933057402,-164.030773784 59.932941785,-164.030350711 59.933095941,-164.029869947 59.932729819,-164.029716102 59.932180629,-164.029369952 59.931708511,-164.029504566 59.931506172,-164.029235338 59.931419455,-164.02898534 59.930956962,-164.0299661 59.930754619,-164.031735313 59.930638994,-164.03231223 59.930629358,-164.031850697 59.930446284,-164.031331471 59.930417378,-164.031043012 59.930542639,-164.030446864 59.930619723,-164.030273789 59.930301751,-164.030908398 59.930137947,-164.030869937 59.929964506,-164.029927639 59.929983777,-164.029408413 59.92973325,-164.029350721 59.92929964,-164.028735343 59.929212917,-164.028581498 59.929762157,-164.02829304 59.929675435,-164.028376372 59.929029836,-164.029453284 59.929078015,-164.029357132 59.928721485,-164.030010971 59.928576945,-164.030357122 59.928605853,-164.0309725 59.928422768,-164.031395573 59.928605853,-164.031203267 59.929126194,-164.031491726 59.929290004,-164.031549418 59.929097287,-164.031607109 59.928856389,-164.032222488 59.928711849,-164.032318641 59.929078015,-164.03229941 59.929559806,-164.031876337 59.929839242,-164.031491726 59.930012684,-164.033203247 59.930147582,-164.033760934 59.930031955,-164.034357082 59.930407742,-164.034472466 59.930716077,-164.035068613 59.930783525,-164.035760914 59.930956962,-164.035876298 59.930619723,-164.036357062 59.930417378,-164.035683992 59.930137947,-164.03529938 59.92988742,-164.035049383 59.929559806,-164.035991681 59.929357455,-164.035222458 59.929155102,-164.035414764 59.928461312,-164.035818606 59.928056594,-164.037203208 59.927353145,-164.038030122 59.926900231,-164.037741664 59.926784592,-164.037453205 59.926534041,-164.036857057 59.926456948,-164.036183987 59.926534041,-164.035741684 59.926379854,-164.035376303 59.926428038,-164.035587839 59.9267075,-164.035010922 59.926726773,-164.034760924 59.926601497,-164.034933999 59.926447311,-164.033799395 59.926447311,-164.033049403 59.926582224,-164.032414794 59.92659186,-164.031434034 59.926379854,-164.030722503 59.926341308,-164.030337891 59.926582224,-164.030414813 59.927044778,-164.030799425 59.927488054,-164.031107114 59.927989141,-164.031030192 59.928326407,-164.030280199 59.928432404,-164.029799435 59.928297498,-164.029472515 59.928499856,-164.029087903 59.928721485,-164.028395603 59.928846753,-164.028434064 59.928075867,-164.0286456 59.927314599,-164.028684061 59.926813502,-164.029587898 59.926505131,-164.02995328 59.926052206,-164.030030202 59.925772738,-164.029684051 59.925531816,-164.029260979 59.925310165,-164.028953289 59.925551089,-164.028818675 59.925714917,-164.028107144 59.925522179,-164.028472525 59.925994385,-164.028780214 59.926225667,-164.029376362 59.926167847,-164.029184056 59.926476221,-164.028684061 59.926630407,-164.027780224 59.926601497,-164.027145615 59.926389491,-164.027145615 59.926283487,-164.026684081 59.92621603,-164.026414853 59.926235304,-164.026030241 59.926524404,-164.026453314 59.926765319,-164.026107164 59.92698696,-164.025568708 59.926880958,-164.025568708 59.927420599,-164.02564563 59.927651872,-164.026107164 59.927815689,-164.026607159 59.927314599,-164.027241768 59.927256781,-164.027145615 59.927979505,-164.027011001 59.928336043,-164.026261008 59.928191501,-164.026337931 59.928355315,-164.026914848 59.928596217,-164.026799465 59.928885297,-164.026530236 59.929203282,-164.025953319 59.929521263,-164.02566486 59.929675435,-164.024922763 59.929429436,-164.02484584 59.92918854,-164.025018916 59.928966915,-164.026018906 59.928976551,-164.026115058 59.928774196,-164.025788139 59.92835021,-164.025518911 59.928090034,-164.024865071 59.928186395,-164.024268923 59.928282757,-164.023903542 59.928514023,-164.023307394 59.928475479,-164.023268933 59.92809967,-164.022697329 59.927645023,-164.022235795 59.927375205,-164.021870414 59.926739197,-164.02208195 59.926267001,-164.02208195 59.926083903,-164.021562725 59.926276638,-164.02140888 59.926373005,-164.020831963 59.926267001,-164.020774271 59.925968262,-164.020447351 59.925900804,-164.020005048 59.926238091,-164.0194089 59.92606463,-164.019120441 59.926170634,-164.019658897 59.926517555,-164.019658897 59.92675847,-164.01908198 59.926912655,-164.019178133 59.927230659,-164.018697368 59.927192113,-164.01808199 59.927510114,-164.018658907 59.927722113,-164.019658897 59.927722113,-164.020351198 59.928117199,-164.019985817 59.928415919,-164.020658887 59.928685728,-164.020293506 59.928945899,-164.019581975 59.928936264,-164.019255055 59.92889772,-164.01873583 59.929051895,-164.018197373 59.929138618,-164.018062759 59.929418057,-164.017216614 59.92922534,-164.017947376 59.928762816,-164.017562764 59.928377374,-164.017197383 59.928435191,-164.017524303 59.928810996,-164.017139692 59.92884954,-164.01642816 59.928637548,-164.016332007 59.928878448,-164.016928155 59.929071166,-164.017120461 59.929369878,-164.016832002 59.929543322,-164.016447391 59.929360242,-164.015870473 59.929832394,-164.015351248 59.929870936,-164.015870473 59.93032381,-164.015139711 59.930449071,-164.015120481 59.930824854,-164.014524333 59.930844124,-164.014274335 59.931239173,-164.013735879 59.931383702,-164.012870503 59.931287349,-164.012293586 59.931258443,-164.011716668 59.931374066,-164.011985896 59.93196181,-164.011658977 59.932193051,-164.010851292 59.932106336,-164.010697448 59.931682392,-164.009851302 59.931335525,-164.009159001 59.931123549,-164.008582084 59.931296984,-164.007716708 59.931075373,-164.007524402 59.930921207,-164.00677441 59.931171726,-164.006505182 59.930901937,-164.007043638 59.930497249,-164.006755179 59.930208183,-164.0061398 59.93032381,-164.006043648 59.930632145,-164.0054475 59.930815218,-164.004620585 59.930651416,-164.004582124 59.930208183,-164.003870592 59.930487613,-164.003255214 59.930371987,-164.003774439 59.929870936,-164.002832141 59.929803487,-164.003678286 59.929495143,-164.004755199 59.929302427,-164.005312886 59.929986564,-164.006216723 59.930015471,-164.007159021 59.929919115,-164.007716708 59.929379514,-164.007601324 59.929032623,-164.0084667 59.928531552,-164.008524392 59.928136471,-164.008428239 59.927731749,-164.007755169 59.927760658,-164.007274405 59.92816538,-164.006735948 59.92816538,-164.006485951 59.928059382,-164.005832111 59.928175016,-164.005255194 59.927982292,-164.005043658 59.927654659,-164.004562893 59.927365568,-164.004562893 59.927192113,-164.005024427 59.927086112,-164.005755189 59.92730775,-164.006928254 59.926970474,-164.009082079 59.927018656,-164.00912054 59.927288477,-164.010947445 59.927037929,-164.012005127 59.927201749,-164.012735889 59.926797016,-164.011658977 59.926623558,-164.012812811 59.926286275,-164.012216663 59.926189908,-164.011947435 59.926295911,-164.011658977 59.926112814,-164.011601285 59.925727341,-164.012639736 59.925534603,-164.012293586 59.925110576,-164.013370498 59.924416701,-164.014178182 59.924291416,-164.013793571 59.924117945,-164.014332027 59.923664987,-164.014985867 59.923616799,-164.01510125 59.923414412,-164.016351238 59.923452962,-164.015678168 59.922903618,-164.016793541 59.921920559,-164.017562764 59.921853093,-164.018005068 59.921554314,-164.018928135 59.921650694,-164.019774281 59.921804903,-164.020139662 59.922267524,-164.020658887 59.922971082,-164.021197344 59.923346949,-164.022331948 59.923202385,-164.023524244 59.922999995,-164.023889625 59.922624124,-164.023908855 59.922257886,-164.023812702 59.921901283,-164.02308194 59.921284446,-164.023351168 59.92115915,-164.022197334 59.920445916,-164.022235795 59.920204955,-164.022639637 59.920368808,-164.02275502 59.920590492,-164.023351168 59.920735067,-164.024158853 59.920638683,-164.024543464 59.920783258,-164.024466542 59.9209953,-164.0240627 59.921072406,-164.024485773 59.921448295,-164.024697309 59.921583228,-164.02506269 59.92141938,-164.02538961 59.921689247,-164.02538961 59.921988025,-164.025985758 59.922094042,-164.026658828 59.921824179,-164.026274216 59.922161507,-164.027081901 59.922200059,-164.027947277 59.922180783,-164.028928036 59.921891645,-164.029466492 59.922094042,-164.029793412 59.921968749,-164.029581876 59.921747075,-164.029908796 59.921486847,-164.030216485 59.921506123,-164.030024179 59.921853093,-164.030485713 59.922113318,-164.031408781 59.921853093,-164.031447242 59.921535038,-164.032178004 59.920985662,-164.03238954 59.920407362,-164.033543375 59.920166401,-164.03469721 59.920021823,-164.035197205 59.920224232,-164.037581797 59.919655557,-164.039601007 59.918980846,-164.040620228 59.918363955,-164.041639449 59.917968754,-164.04167791 59.918171174,-164.041177915 59.918489262,-164.042216366 59.918749513,-164.042139444 59.919115789,-164.041774063 59.919376036,-164.04200483 59.919530255,-164.041754832 59.919983269,-164.040889456 59.919906161,-164.040831764 59.920195316,-164.043235587 59.920850726,-164.043504815 59.921178426,-164.042850975 59.92126517,-164.042524055 59.921139874,-164.042447133 59.921438657,-164.041927908 59.921747075,-164.041524065 59.921949473,-164.041870216 59.922161507,-164.041447143 59.922373541,-164.041793293 59.922759052,-164.040908687 59.922759052,-164.040889456 59.922527746,-164.04069715 59.922816878,-164.039985619 59.922739777,-164.039504854 59.922633761,-164.039043321 59.92210368,-164.039139474 59.921689247,-164.040081772 59.921188065,-164.039812544 59.921014577,-164.039485624 59.920763982,-164.039504854 59.921255532,-164.03869717 59.921438657,-164.037447183 59.921236256,-164.037293338 59.921004939,-164.037081802 59.921457933,-164.036293348 59.921679609,-164.035331819 59.921766351,-164.034524135 59.922267524,-164.033639528 59.922084404,-164.033562606 59.922527746,-164.033831834 59.922865067,-164.034081831 59.923452962,-164.034620288 59.923578249,-164.034927977 59.923404774,-164.034927977 59.92326021,-164.036216426 59.923327674,-164.037562566 59.923443324,-164.038485634 59.923587887,-164.039158704 59.923318036,-164.039889466 59.923337311,-164.040062541 59.923751724,-164.039812544 59.923886648,-164.04002408 59.924223955,-164.039408702 59.924493799,-164.039622312 59.924993891,-164.039083856 59.925061351,-164.039449237 59.925543201,-164.038949242 59.925841944,-164.038314633 59.925774486,-164.038160788 59.925321551,-164.03821848 59.925099899,-164.037853099 59.924974617,-164.03756464 59.92503244,-164.037064645 59.925254092,-164.036314652 59.925254092,-164.036449267 59.925408283,-164.037160798 59.925919038,-164.038026174 59.926237052,-164.038641552 59.926237052,-164.038376194 59.92635515,-164.03539395 59.925690035,-164.034099459 59.925492961,-164.033460407 59.925336944,-164.034148617 59.925123445,-164.033951985 59.924803194,-164.033280161 59.924983849,-164.032804968 59.92458148,-164.032182302 59.924031295,-164.032297004 59.923776729,-164.033181845 59.923858847,-164.033362091 59.923620703,-164.032493635 59.923538584,-164.032821354 59.923284014,-164.032018442 59.92302123,-164.031149986 59.922815928,-164.030134057 59.922832352,-164.030035741 59.922766656,-164.02906897 59.922815928,-164.028397145 59.923070502,-164.027430374 59.922922685,-164.026840479 59.923095138,-164.025677076 59.922602413,-164.024775848 59.922487443,-164.024218726 59.922577777,-164.024267884 59.92314441,-164.022891463 59.923472889,-164.022697497 59.923915528,-164.022550024 59.924334328,-164.021452164 59.924194729,-164.020960586 59.923940164,-164.020354305 59.924055129,-164.019944656 59.923915528,-164.019895498 59.924186517,-164.019616937 59.924137247,-164.019715253 59.923899105,-164.020632866 59.923677385,-164.021124445 59.923513147,-164.020895042 59.923340696,-164.020190446 59.92339818,-164.019551393 59.923628114,-164.018810994 59.924144735,-164.018155555 59.924530685,-164.017532889 59.924933054,-164.01712324 59.925261515,-164.016828293 59.925466802,-164.015812363 59.925787046,-164.014747276 59.926181189,-164.01225661 59.927503174,-164.010404997 59.928644474,-164.009503769 59.929293109,-164.007684927 59.930549289,-164.008045418 59.930532869,-164.009225208 59.930081306,-164.011109593 59.929531212,-164.012486013 59.928677316,-164.014124609 59.927790556,-164.015533802 59.926887349,-164.016566117 59.926534271,-164.017074082 59.926049808,-164.017942538 59.925836314,-164.019024011 59.925261515,-164.019958011 59.924752399,-164.020351274 59.924579955,-164.020498747 59.924793457,-164.020760923 59.924998747,-164.021268888 59.924834515,-164.022104571 59.924793457,-164.02276001 59.924727765,-164.023071343 59.924694918,-164.023333518 59.924391087,-164.023988829 59.924295582,-164.02459511 59.924041017,-164.02520139 59.923835722,-164.025742127 59.924155982,-164.026430337 59.924032805,-164.025987916 59.924353064,-164.026119004 59.924739012,-164.026676126 59.924927878,-164.027249635 59.924985359,-164.027659284 59.924722588,-164.0277576 59.924451604,-164.028003389 59.924213464,-164.028167249 59.924049229,-164.028658827 59.924303793,-164.02921595 59.924574779,-164.029855002 59.924952513,-164.030346581 59.925166013,-164.03075623 59.925322031,-164.030821774 59.925584797,-164.0306743 59.925790081,-164.03092009 59.9260939,-164.031624686 59.925987153,-164.032165423 59.925707968,-164.032919177 59.925420568,-164.033197738 59.925379511,-164.038424859 59.926438772,-164.03894921 59.926208858,-164.039899595 59.926126745,-164.041538191 59.926134956,-164.042392486 59.926193384,-164.042915273 59.925370019,-164.044222241 59.924864762,-164.048180487 59.923423802,-164.049748848 59.922862372,-164.0476577 59.922712656,-164.047545674 59.921739484,-164.047807068 59.921496186,-164.048479236 59.921498567,-164.049020339 59.921287254,-164.049737202 59.921287254,-164.050400965 59.921613269,-164.05125058 59.921759642,-164.05147626 59.922232024,-164.051887792 59.923057013,-164.051868732 59.923594909,-164.052842754 59.924479643,-164.054060282 59.924540658,-164.054516855 59.925105044,-164.054121158 59.92544062,-164.054851675 59.925867712,-164.055034304 59.926310052,-164.05543 59.926599857,-164.055764821 59.926523593,-164.055703944 59.926111762,-164.055521315 59.925882965,-164.055034304 59.925791446,-164.054942989 59.92553214,-164.055216933 59.92539486,-164.055308248 59.92504403,-164.055003866 59.924754211,-164.055551753 59.924647435,-164.055643068 59.92504403,-164.055673506 59.92553214,-164.056221394 59.925882965,-164.056373584 59.926355811,-164.056130079 59.926965924,-164.05561263 59.927652288,-164.055216933 59.927728549,-164.054821237 59.927438754,-164.05409072 59.927286229,-164.053208012 59.926569352,-164.052477496 59.92576094,-164.05223399 59.925333846,-164.051381721 59.924937255,-164.051290406 59.92539486,-164.05223399 59.926325305,-164.052477496 59.926874408,-164.051777417 59.927026934,-164.05189917 59.927454006,-164.05156435 59.927545521,-164.050986024 59.927087945,-164.050559889 59.926676122,-164.050559889 59.926157522,-164.049555429 59.926020244,-164.049098856 59.926157522,-164.048307463 59.926035497,-164.047790014 59.926432076,-164.047881328 59.92672188,-164.048307463 59.927103198,-164.047729137 59.927530268,-164.047333441 59.927835316,-164.047089935 59.928170864,-164.04617679 59.928064099,-164.046055037 59.927286229,-164.045598464 59.927225218,-164.045537587 59.927591278,-164.045537587 59.928186116,-164.045720217 59.928643677,-164.046755115 59.928613173,-164.047911766 59.928902958,-164.047363879 59.929101231,-164.046694239 59.929085979,-164.04632898 59.929497773,-164.047698699 59.929635036,-164.04870316 59.929802802,-164.049555429 59.929955316,-164.050133755 59.930412852,-164.049220609 59.93038235,-164.048916227 59.930809378,-164.048764036 59.93144991,-164.047881328 59.931663418,-164.047089935 59.931831174,-164.045811531 59.931876925,-164.044776633 59.931998928,-164.043650419 59.932136181,-164.042432892 59.932502187,-164.041550184 59.932517437,-164.040910982 59.932700438,-164.039054252 59.932334435,-164.038232421 59.932456436,-164.038049792 59.932105681,-164.037349713 59.931876925,-164.036832264 59.931739671,-164.036740949 59.93205993,-164.037441028 59.932502187,-164.038049792 59.932822438,-164.038597679 59.933157936,-164.038232421 59.933600179,-164.037380151 59.933828922,-164.036954017 59.933966168,-164.036923578 59.9344084,-164.037319275 59.934606639,-164.036923578 59.934942119,-164.036071309 59.935018364,-164.035371231 59.934942119,-164.035254509 59.935167343))",100,,yes,
1,34,795655749,-164.03237605875907,59.92706396694849,mrm0065@uah.edu,false,2026-01-09 16:19,10.0 secs,,,"POLYGON((-164.035254509 59.935167343,-164.034119905 59.935292586,-164.033331451 59.935379293,-164.032792995 59.935215514,-164.031908388 59.935157709,-164.031831466 59.934598924,-164.032023772 59.934386969,-164.031773774 59.934464044,-164.031466085 59.934377335,-164.031504546 59.934069034,-164.031196857 59.933664385,-164.030696862 59.933741461,-164.03063917 59.933298269,-164.030946859 59.933057402,-164.030773784 59.932941785,-164.030350711 59.933095941,-164.029869947 59.932729819,-164.029716102 59.932180629,-164.029369952 59.931708511,-164.029504566 59.931506172,-164.029235338 59.931419455,-164.02898534 59.930956962,-164.0299661 59.930754619,-164.031735313 59.930638994,-164.03231223 59.930629358,-164.031850697 59.930446284,-164.031331471 59.930417378,-164.031043012 59.930542639,-164.030446864 59.930619723,-164.030273789 59.930301751,-164.030908398 59.930137947,-164.030869937 59.929964506,-164.029927639 59.929983777,-164.029408413 59.92973325,-164.029350721 59.92929964,-164.028735343 59.929212917,-164.028581498 59.929762157,-164.02829304 59.929675435,-164.028376372 59.929029836,-164.029453284 59.929078015,-164.029357132 59.928721485,-164.030010971 59.928576945,-164.030357122 59.928605853,-164.0309725 59.928422768,-164.031395573 59.928605853,-164.031203267 59.929126194,-164.031491726 59.929290004,-164.031549418 59.929097287,-164.031607109 59.928856389,-164.032222488 59.928711849,-164.032318641 59.929078015,-164.03229941 59.929559806,-164.031876337 59.929839242,-164.031491726 59.930012684,-164.033203247 59.930147582,-164.033760934 59.930031955,-164.034357082 59.930407742,-164.034472466 59.930716077,-164.035068613 59.930783525,-164.035760914 59.930956962,-164.035876298 59.930619723,-164.036357062 59.930417378,-164.035683992 59.930137947,-164.03529938 59.92988742,-164.035049383 59.929559806,-164.035991681 59.929357455,-164.035222458 59.929155102,-164.035414764 59.928461312,-164.035818606 59.928056594,-164.037203208 59.927353145,-164.038030122 59.926900231,-164.037741664 59.926784592,-164.037453205 59.926534041,-164.036857057 59.926456948,-164.036183987 59.926534041,-164.035741684 59.926379854,-164.035376303 59.926428038,-164.035587839 59.9267075,-164.035010922 59.926726773,-164.034760924 59.926601497,-164.034933999 59.926447311,-164.033799395 59.926447311,-164.033049403 59.926582224,-164.032414794 59.92659186,-164.031434034 59.926379854,-164.030722503 59.926341308,-164.030337891 59.926582224,-164.030414813 59.927044778,-164.030799425 59.927488054,-164.031107114 59.927989141,-164.031030192 59.928326407,-164.030280199 59.928432404,-164.029799435 59.928297498,-164.029472515 59.928499856,-164.029087903 59.928721485,-164.028395603 59.928846753,-164.028434064 59.928075867,-164.0286456 59.927314599,-164.028684061 59.926813502,-164.029587898 59.926505131,-164.02995328 59.926052206,-164.030030202 59.925772738,-164.029684051 59.925531816,-164.029260979 59.925310165,-164.028953289 59.925551089,-164.028818675 59.925714917,-164.028107144 59.925522179,-164.028472525 59.925994385,-164.028780214 59.926225667,-164.029376362 59.926167847,-164.029184056 59.926476221,-164.028684061 59.926630407,-164.027780224 59.926601497,-164.027145615 59.926389491,-164.027145615 59.926283487,-164.026684081 59.92621603,-164.026414853 59.926235304,-164.026030241 59.926524404,-164.026453314 59.926765319,-164.026107164 59.92698696,-164.025568708 59.926880958,-164.025568708 59.927420599,-164.02564563 59.927651872,-164.026107164 59.927815689,-164.026607159 59.927314599,-164.027241768 59.927256781,-164.027145615 59.927979505,-164.027011001 59.928336043,-164.026261008 59.928191501,-164.026337931 59.928355315,-164.026914848 59.928596217,-164.026799465 59.928885297,-164.026530236 59.929203282,-164.025953319 59.929521263,-164.02566486 59.929675435,-164.024922763 59.929429436,-164.02484584 59.92918854,-164.025018916 59.928966915,-164.026018906 59.928976551,-164.026115058 59.928774196,-164.025788139 59.92835021,-164.025518911 59.928090034,-164.024865071 59.928186395,-164.024268923 59.928282757,-164.023903542 59.928514023,-164.023307394 59.928475479,-164.023268933 59.92809967,-164.022697329 59.927645023,-164.022235795 59.927375205,-164.021870414 59.926739197,-164.02208195 59.926267001,-164.02208195 59.926083903,-164.021562725 59.926276638,-164.02140888 59.926373005,-164.020831963 59.926267001,-164.020774271 59.925968262,-164.020447351 59.925900804,-164.020005048 59.926238091,-164.0194089 59.92606463,-164.019120441 59.926170634,-164.019658897 59.926517555,-164.019658897 59.92675847,-164.01908198 59.926912655,-164.019178133 59.927230659,-164.018697368 59.927192113,-164.01808199 59.927510114,-164.018658907 59.927722113,-164.019658897 59.927722113,-164.020351198 59.928117199,-164.019985817 59.928415919,-164.020658887 59.928685728,-164.020293506 59.928945899,-164.019581975 59.928936264,-164.019255055 59.92889772,-164.01873583 59.929051895,-164.018197373 59.929138618,-164.018062759 59.929418057,-164.017216614 59.92922534,-164.017947376 59.928762816,-164.017562764 59.928377374,-164.017197383 59.928435191,-164.017524303 59.928810996,-164.017139692 59.92884954,-164.01642816 59.928637548,-164.016332007 59.928878448,-164.016928155 59.929071166,-164.017120461 59.929369878,-164.016832002 59.929543322,-164.016447391 59.929360242,-164.015870473 59.929832394,-164.015351248 59.929870936,-164.015870473 59.93032381,-164.015139711 59.930449071,-164.015120481 59.930824854,-164.014524333 59.930844124,-164.014274335 59.931239173,-164.013735879 59.931383702,-164.012870503 59.931287349,-164.012293586 59.931258443,-164.011716668 59.931374066,-164.011985896 59.93196181,-164.011658977 59.932193051,-164.010851292 59.932106336,-164.010697448 59.931682392,-164.009851302 59.931335525,-164.009159001 59.931123549,-164.008582084 59.931296984,-164.007716708 59.931075373,-164.007524402 59.930921207,-164.00677441 59.931171726,-164.006505182 59.930901937,-164.007043638 59.930497249,-164.006755179 59.930208183,-164.0061398 59.93032381,-164.006043648 59.930632145,-164.0054475 59.930815218,-164.004620585 59.930651416,-164.004582124 59.930208183,-164.003870592 59.930487613,-164.003255214 59.930371987,-164.003774439 59.929870936,-164.002832141 59.929803487,-164.003678286 59.929495143,-164.004755199 59.929302427,-164.005312886 59.929986564,-164.006216723 59.930015471,-164.007159021 59.929919115,-164.007716708 59.929379514,-164.007601324 59.929032623,-164.0084667 59.928531552,-164.008524392 59.928136471,-164.008428239 59.927731749,-164.007755169 59.927760658,-164.007274405 59.92816538,-164.006735948 59.92816538,-164.006485951 59.928059382,-164.005832111 59.928175016,-164.005255194 59.927982292,-164.005043658 59.927654659,-164.004562893 59.927365568,-164.004562893 59.927192113,-164.005024427 59.927086112,-164.005755189 59.92730775,-164.006928254 59.926970474,-164.009082079 59.927018656,-164.00912054 59.927288477,-164.010947445 59.927037929,-164.012005127 59.927201749,-164.012735889 59.926797016,-164.011658977 59.926623558,-164.012812811 59.926286275,-164.012216663 59.926189908,-164.011947435 59.926295911,-164.011658977 59.926112814,-164.011601285 59.925727341,-164.012639736 59.925534603,-164.012293586 59.925110576,-164.013370498 59.924416701,-164.014178182 59.924291416,-164.013793571 59.924117945,-164.014332027 59.923664987,-164.014985867 59.923616799,-164.01510125 59.923414412,-164.016351238 59.923452962,-164.015678168 59.922903618,-164.016793541 59.921920559,-164.017562764 59.921853093,-164.018005068 59.921554314,-164.018928135 59.921650694,-164.019774281 59.921804903,-164.020139662 59.922267524,-164.020658887 59.922971082,-164.021197344 59.923346949,-164.022331948 59.923202385,-164.023524244 59.922999995,-164.023889625 59.922624124,-164.023908855 59.922257886,-164.023812702 59.921901283,-164.02308194 59.921284446,-164.023351168 59.92115915,-164.022197334 59.920445916,-164.022235795 59.920204955,-164.022639637 59.920368808,-164.02275502 59.920590492,-164.023351168 59.920735067,-164.024158853 59.920638683,-164.024543464 59.920783258,-164.024466542 59.9209953,-164.0240627 59.921072406,-164.024485773 59.921448295,-164.024697309 59.921583228,-164.02506269 59.92141938,-164.02538961 59.921689247,-164.02538961 59.921988025,-164.025985758 59.922094042,-164.026658828 59.921824179,-164.026274216 59.922161507,-164.027081901 59.922200059,-164.027947277 59.922180783,-164.028928036 59.921891645,-164.029466492 59.922094042,-164.029793412 59.921968749,-164.029581876 59.921747075,-164.029908796 59.921486847,-164.030216485 59.921506123,-164.030024179 59.921853093,-164.030485713 59.922113318,-164.031408781 59.921853093,-164.031447242 59.921535038,-164.032178004 59.920985662,-164.03238954 59.920407362,-164.033543375 59.920166401,-164.03469721 59.920021823,-164.035197205 59.920224232,-164.037581797 59.919655557,-164.039601007 59.918980846,-164.040620228 59.918363955,-164.041639449 59.917968754,-164.04167791 59.918171174,-164.041177915 59.918489262,-164.042216366 59.918749513,-164.042139444 59.919115789,-164.041774063 59.919376036,-164.04200483 59.919530255,-164.041754832 59.919983269,-164.040889456 59.919906161,-164.040831764 59.920195316,-164.043235587 59.920850726,-164.043504815 59.921178426,-164.042850975 59.92126517,-164.042524055 59.921139874,-164.042447133 59.921438657,-164.041927908 59.921747075,-164.041524065 59.921949473,-164.041870216 59.922161507,-164.041447143 59.922373541,-164.041793293 59.922759052,-164.040908687 59.922759052,-164.040889456 59.922527746,-164.04069715 59.922816878,-164.039985619 59.922739777,-164.039504854 59.922633761,-164.039043321 59.92210368,-164.039139474 59.921689247,-164.040081772 59.921188065,-164.039812544 59.921014577,-164.039485624 59.920763982,-164.039504854 59.921255532,-164.03869717 59.921438657,-164.037447183 59.921236256,-164.037293338 59.921004939,-164.037081802 59.921457933,-164.036293348 59.921679609,-164.035331819 59.921766351,-164.034524135 59.922267524,-164.033639528 59.922084404,-164.033562606 59.922527746,-164.033831834 59.922865067,-164.034081831 59.923452962,-164.034620288 59.923578249,-164.034927977 59.923404774,-164.034927977 59.92326021,-164.036216426 59.923327674,-164.037562566 59.923443324,-164.038485634 59.923587887,-164.039158704 59.923318036,-164.039889466 59.923337311,-164.040062541 59.923751724,-164.039812544 59.923886648,-164.04002408 59.924223955,-164.039408702 59.924493799,-164.039622312 59.924993891,-164.039083856 59.925061351,-164.039449237 59.925543201,-164.038949242 59.925841944,-164.038314633 59.925774486,-164.038160788 59.925321551,-164.03821848 59.925099899,-164.037853099 59.924974617,-164.03756464 59.92503244,-164.037064645 59.925254092,-164.036314652 59.925254092,-164.036449267 59.925408283,-164.037160798 59.925919038,-164.038026174 59.926237052,-164.038641552 59.926237052,-164.038376194 59.92635515,-164.03539395 59.925690035,-164.034099459 59.925492961,-164.033460407 59.925336944,-164.034148617 59.925123445,-164.033951985 59.924803194,-164.033280161 59.924983849,-164.032804968 59.92458148,-164.032182302 59.924031295,-164.032297004 59.923776729,-164.033181845 59.923858847,-164.033362091 59.923620703,-164.032493635 59.923538584,-164.032821354 59.923284014,-164.032018442 59.92302123,-164.031149986 59.922815928,-164.030134057 59.922832352,-164.030035741 59.922766656,-164.02906897 59.922815928,-164.028397145 59.923070502,-164.027430374 59.922922685,-164.026840479 59.923095138,-164.025677076 59.922602413,-164.024775848 59.922487443,-164.024218726 59.922577777,-164.024267884 59.92314441,-164.022891463 59.923472889,-164.022697497 59.923915528,-164.022550024 59.924334328,-164.021452164 59.924194729,-164.020960586 59.923940164,-164.020354305 59.924055129,-164.019944656 59.923915528,-164.019895498 59.924186517,-164.019616937 59.924137247,-164.019715253 59.923899105,-164.020632866 59.923677385,-164.021124445 59.923513147,-164.020895042 59.923340696,-164.020190446 59.92339818,-164.019551393 59.923628114,-164.018810994 59.924144735,-164.018155555 59.924530685,-164.017532889 59.924933054,-164.01712324 59.925261515,-164.016828293 59.925466802,-164.015812363 59.925787046,-164.014747276 59.926181189,-164.01225661 59.927503174,-164.010404997 59.928644474,-164.009503769 59.929293109,-164.007684927 59.930549289,-164.008045418 59.930532869,-164.009225208 59.930081306,-164.011109593 59.929531212,-164.012486013 59.928677316,-164.014124609 59.927790556,-164.015533802 59.926887349,-164.016566117 59.926534271,-164.017074082 59.926049808,-164.017942538 59.925836314,-164.019024011 59.925261515,-164.019958011 59.924752399,-164.020351274 59.924579955,-164.020498747 59.924793457,-164.020760923 59.924998747,-164.021268888 59.924834515,-164.022104571 59.924793457,-164.02276001 59.924727765,-164.023071343 59.924694918,-164.023333518 59.924391087,-164.023988829 59.924295582,-164.02459511 59.924041017,-164.02520139 59.923835722,-164.025742127 59.924155982,-164.026430337 59.924032805,-164.025987916 59.924353064,-164.026119004 59.924739012,-164.026676126 59.924927878,-164.027249635 59.924985359,-164.027659284 59.924722588,-164.0277576 59.924451604,-164.028003389 59.924213464,-164.028167249 59.924049229,-164.028658827 59.924303793,-164.02921595 59.924574779,-164.029855002 59.924952513,-164.030346581 59.925166013,-164.03075623 59.925322031,-164.030821774 59.925584797,-164.0306743 59.925790081,-164.03092009 59.9260939,-164.031624686 59.925987153,-164.032165423 59.925707968,-164.032919177 59.925420568,-164.033197738 59.925379511,-164.038424859 59.926438772,-164.03894921 59.926208858,-164.039899595 59.926126745,-164.041538191 59.926134956,-164.042392486 59.926193384,-164.042915273 59.925370019,-164.044222241 59.924864762,-164.048180487 59.923423802,-164.049748848 59.922862372,-164.0476577 59.922712656,-164.047545674 59.921739484,-164.047807068 59.921496186,-164.048479236 59.921498567,-164.049020339 59.921287254,-164.049737202 59.921287254,-164.050400965 59.921613269,-164.05125058 59.921759642,-164.05147626 59.922232024,-164.051887792 59.923057013,-164.051868732 59.923594909,-164.052842754 59.924479643,-164.054060282 59.924540658,-164.054516855 59.925105044,-164.054121158 59.92544062,-164.054851675 59.925867712,-164.055034304 59.926310052,-164.05543 59.926599857,-164.055764821 59.926523593,-164.055703944 59.926111762,-164.055521315 59.925882965,-164.055034304 59.925791446,-164.054942989 59.92553214,-164.055216933 59.92539486,-164.055308248 59.92504403,-164.055003866 59.924754211,-164.055551753 59.924647435,-164.055643068 59.92504403,-164.055673506 59.92553214,-164.056221394 59.925882965,-164.056373584 59.926355811,-164.056130079 59.926965924,-164.05561263 59.927652288,-164.055216933 59.927728549,-164.054821237 59.927438754,-164.05409072 59.927286229,-164.053208012 59.926569352,-164.052477496 59.92576094,-164.05223399 59.925333846,-164.051381721 59.924937255,-164.051290406 59.92539486,-164.05223399 59.926325305,-164.052477496 59.926874408,-164.051777417 59.927026934,-164.05189917 59.927454006,-164.05156435 59.927545521,-164.050986024 59.927087945,-164.050559889 59.926676122,-164.050559889 59.926157522,-164.049555429 59.926020244,-164.049098856 59.926157522,-164.048307463 59.926035497,-164.047790014 59.926432076,-164.047881328 59.92672188,-164.048307463 59.927103198,-164.047729137 59.927530268,-164.047333441 59.927835316,-164.047089935 59.928170864,-164.04617679 59.928064099,-164.046055037 59.927286229,-164.045598464 59.927225218,-164.045537587 59.927591278,-164.045537587 59.928186116,-164.045720217 59.928643677,-164.046755115 59.928613173,-164.047911766 59.928902958,-164.047363879 59.929101231,-164.046694239 59.929085979,-164.04632898 59.929497773,-164.047698699 59.929635036,-164.04870316 59.929802802,-164.049555429 59.929955316,-164.050133755 59.930412852,-164.049220609 59.93038235,-164.048916227 59.930809378,-164.048764036 59.93144991,-164.047881328 59.931663418,-164.047089935 59.931831174,-164.045811531 59.931876925,-164.044776633 59.931998928,-164.043650419 59.932136181,-164.042432892 59.932502187,-164.041550184 59.932517437,-164.040910982 59.932700438,-164.039054252 59.932334435,-164.038232421 59.932456436,-164.038049792 59.932105681,-164.037349713 59.931876925,-164.036832264 59.931739671,-164.036740949 59.93205993,-164.037441028 59.932502187,-164.038049792 59.932822438,-164.038597679 59.933157936,-164.038232421 59.933600179,-164.037380151 59.933828922,-164.036954017 59.933966168,-164.036923578 59.9344084,-164.037319275 59.934606639,-164.036923578 59.934942119,-164.036071309 59.935018364,-164.035371231 59.934942119,-164.035254509 59.935167343))",100,,yes,
1,52,795655765,-163.9988278914405,59.92515162567219,mrm0065@uah.edu,false,2026-01-09 16:19,10.0 secs,,,"POLYGON((-163.998533261 59.925750217,-163.999698529 59.925517932,-163.999498954 59.925266288,-163.999640588 59.924856551,-163.998674893 59.924517792,-163.997876577 59.92508239,-163.998533261 59.925750217))",100,,yes,
1,31,795655766,-164.04179863559384,59.956817571808514,mrm0065@uah.edu,false,2026-01-09 16:19,10.0 secs,,,"POLYGON((-164.043260729 59.956456225,-164.041957235 59.956646881,-164.041034152 59.956643562,-164.040435635 59.956593693,-164.039259099 59.95680067,-164.039718231 59.957071583,-164.04082494 59.957020581,-164.041777791 59.957076813,-164.042834335 59.957056289,-164.043771021 59.9569358,-164.0441077 59.956725962,-164.043990184 59.956608293,-164.043596639 59.956611029,-164.043260729 59.956456225))",100,,yes,
1,52,795655895,-163.99926157050945,59.93135113243188,mrm0065@uah.edu,false,2026-01-09 16:19,10.0 secs,,,"POLYGON((-163.999846021 59.930886997,-163.999409187 59.930787509,-163.998787029 59.930807407,-163.998667893 59.931032912,-163.998231058 59.93154361,-163.998363432 59.931702787,-163.998866454 59.93182217,-163.999223863 59.931868596,-163.99975336 59.931848699,-164.00005782 59.931669626,-164.000150482 59.931410962,-164.000071057 59.931059442,-163.999846021 59.930886997))",100,,yes,
1,29,795655902,-164.0633252275935,59.93164402510303,mrm0065@uah.edu,false,2026-01-09 16:19,10.0 secs,,,"POLYGON((-164.064081016 59.931451125,-164.063711194 59.931644139,-164.063295144 59.931690463,-164.063125642 59.931759947,-164.063279734 59.931922078,-164.063125642 59.932084208,-164.062832866 59.931929798,-164.062524681 59.931821712,-164.063819059 59.93125811,-164.064065607 59.931296713,-164.063911514 59.931397081,-164.064081016 59.931451125))",100,,yes,
1,36,795655767,-164.0460316377851,59.954057875649816,mrm0065@uah.edu,false,2026-01-09 16:19,10.0 secs,,,"POLYGON((-164.046482616 59.953743827,-164.045464353 59.954135929,-164.045934414 59.954270027,-164.046224105 59.954220767,-164.046482616 59.953743827))",100,,yes,
1,48,795655768,-163.99900350257462,59.92685710011294,mrm0065@uah.edu,false,2026-01-09 16:19,10.0 secs,,,"POLYGON((-163.999215128 59.926777245,-163.998564899 59.926577228,-163.997979048 59.926744985,-163.998564899 59.927086948,-163.999556345 59.927154694,-163.999903991 59.926641748,-163.999273071 59.926593357,-163.999215128 59.926777245))",100,,yes,
1,7,795655769,-164.05265540115232,59.95455571401054,mrm0065@uah.edu,false,2026-01-09 16:19,10.0 secs,,,"POLYGON((-164.052717456 59.95476221,-164.052260978 59.954495566,-164.052489218 59.954314628,-164.052888636 59.954457474,-164.052945696 59.95466698,-164.052907656 59.954838394,-164.052717456 59.95476221))",100,,yes,
1,120,795655770,-164.07881876750577,59.94470325645112,mrm0065@uah.edu,false,2026-01-09 16:19,10.0 secs,,,"POLYGON((-164.079804216 59.94469093,-164.079547804 59.944924837,-164.079529488 59.944993633,-164.079089925 59.945085361,-164.078714465 59.94514957,-164.078311532 59.945126638,-164.077908598 59.94498446,-164.077496508 59.944860628,-164.077661344 59.944663411,-164.077963544 59.944553336,-164.078558786 59.944778072,-164.078595416 59.94493401,-164.078815198 59.944901905,-164.078915931 59.94475514,-164.078677834 59.944622133,-164.078458053 59.944493712,-164.078668677 59.944278148,-164.079016664 59.944158899,-164.079666852 59.944333186,-164.079868318 59.944489126,-164.079584434 59.944567096,-164.079804216 59.94469093))",100,,yes,
1,49,795655771,-163.99871419622679,59.92769439971632,mrm0065@uah.edu,false,2026-01-09 16:19,10.0 secs,,,"POLYGON((-163.9994636 59.927832275,-163.998703923 59.927432249,-163.998105193 59.927487091,-163.99829189 59.92780969,-163.99884555 59.927948406,-163.9994636 59.927832275))",100,,yes,
1,33,795655772,-164.04214971156287,59.95746427371019,mrm0065@uah.edu,false,2026-01-09 16:19,10.0 secs,,,"POLYGON((-164.042166503 59.957310121,-164.041923274 59.957397687,-164.041548858 59.9573799,-164.041529727 59.957570083,-164.042181467 59.957582666,-164.042651857 59.957572713,-164.04276664 59.957457782,-164.042504277 59.957320959,-164.042166503 59.957310121))",100,,yes,
1,121,795655773,-164.0750241905818,59.94489299488627,mrm0065@uah.edu,false,2026-01-09 16:19,10.0 secs,,,"POLYGON((-164.074849464 59.945134567,-164.074702943 59.944886902,-164.074483161 59.944749309,-164.074995985 59.94465758,-164.075435548 59.944804346,-164.075417233 59.945015321,-164.075197452 59.945125394,-164.074849464 59.945134567))",100,,yes,
1,88,795655903,-163.9982878396906,59.938263530219565,mrm0065@uah.edu,false,2026-01-09 16:19,10.0 secs,,,"POLYGON((-163.996996918 59.937343824,-163.997531602 59.937204543,-163.998066287 59.937054546,-163.998558197 59.937258113,-163.998707908 59.937675955,-163.998173224 59.937611672,-163.998087674 59.937783093,-163.998322936 59.937933086,-163.998750683 59.937986654,-163.99934953 59.938211642,-163.999627564 59.938468769,-163.999926989 59.938725894,-163.999648953 59.938950876,-163.999092881 59.938768748,-163.999092881 59.93902587,-163.99926398 59.93931513,-163.998985944 59.939582962,-163.998814845 59.939465116,-163.998879007 59.939229424,-163.998494034 59.938940163,-163.998280161 59.93925085,-163.997895188 59.939133004,-163.997677581 59.939097301,-163.996996918 59.937343824))",100,,yes,
1,50,795655774,-164.00050238857804,59.927982813288345,mrm0065@uah.edu,false,2026-01-09 16:19,10.0 secs,,,"POLYGON((-164.000839066 59.92818753,-164.000349786 59.928239144,-164.000085832 59.927977843,-164.000169525 59.927790737,-164.000594426 59.927710088,-164.000916321 59.927964939,-164.000839066 59.92818753))",100,,yes,
1,8,795655775,-164.05290427880283,59.95576677670969,mrm0065@uah.edu,false,2026-01-09 16:19,10.0 secs,,,"POLYGON((-164.053116875 59.955185979,-164.053211974 59.95567164,-164.053173935 59.956043024,-164.053135895 59.956376312,-164.052850596 59.956414402,-164.052622357 59.95625252,-164.052622357 59.955862094,-164.052641377 59.95546214,-164.052622357 59.955219309,-164.052907656 59.955105035,-164.053116875 59.955185979))",100,,yes,
1,51,795655776,-163.9996229370875,59.92885393226605,mrm0065@uah.edu,false,2026-01-09 16:19,10.0 secs,,,"POLYGON((-164.000108196 59.928366994,-163.999464402 59.928673456,-163.99910388 59.929050883,-163.998260514 59.929221853,-163.998595285 59.929328305,-163.999232635 59.929167014,-164.000262702 59.928908946,-164.000417211 59.928492807,-164.000108196 59.928366994))",100,,yes,
1,34,795655777,-164.04346130496876,59.95581462300027,mrm0065@uah.edu,false,2026-01-09 16:19,10.0 secs,,,"POLYGON((-164.044695618 59.956009595,-164.044599698 59.955519573,-164.04370971 59.955317064,-164.04162847 59.956070005,-164.042759921 59.956157574,-164.044017343 59.95611379,-164.044695618 59.956009595))",100,,yes,
1,96,795655778,-164.00689678375034,59.9327008493454,mrm0065@uah.edu,false,2026-01-09 16:19,10.0 secs,,,"POLYGON((-164.007566394 59.932573957,-164.007115995 59.932431876,-164.006682276 59.932431876,-164.006382009 59.932498738,-164.006015018 59.932716038,-164.006465418 59.932916622,-164.006932498 59.933000198,-164.007299491 59.932916622,-164.007683164 59.9327829,-164.007716527 59.932649177,-164.007566394 59.932573957))",100,,yes,
1,118,795655779,-164.04400022961383,59.94775023408539,mrm0065@uah.edu,false,2026-01-09 16:19,10.0 secs,,,"POLYGON((-164.044129059 59.948221574,-164.043836017 59.947854696,-164.043264488 59.94747676,-164.043411009 59.947256628,-164.04416193 59.947495104,-164.044546548 59.947797782,-164.044491603 59.948201348,-164.044345082 59.948311411,-164.044129059 59.948221574))",100,,yes,
1,97,795655780,-164.00757591208043,59.93331907418666,mrm0065@uah.edu,false,2026-01-09 16:19,10.0 secs,,,"POLYGON((-164.007382898 59.933158993,-164.007166039 59.933342859,-164.006865773 59.933660444,-164.007199402 59.933760733,-164.007666483 59.933735661,-164.007766572 59.933593584,-164.007533031 59.933510009,-164.007432942 59.933367932,-164.00774989 59.933284356,-164.008300378 59.93316735,-164.008400467 59.933033629,-164.007966749 59.932908264,-164.007499668 59.932991841,-164.007299491 59.933033629,-164.007382898 59.933158993))",100,,yes,
1,34,795655781,-164.0659340313078,59.95228652810535,mrm0065@uah.edu,false,2026-01-09 16:19,10.0 secs,,,"POLYGON((-164.066913161 59.952037827,-164.064814893 59.952223296,-164.064656106 59.952007488,-164.063761409 59.952095794,-164.062496339 59.952843491,-164.063750305 59.952630528,-164.068107625 59.952432248,-164.068362817 59.952174344,-164.069605932 59.951997621,-164.068555774 59.951904637,-164.068425343 59.951694506,-164.067892273 59.951907476,-164.066913161 59.952037827))",100,,yes,
1,38,795655782,-164.06875067999073,59.955960399852266,mrm0065@uah.edu,false,2026-01-09 16:19,10.0 secs,,,"POLYGON((-164.068171305 59.955856723,-164.066920567 59.956206804,-164.066762994 59.95640403,-164.069868154 59.956157497,-164.070015879 59.955541145,-164.069612098 59.955018468,-164.069493918 59.955664405,-164.068171305 59.955856723))",100,,yes,
1,4,795655783,-164.08308952969557,59.94803654324455,mrm0065@uah.edu,false,2026-01-09 16:19,10.0 secs,,,"POLYGON((-164.08368298 59.948412583,-164.082579349 59.948072473,-164.081857744 59.947870531,-164.082260994 59.947721731,-164.082727914 59.947721731,-164.083364624 59.947870531,-164.083789098 59.948061844,-164.084256019 59.948316927,-164.08368298 59.948412583))",100,,yes,
1,48,795655784,-164.06357263343872,59.94837472038875,mrm0065@uah.edu,false,2026-01-09 16:19,10.0 secs,,,"POLYGON((-164.064078439 59.948497806,-164.063319012 59.948500695,-164.0631165 59.948223658,-164.063809471 59.948265029,-164.064078439 59.948497806))",100,,yes,
1,45,795655785,-164.06078842107755,59.948305022201275,mrm0065@uah.edu,false,2026-01-09 16:19,10.0 secs,,,"POLYGON((-164.06161761 59.948379087,-164.061178006 59.948223255,-164.060407464 59.948166364,-164.060116045 59.948408772,-164.06161761 59.948379087))",100,,yes,
1,49,795655786,-164.06569625418393,59.94886551000759,mrm0065@uah.edu,false,2026-01-09 16:19,10.0 secs,,,"POLYGON((-164.066490129 59.949222316,-164.065166947 59.948899112,-164.065078039 59.948555297,-164.065952301 59.948721021,-164.066490129 59.949222316))",100,,yes,
1,50,795655787,-164.06503824366666,59.949112322666664,mrm0065@uah.edu,false,2026-01-09 16:19,10.0 secs,,,"POLYGON((-164.066272347 59.949512281,-164.064211269 59.948927184,-164.064631115 59.948897503,-164.066272347 59.949512281))",100,,yes,
1,47,795655788,-164.06415558860456,59.949275142742174,mrm0065@uah.edu,false,2026-01-09 16:19,10.0 secs,,,"POLYGON((-164.064727201 59.949568348,-164.063373504 59.949225605,-164.063526623 59.949022782,-164.06435149 59.949126667,-164.06490964 59.949381432,-164.064727201 59.949568348))",100,,yes,
1,46,795655789,-164.0612333097841,59.94956927483704,mrm0065@uah.edu,false,2026-01-09 16:19,10.0 secs,,,"POLYGON((-164.062030206 59.94971502,-164.061664207 59.949365532,-164.060138014 59.949437789,-164.060858293 59.949680184,-164.06150535 59.949822659,-164.062030206 59.94971502))",100,,yes,
1,114,795655790,-164.0911311159641,59.949971830257645,mrm0065@uah.edu,false,2026-01-09 16:19,10.0 secs,,,"POLYGON((-164.091552931 59.950428203,-164.091109117 59.950286777,-164.09085695 59.950170606,-164.090836776 59.949943313,-164.090655216 59.949817038,-164.090564436 59.949700865,-164.09088721 59.949645304,-164.091119204 59.949579641,-164.091280591 59.949544283,-164.091391544 59.949620049,-164.091230157 59.949685712,-164.091351198 59.949847344,-164.091421804 59.950019077,-164.09159292 59.950256293,-164.091603007 59.950357311,-164.091552931 59.950428203))",100,,yes,
1,41,795655791,-164.06511370340334,59.95095116178427,mrm0065@uah.edu,false,2026-01-09 16:19,10.0 secs,,,"POLYGON((-164.066090513 59.951230589,-164.066124539 59.950935263,-164.065546094 59.95060586,-164.065064057 59.950776243,-164.064519638 59.95060018,-164.064134008 59.950634257,-164.064173704 59.950955143,-164.06429382 59.951251061,-164.064917627 59.951084021,-164.065079526 59.951281799,-164.066090513 59.951230589))",100,,yes,
1,11,795655792,-164.08662982564195,59.94640737407162,mrm0065@uah.edu,false,2026-01-09 16:19,10.0 secs,,,"POLYGON((-164.086908977 59.94697772,-164.08599636 59.946733256,-164.085699228 59.946499419,-164.085614333 59.946201806,-164.086017583 59.945936078,-164.086590622 59.945840415,-164.086993872 59.945893561,-164.087354674 59.946095515,-164.087482016 59.946308097,-164.087354674 59.946478161,-164.087418345 59.946733256,-164.087588135 59.946871432,-164.08750324 59.94697772,-164.086908977 59.94697772))",100,,yes,
1,96,795655793,-164.0841559189852,59.946265420510514,mrm0065@uah.edu,false,2026-01-09 16:19,10.0 secs,,,"POLYGON((-164.083190655 59.945983316,-164.083453478 59.946180754,-164.083278262 59.946341629,-164.083541085 59.946517128,-164.08394992 59.946670689,-164.084329553 59.946758437,-164.08451937 59.946612189,-164.084855199 59.94655369,-164.084840598 59.946480566,-164.085015813 59.946319692,-164.084928205 59.946151504,-164.084767591 59.945946753,-164.084431762 59.945727376,-164.084344155 59.945829752,-164.084621579 59.946071066,-164.08440256 59.946056441,-164.084198142 59.945895565,-164.08416894 59.945771251,-164.083847712 59.94585169,-164.084022927 59.946144192,-164.083789307 59.946093004,-164.083614091 59.945932128,-164.083336667 59.945932128,-164.083190655 59.945983316))",100,,yes,
1,97,795655794,-164.0753069838015,59.945934320285694,mrm0065@uah.edu,false,2026-01-09 16:19,10.0 secs,,,"POLYGON((-164.076036034 59.945720063,-164.075919224 59.945398307,-164.075568794 59.945178926,-164.075232965 59.945215489,-164.074751123 59.945295929,-164.074634313 59.945522622,-164.074780326 59.945676187,-164.074376357 59.945800502,-164.074668383 59.945939441,-164.074478566 59.946034504,-164.074113534 59.945997941,-164.073909117 59.945997941,-164.073514883 59.946122254,-164.073573288 59.946202692,-164.073879914 59.946231942,-164.074186541 59.946341629,-164.074712186 59.946202692,-164.075150224 59.946085692,-164.075354642 59.946093004,-164.075296237 59.946217317,-164.074960408 59.946246567,-164.074770592 59.946319692,-164.075106421 59.946480566,-164.075267034 59.946656064,-164.075661269 59.946656064,-164.076113908 59.946436691,-164.076172313 59.946217317,-164.076405933 59.946056441,-164.076624952 59.945954066,-164.076449737 59.945822439,-164.076201516 59.94565425,-164.076036034 59.945720063))",100,,yes,
1,19,795655904,-164.04886980571501,59.93381533688953,mrm0065@uah.edu,false,2026-01-09 16:19,10.0 secs,,,"POLYGON((-164.051604966 59.934980612,-164.050602835 59.93473399,-164.050092979 59.934848494,-164.049776517 59.935015844,-164.049178754 59.934681142,-164.04896778 59.9341967,-164.048334855 59.934161468,-164.047965649 59.934214317,-164.047209655 59.933765101,-164.046910774 59.93346562,-164.046260268 59.933130903,-164.046471243 59.932875459,-164.047069005 59.93275214,-164.047684349 59.932840225,-164.048071136 59.932681672,-164.048616155 59.932769757,-164.048352436 59.933157328,-164.049134214 59.93347384,-164.050083601 59.933500265,-164.050646201 59.933782129,-164.051068151 59.933914252,-164.050945082 59.934055182,-164.050013276 59.93382617,-164.049573745 59.933738088,-164.049239702 59.933896635,-164.049661651 59.934213728,-164.049890208 59.93461009,-164.050593457 59.93447797,-164.051243963 59.934407506,-164.051964794 59.934618898,-164.052175769 59.934821481,-164.051964794 59.935024063,-164.051604966 59.934980612))",100,,yes,
1,119,795655795,-164.07769288873368,59.94531457249482,mrm0065@uah.edu,false,2026-01-09 16:19,10.0 secs,,,"POLYGON((-164.078720085 59.945283555,-164.077969164 59.945567908,-164.077540464 59.945747628,-164.077045955 59.945591694,-164.077265737 59.945426586,-164.076917749 59.94516975,-164.077192476 59.944931258,-164.077540464 59.944949604,-164.078254755 59.945197269,-164.078877469 59.945188096,-164.078720085 59.945283555))",100,,yes,
1,67,795655905,-164.06277129237665,59.930587505666665,mrm0065@uah.edu,false,2026-01-09 16:19,10.0 secs,,,"POLYGON((-164.062943657 59.929690235,-164.061037098 59.930602984,-164.062642622 59.931469298,-164.064479711 59.930602984,-164.062943657 59.929690235))",100,,yes,
1,98,795655796,-164.07018472661338,59.93874882137439,mrm0065@uah.edu,false,2026-01-09 16:19,10.0 secs,,,"POLYGON((-164.070453501 59.938463027,-164.070144139 59.938403991,-164.069797949 59.938499924,-164.069650633 59.938632754,-164.069444392 59.938743446,-164.069356003 59.938780342,-164.069540147 59.938872585,-164.069672731 59.938780342,-164.069901069 59.939049689,-164.070217797 59.939134551,-164.070505062 59.938953758,-164.071094323 59.938754515,-164.070748132 59.938747135,-164.070814424 59.938654893,-164.070453501 59.938463027))",100,,yes,
1,111,795655797,-164.07837407949998,59.93889565399999,mrm0065@uah.edu,false,2026-01-09 16:19,10.0 secs,,,"POLYGON((-164.078040231 59.93894711,-164.078605206 59.938985702,-164.078707928 59.938844198,-164.078142953 59.938805606,-164.078040231 59.93894711))",100,,yes,
1,106,795655906,-164.07362468630285,59.93059200565016,mrm0065@uah.edu,false,2026-01-09 16:19,10.0 secs,,,"POLYGON((-164.073683185 59.929910685,-164.07350291 59.930058063,-164.073635744 59.930305276,-164.073797043 59.930443144,-164.073645232 59.930576257,-164.073483934 59.930647567,-164.073313147 59.93073314,-164.073284682 59.930880514,-164.073284682 59.931008871,-164.073104407 59.930985101,-164.072952596 59.93110395,-164.0731898 59.93112772,-164.072886179 59.931141982,-164.072867203 59.931275093,-164.073085431 59.93119903,-164.073351099 59.93133214,-164.073445981 59.931132474,-164.073550351 59.930961331,-164.07386346 59.930837728,-164.073816019 59.93070937,-164.0740722 59.930595273,-164.073977318 59.93048593,-164.073986806 59.930338554,-164.074005783 59.930219702,-164.073872948 59.930167407,-164.073977318 59.930110358,-164.074081688 59.930186424,-164.074205034 59.930186424,-164.074261963 59.930115112,-164.074091176 59.93002003,-164.073910901 59.929910685,-164.073683185 59.929910685))",100,,yes,
1,44,795655907,-163.99576242383532,59.93219068266736,mrm0065@uah.edu,false,2026-01-09 16:19,10.0 secs,,,"POLYGON((-163.995353202 59.932716402,-163.996087122 59.932648667,-163.996718036 59.932032585,-163.996267383 59.931771314,-163.995138652 59.931816668,-163.994868958 59.931929614,-163.995353202 59.932716402))",100,,yes,
1,104,795655798,-164.09120065729024,59.946879443609134,mrm0065@uah.edu,false,2026-01-09 16:19,10.0 secs,,,"POLYGON((-164.091038203 59.946222757,-164.091155104 59.946384455,-164.091143971 59.946599121,-164.090865634 59.946646515,-164.0908211 59.946727362,-164.090637397 59.946682757,-164.090487095 59.946766392,-164.090559462 59.946880694,-164.090314526 59.946872331,-164.090320092 59.947008935,-164.09058173 59.946983844,-164.090770999 59.947000571,-164.090932435 59.947089782,-164.090654097 59.947162265,-164.090865634 59.947257051,-164.090999236 59.947128811,-164.091155104 59.947176204,-164.091294273 59.947151114,-164.091372208 59.94727099,-164.091628278 59.947390865,-164.091606011 59.947494014,-164.091767447 59.947432682,-164.091901049 59.947357412,-164.091828681 59.947165053,-164.091728676 59.947054132,-164.091539407 59.946942619,-164.091472606 59.946786499,-164.091422505 59.946680561,-164.091661876 59.94665547,-164.091622908 59.946513289,-164.091355704 59.946418501,-164.091188702 59.946284682,-164.091361271 59.946226137,-164.091249936 59.946164803,-164.091094067 59.946103469,-164.091038203 59.946222757))",100,,yes,
1,129,795655896,-164.04587974565675,59.922696670118675,mrm0065@uah.edu,false,2026-01-09 16:19,10.0 secs,,,"POLYGON((-164.04678518 59.923540608,-164.046811836 59.92328011,-164.046425324 59.923139841,-164.046278716 59.923226674,-164.045958843 59.923219994,-164.045825563 59.923039648,-164.045585659 59.923066366,-164.045345754 59.922886019,-164.045598987 59.92271903,-164.045452379 59.9225654,-164.045079194 59.922712351,-164.04490593 59.922625516,-164.044825962 59.922465206,-164.044359481 59.922318254,-164.044172889 59.922218059,-164.044386137 59.922111184,-164.044652698 59.922164622,-164.044892602 59.922077786,-164.04503921 59.922031028,-164.04490593 59.921897433,-164.044519418 59.921910793,-164.044252857 59.921783878,-164.044546074 59.92169704,-164.044759322 59.921803917,-164.045092522 59.92172376,-164.045159162 59.921930832,-164.045678955 59.922224739,-164.04618542 59.922578759,-164.04678518 59.922892699,-164.047491565 59.923133161,-164.047584861 59.923373622,-164.047384941 59.923547287,-164.046971772 59.923587363,-164.04678518 59.923540608))",100,,yes,
1,42,795655799,-164.0621527062453,59.94684124468193,mrm0065@uah.edu,false,2026-01-09 16:19,10.0 secs,,,"POLYGON((-164.062995127 59.947014342,-164.06127476 59.946978596,-164.061941568 59.9465655,-164.062751617 59.946770812,-164.062995127 59.947014342))",100,,yes,
1,3,795655800,-164.08653719064787,59.9487427749835,mrm0065@uah.edu,false,2026-01-09 16:19,10.0 secs,,,"POLYGON((-164.091413022 59.948731536,-164.090436289 59.949023816,-164.089352353 59.949280304,-164.088113569 59.949435389,-164.086648469 59.949495037,-164.085266749 59.949447319,-164.084861762 59.949489072,-164.084575889 59.949214691,-164.084337661 59.948940308,-164.084432952 59.948296094,-164.08455315 59.947934302,-164.084425808 59.94757293,-164.08455315 59.947254069,-164.0849564 59.94724344,-164.085295978 59.947859902,-164.085168636 59.948274413,-164.084871505 59.948784574,-164.084850281 59.949114048,-164.085890241 59.94927347,-164.087206109 59.949294726,-164.089137463 59.949092792,-164.090262317 59.948827087,-164.091153711 59.948635778,-164.091599408 59.94862515,-164.091413022 59.948731536))",100,,yes,
1,38,795655897,-164.07334947730962,59.91556026657298,mrm0065@uah.edu,false,2026-01-09 16:19,10.0 secs,,,"POLYGON((-164.07346343 59.914848909,-164.07272555 59.914714984,-164.07235661 59.914734116,-164.072064002 59.914906306,-164.07272555 59.915052986,-164.072585607 59.915212419,-164.072127613 59.915320834,-164.071822283 59.915486643,-164.072254833 59.915907541,-164.072343888 59.916060594,-164.072827327 59.915996822,-164.073412542 59.915767243,-164.073590651 59.915984068,-164.073539763 59.916309302,-164.07339982 59.916532501,-164.073972313 59.916487861,-164.074366697 59.91627104,-164.0741377 59.91597769,-164.074290365 59.915990445,-164.074557528 59.916220022,-164.074850136 59.916117988,-164.074722915 59.915958559,-164.074710193 59.915709848,-164.074621139 59.915601434,-164.074150422 59.915665207,-164.074277643 59.91535272,-164.074252199 59.91518691,-164.073985035 59.915001967,-164.07346343 59.914848909))",100,,yes,
1,43,795655801,-164.0613209578105,59.94728278911972,mrm0065@uah.edu,false,2026-01-09 16:19,10.0 secs,,,"POLYGON((-164.061996515 59.947434832,-164.060482782 59.947346492,-164.060660597 59.947188182,-164.061881788 59.947140565,-164.061996515 59.947434832))",100,,yes,
1,44,795655802,-164.06150844466669,59.947932394000006,mrm0065@uah.edu,false,2026-01-09 16:19,10.0 secs,,,"POLYGON((-164.062521735 59.948073888,-164.060883256 59.947699629,-164.061120343 59.948023665,-164.062521735 59.948073888))",100,,yes,
1,70,795655803,-164.0873173751902,59.94754068559375,mrm0065@uah.edu,false,2026-01-09 16:19,10.0 secs,,,"POLYGON((-164.08819842 59.947261924,-164.087575334 59.947288368,-164.08712122 59.947177303,-164.086762153 59.947150859,-164.08659318 59.947267213,-164.086487572 59.947399433,-164.086645984 59.947637428,-164.086899443 59.947748491,-164.086910004 59.947912442,-164.087100098 59.948002349,-164.087469726 59.947949462,-164.087575334 59.947928308,-164.087892157 59.947748491,-164.088135056 59.947536941,-164.08819842 59.947261924))",100,,yes,
1,69,795655804,-164.0897516665561,59.947425276962704,mrm0065@uah.edu,false,2026-01-09 16:19,10.0 secs,,,"POLYGON((-164.088483562 59.947304234,-164.088705338 59.947605695,-164.089159452 59.947864843,-164.089708614 59.948187453,-164.089740296 59.947891287,-164.089898708 59.947653294,-164.090236653 59.947621561,-164.090426747 59.947695604,-164.091377218 59.947600406,-164.091239928 59.947362411,-164.090912544 59.947309523,-164.090405626 59.947272502,-164.090395065 59.947087393,-164.089940951 59.946886416,-164.089581884 59.946844105,-164.089539641 59.947108548,-164.089212256 59.946997482,-164.088789825 59.947013349,-164.088641974 59.947060948,-164.088895432 59.947198458,-164.088483562 59.947304234))",100,,yes,
1,99,795655805,-164.03176760446277,59.945420201857004,mrm0065@uah.edu,false,2026-01-09 16:19,10.0 secs,,,"POLYGON((-164.031157959 59.945291755,-164.030715674 59.945318768,-164.030079216 59.945275547,-164.029928192 59.945448431,-164.030359688 59.945723963,-164.030553862 59.945940065,-164.030435201 59.946107542,-164.030036065 59.946064323,-164.02972323 59.945810404,-164.029270158 59.945599704,-164.029949766 59.945081051,-164.030381264 59.945010817,-164.030931423 59.944832528,-164.031427644 59.944918971,-164.031859142 59.945010817,-164.032333789 59.945048635,-164.033013398 59.945059441,-164.033649856 59.945162091,-164.033833242 59.945464639,-164.033369383 59.945615911,-164.033736156 59.94574017,-164.033919542 59.945945467,-164.033746943 59.946048115,-164.033358595 59.946053518,-164.032937885 59.945821209,-164.032549538 59.945821209,-164.032301427 59.945605106,-164.032031741 59.945432223,-164.031751267 59.945437626,-164.03165418 59.945594301,-164.031481582 59.94557269,-164.031157959 59.945291755))",100,,yes,
1,122,795655806,-164.03833183259903,59.937907531966125,mrm0065@uah.edu,false,2026-01-09 16:19,10.0 secs,,,"POLYGON((-164.038098536 59.937772622,-164.038081185 59.937900103,-164.038202644 59.937995714,-164.038422427 59.938015996,-164.038700048 59.937908795,-164.038474481 59.937865336,-164.038341454 59.937813184,-164.038173725 59.937807389,-164.038098536 59.937772622))",100,,yes,
1,98,795655807,-164.03434868810854,59.938282027529254,mrm0065@uah.edu,false,2026-01-09 16:19,10.0 secs,,,"POLYGON((-164.034669881 59.938474776,-164.034223063 59.938264516,-164.033789784 59.938135646,-164.033586685 59.937999993,-164.034155363 59.938088168,-164.034548021 59.93822382,-164.03479174 59.938420515,-164.03487298 59.938576514,-164.03476466 59.938664687,-164.034629261 59.938596862,-164.034669881 59.938474776))",100,,yes,
1,67,795655808,-164.00904637969032,59.942654964716056,mrm0065@uah.edu,false,2026-01-09 16:19,10.0 secs,,,"POLYGON((-164.009733611 59.941062667,-164.00907776 59.941080425,-164.008475087 59.941249118,-164.008989132 59.941462203,-164.00817375 59.941453325,-164.008351007 59.941737437,-164.007801511 59.941932762,-164.007287466 59.942065938,-164.006897501 59.942003789,-164.006631616 59.942412192,-164.006844324 59.942643026,-164.007340643 59.942749564,-164.007464723 59.943113567,-164.006950678 59.943388787,-164.007074758 59.943548591,-164.007996494 59.943379909,-164.008368733 59.943513079,-164.009042309 59.943717271,-164.008900504 59.944010241,-164.009308194 59.943885952,-164.009804514 59.943921463,-164.010336284 59.943806051,-164.010265381 59.943459811,-164.010921231 59.943397665,-164.011311197 59.943157958,-164.011328923 59.943450933,-164.010992135 59.943646248,-164.011559356 59.943442055,-164.011718887 59.943264494,-164.011736613 59.943042543,-164.0113821 59.942705173,-164.010584444 59.94247434,-164.010212204 59.942847224,-164.010424913 59.943131324,-164.009609531 59.942731808,-164.008740972 59.942429948,-164.008351007 59.942216869,-164.00932592 59.942012667,-164.010088125 59.941852856,-164.010283107 59.941444446,-164.009839965 59.941222483,-164.009733611 59.941062667))",100,,yes,
1,105,795655838,-164.0842137308084,59.937898286465845,mrm0065@uah.edu,false,2026-01-09 16:19,10.0 secs,,,"POLYGON((-164.08518072 59.93751274,-164.084769829 59.937532037,-164.084294736 59.937422688,-164.084012249 59.937422688,-164.083845324 59.937493443,-164.083986568 59.937557766,-164.084140652 59.937551334,-164.084140652 59.937673547,-164.084192014 59.937847217,-164.08406361 59.937982294,-164.083948047 59.938078777,-164.08403793 59.938143099,-164.084294736 59.938072345,-164.084538703 59.938162395,-164.08482119 59.938033752,-164.085000955 59.937827921,-164.085270602 59.937763598,-164.085411846 59.937628521,-164.085476048 59.937499875,-164.085861258 59.937487011,-164.0859383 59.937782895,-164.085899779 59.937956565,-164.085527409 59.938078777,-164.085206401 59.938278174,-164.08518072 59.938406817,-164.084923913 59.938522595,-164.084615745 59.938606212,-164.084294736 59.938529027,-164.084102131 59.938458274,-164.083973728 59.938464706,-164.08405077 59.938580484,-164.083832484 59.93863194,-164.08331887 59.938323199,-164.082741055 59.937995158,-164.082625492 59.937847217,-164.082625492 59.937750734,-164.08293366 59.937583495,-164.083408753 59.937396958,-164.083793963 59.937261879,-164.084179173 59.937178259,-164.08444882 59.937107503,-164.084769829 59.937152529,-164.084962434 59.937287609,-164.08518072 59.93751274))",100,,yes,
1,97,795655839,-164.0602217609219,59.92585195145409,mrm0065@uah.edu,false,2026-01-09 16:19,10.0 secs,,,"POLYGON((-164.059932307 59.925257754,-164.059756922 59.925565369,-164.059818307 59.92576312,-164.059888461 59.925947687,-164.059625384 59.926044364,-164.059713076 59.926255296,-164.059967384 59.92643107,-164.060300615 59.926404704,-164.060642615 59.926365155,-164.060879384 59.926123464,-164.060932 59.925978448,-164.060677692 59.925868587,-164.06023923 59.925767515,-164.060283076 59.925688415,-164.060625076 59.92560492,-164.06046723 59.92547748,-164.060440922 59.925328067,-164.060484769 59.925169864,-164.060256769 59.925086368,-164.060055076 59.925134708,-164.059932307 59.925257754))",100,,yes,
1,96,795655840,-164.05982890476278,59.926825991212,mrm0065@uah.edu,false,2026-01-09 16:19,10.0 secs,,,"POLYGON((-164.059965171 59.926593536,-164.059360339 59.926593536,-164.059486346 59.92677665,-164.059486346 59.926934507,-164.059650154 59.927010278,-164.059662755 59.927212332,-164.059914768 59.927155505,-164.059851765 59.92702922,-164.060355792 59.92686505,-164.060154181 59.926757707,-164.060355792 59.926700879,-164.059965171 59.926593536))",100,,yes,
1,96,795655841,-164.05740747703194,59.92716117533345,mrm0065@uah.edu,false,2026-01-09 16:19,10.0 secs,,,"POLYGON((-164.058322092 59.926998341,-164.057671213 59.926969979,-164.057652347 59.926738359,-164.057322191 59.926851806,-164.056897704 59.926880168,-164.05660528 59.92710706,-164.056841106 59.927315043,-164.056935436 59.927494664,-164.057171262 59.927593928,-164.057510851 59.927442668,-164.058001369 59.927296135,-164.058293793 59.927267774,-164.058227762 59.927121241,-164.058322092 59.926998341))",100,,yes,
1,25,795655842,-164.03372135862384,59.92755269492688,mrm0065@uah.edu,false,2026-01-09 16:19,10.0 secs,,,"POLYGON((-164.035779208 59.927024883,-164.03572752 59.927640027,-164.03566291 59.927911982,-164.034926354 59.927853706,-164.03457746 59.927905507,-164.034215643 59.927924932,-164.03400889 59.92843646,-164.033582463 59.92838466,-164.03311727 59.92826811,-164.032832986 59.928106234,-164.032729609 59.927957307,-164.032962206 59.927886081,-164.032380714 59.927860181,-164.03216104 59.928022058,-164.031980132 59.927989683,-164.03203182 59.927827806,-164.031708769 59.927730679,-164.031734613 59.927478148,-164.031812145 59.927031358,-164.035779208 59.927024883))",100,,yes,
1,114,795655843,-164.06345903979948,59.92469018826695,mrm0065@uah.edu,false,2026-01-09 16:19,10.0 secs,,,"POLYGON((-164.065744061 59.924555971,-164.065723552 59.924812921,-164.065436422 59.924987645,-164.064841652 59.925080146,-164.064780124 59.92557348,-164.064349429 59.92557348,-164.063795678 59.925727645,-164.063364983 59.925830422,-164.06285225 59.925789311,-164.062236971 59.925779034,-164.06227799 59.925542647,-164.06199086 59.925378203,-164.061724239 59.925439869,-164.061334562 59.925234314,-164.061232016 59.92511098,-164.061355072 59.924977367,-164.061437109 59.924854032,-164.06112947 59.924792365,-164.060862849 59.924689585,-164.061232016 59.924566249,-164.061539655 59.924494303,-164.061826786 59.924576527,-164.062175444 59.924463468,-164.062134425 59.924309297,-164.062031878 59.924196238,-164.062195953 59.923939284,-164.062339518 59.92378511,-164.062031878 59.923620657,-164.062667667 59.923507596,-164.063262436 59.923569266,-164.063918734 59.92366177,-164.06430841 59.923857058,-164.064882671 59.923918727,-164.065456931 59.924093456,-164.065805589 59.924268185,-164.065867117 59.924442912,-164.065744061 59.924555971))",100,,yes,
1,24,795655844,-164.0286781471102,59.933595068307646,mrm0065@uah.edu,false,2026-01-09 16:19,10.0 secs,,,"POLYGON((-164.02806406 59.931061067,-164.028048918 59.931736269,-164.028003493 59.932456975,-164.028745436 59.932669391,-164.028578878 59.933018356,-164.028003493 59.933003184,-164.028018635 59.933549384,-164.02779151 59.933776965,-164.02904827 59.933693519,-164.028881711 59.933852825,-164.028079202 59.933883169,-164.027746084 59.934110747,-164.027806651 59.934292809,-164.028518311 59.934292809,-164.028397177 59.934558314,-164.02877572 59.934596243,-164.02772292 59.934652457,-164.027768346 59.93575238,-164.028404297 59.935668939,-164.028843406 59.9354262,-164.028873689 59.935175873,-164.029464215 59.935092431,-164.029464215 59.934902788,-164.029297656 59.934622114,-164.029449073 59.934409711,-164.029221948 59.934121447,-164.029873041 59.934106276,-164.029888182 59.933780079,-164.029797332 59.933582843,-164.029661057 59.933256641,-164.02923709 59.932900092,-164.029539924 59.932604229,-164.029115956 59.932202154,-164.028890699 59.931802981,-164.028708999 59.931393311,-164.028375881 59.930983635,-164.028103331 59.930983635,-164.02806406 59.931061067))",100,,yes,
1,22,795655845,-164.02580426193907,59.93277914821196,mrm0065@uah.edu,false,2026-01-09 16:19,10.0 secs,,,"POLYGON((-164.026011666 59.932676396,-164.025178697 59.932772177,-164.024632488 59.932915848,-164.024523246 59.933298967,-164.025151387 59.93331265,-164.025438146 59.933189505,-164.026052632 59.933223712,-164.026585186 59.933086884,-164.026462289 59.932915848,-164.02625746 59.932744811,-164.026735393 59.932539566,-164.026503254 59.932320636,-164.026953877 59.932170121,-164.026585186 59.931896455,-164.026011666 59.931978555,-164.026243805 59.932245379,-164.026284771 59.932553249,-164.026011666 59.932676396))",100,,yes,
1,23,795655846,-164.0218459991221,59.93182473472136,mrm0065@uah.edu,false,2026-01-09 16:19,10.0 secs,,,"POLYGON((-164.023866557 59.931926486,-164.023430959 59.932290229,-164.022995361 59.932004831,-164.022783147 59.931971255,-164.022314042 59.93213354,-164.021923121 59.932307017,-164.021465185 59.932424533,-164.020795034 59.932312613,-164.020739189 59.932127944,-164.020225407 59.932099964,-164.02018073 59.931719431,-164.020303591 59.931562739,-164.021208294 59.931383663,-164.021185956 59.931254951,-164.021353493 59.931198989,-164.021923121 59.931310912,-164.022369888 59.931338893,-164.022649117 59.931545951,-164.023308098 59.931618701,-164.023978248 59.931719431,-164.023710188 59.931859333,-164.023866557 59.931926486))",100,,yes,
1,28,795655809,-164.05568627365548,59.93339352287639,mrm0065@uah.edu,false,2026-01-09 16:19,10.0 secs,,,"POLYGON((-164.057664381 59.935114103,-164.056874073 59.934957097,-164.056274529 59.934854701,-164.056247277 59.93458847,-164.055865749 59.934301757,-164.055565977 59.934151573,-164.055634107 59.933987735,-164.055470595 59.933898989,-164.055116319 59.933960429,-164.054857425 59.933769283,-164.054789295 59.933537177,-164.054693913 59.93340747,-164.054339637 59.933414296,-164.054298759 59.933223148,-164.054107995 59.933175361,-164.053644711 59.932970557,-164.053508451 59.932779406,-164.053603833 59.932615562,-164.053767345 59.932390274,-164.053426696 59.932431236,-164.05307242 59.932390274,-164.052949786 59.932328832,-164.053154176 59.932178639,-164.052813526 59.932089889,-164.052922534 59.932001138,-164.05341307 59.931960176,-164.053617459 59.9320421,-164.053644711 59.932117196,-164.053930857 59.93226739,-164.054666661 59.932164985,-164.055020937 59.931980657,-164.055388839 59.932219601,-164.055647733 59.932513159,-164.056151895 59.932315178,-164.056288155 59.932485851,-164.056587927 59.932731619,-164.056833195 59.932915943,-164.056710561 59.933120747,-164.057078463 59.933346029,-164.056438041 59.933359683,-164.056288155 59.93350987,-164.056955829 59.933741977,-164.057337357 59.933898989,-164.057746137 59.933823896,-164.057827893 59.934015041,-164.057528121 59.93429493,-164.057637129 59.934581643,-164.057977779 59.934759131,-164.057923275 59.934929791,-164.057664381 59.935114103))",100,,yes,
1,72,795655847,-164.00695961855118,59.954000896572346,mrm0065@uah.edu,false,2026-01-09 16:19,10.0 secs,,,"POLYGON((-164.009248812 59.950827068,-164.008657191 59.950858252,-164.008703898 59.951053152,-164.008174552 59.950873844,-164.007816466 59.950866047,-164.007287119 59.951092133,-164.00696017 59.951255848,-164.006539808 59.951474134,-164.006275136 59.951996456,-164.006181722 59.952604522,-164.006306273 59.952861777,-164.00682005 59.952869573,-164.007022447 59.952097801,-164.007411672 59.951856132,-164.007115861 59.952167963,-164.006944602 59.95289296,-164.007146998 59.953368486,-164.006835618 59.953508804,-164.006368548 59.953547781,-164.005979324 59.953711485,-164.00635298 59.953945346,-164.006929032 59.953836211,-164.006913464 59.954093456,-164.006072738 59.954272748,-164.006103876 59.954615737,-164.006617653 59.954607942,-164.006555376 59.954872976,-164.00618172 59.955652478,-164.005512254 59.956166939,-164.005434409 59.956634624,-164.005216442 59.957195838,-164.005232013 59.957663508,-164.00510746 59.958029846,-164.005294288 59.958474122,-164.005621238 59.958497504,-164.006057169 59.957702481,-164.005839204 59.957499824,-164.006399687 59.957125687,-164.006695498 59.956759339,-164.006633222 59.956400783,-164.006897895 59.956190324,-164.007069153 59.955621299,-164.007396102 59.954927542,-164.007629637 59.954389676,-164.007645206 59.954109047,-164.007707482 59.953672508,-164.008081138 59.953164622,-164.007956587 59.952525384,-164.008376949 59.951995274,-164.00882845 59.951582095,-164.009186536 59.95120789,-164.009606899 59.950989603,-164.009248812 59.950827068))",100,,yes,
1,37,795655870,-164.07728890047255,59.91490232132457,mrm0065@uah.edu,false,2026-01-09 16:19,10.0 secs,,,"POLYGON((-164.077877989 59.913783866,-164.077521771 59.913637181,-164.077165553 59.913694579,-164.076733002 59.913751978,-164.076885667 59.913898663,-164.077178275 59.91421754,-164.077229163 59.914434376,-164.076987444 59.914466263,-164.076516727 59.914172898,-164.076300452 59.914249428,-164.076364062 59.914440753,-164.076160509 59.914593812,-164.076605782 59.914791513,-164.076554894 59.91494457,-164.076376784 59.91509125,-164.076198676 59.914989212,-164.075727959 59.91497008,-164.07554985 59.915193287,-164.075638904 59.915263438,-164.075219076 59.915371852,-164.074977357 59.915633321,-164.075269964 59.915760865,-164.075651626 59.915894787,-164.075944234 59.916022331,-164.075588016 59.916111611,-164.07548624 59.916207268,-164.075817013 59.91631568,-164.076046011 59.916169005,-164.076682114 59.916200891,-164.07672028 59.916060594,-164.07635134 59.915862901,-164.07635134 59.915531284,-164.076465839 59.915410116,-164.076847501 59.915403739,-164.076974722 59.915276192,-164.076923834 59.915097627,-164.077203719 59.914976457,-164.07769988 59.915129514,-164.078246929 59.915218797,-164.078654035 59.915403739,-164.079582746 59.915461134,-164.079519136 59.915225174,-164.07917564 59.915199665,-164.07911203 59.915014721,-164.079391915 59.914957325,-164.079290139 59.914721361,-164.079264695 59.914561925,-164.078704924 59.914510905,-164.078425038 59.914281316,-164.078106986 59.914179275,-164.078361428 59.913924173,-164.078183319 59.913790244,-164.077877989 59.913783866))",100,,yes,
1,106,795655871,-164.0241996930803,59.94911637046992,mrm0065@uah.edu,false,2026-01-09 16:19,10.0 secs,,,"POLYGON((-164.025019366 59.949150606,-164.024545541 59.949084696,-164.02401907 59.948873782,-164.023518921 59.948966057,-164.023940099 59.949295608,-164.024413923 59.949295608,-164.024914072 59.94924288,-164.025019366 59.949150606))",100,,yes,
1,117,795655872,-164.03995723180958,59.94751533468179,mrm0065@uah.edu,false,2026-01-09 16:19,10.0 secs,,,"POLYGON((-164.040325158 59.947338712,-164.039735161 59.94737994,-164.039570511 59.947524238,-164.039707719 59.947682278,-164.040009578 59.947702891,-164.040270274 59.947565466,-164.040325158 59.947338712))",100,,yes,
1,104,795655873,-164.02602306547863,59.949709256069525,mrm0065@uah.edu,false,2026-01-09 16:19,10.0 secs,,,"POLYGON((-164.025493191 59.949506518,-164.025282602 59.949756973,-164.025940692 59.950020608,-164.02644084 59.949756973,-164.027151577 59.949638337,-164.026598782 59.949546064,-164.026045986 59.949559246,-164.025730103 59.949493337,-164.025493191 59.949506518))",100,,yes,
1,17,795655810,-164.00069017224757,59.93898202141448,mrm0065@uah.edu,false,2026-01-09 16:19,10.0 secs,,,"POLYGON((-163.999152431 59.94294453,-163.999537043 59.942366613,-164.000037038 59.94180795,-164.000883183 59.941181851,-164.001633176 59.940729126,-164.002537013 59.940276395,-164.002902394 59.939785126,-164.002827546 59.93941804,-164.002269859 59.938878593,-164.001616019 59.938474003,-164.001500636 59.937790041,-164.00163525 59.93739507,-164.001577558 59.936980828,-164.000846796 59.93656658,-163.999808345 59.93633537,-163.998500666 59.936210131,-163.99730837 59.936113792,-163.996539147 59.936036722,-163.996481455 59.935805508,-163.999692962 59.936123426,-164.000904488 59.936325737,-164.001577558 59.936605115,-164.001893368 59.937589236,-164.001797216 59.93817687,-164.002106053 59.938545233,-164.002740662 59.938978722,-164.003029121 59.939248445,-164.003144504 59.939489268,-164.003144504 59.939855315,-164.003086813 59.940211725,-164.002625279 59.940539234,-164.002048361 59.940770415,-164.001529136 59.941049756,-164.001125294 59.941396522,-164.000625298 59.941724019,-164.000125304 59.942195994,-163.999798384 59.942590908,-163.999490694 59.94300508,-163.999259928 59.943197716,-163.999152431 59.94294453))",100,,yes,
1,10,795655848,-164.02656933928444,59.957806962882046,mrm0065@uah.edu,false,2026-01-09 16:19,10.0 secs,,,"POLYGON((-164.032245515 59.959741074,-164.031130019 59.959357837,-164.029664564 59.958897948,-164.028439706 59.958317603,-164.027192976 59.95791245,-164.026646164 59.958230003,-164.025311944 59.957770098,-164.024087086 59.957310187,-164.02314657 59.957145931,-164.022446651 59.957266385,-164.021396773 59.957178782,-164.019887573 59.957332088,-164.018662715 59.957562044,-164.017897179 59.957824849,-164.017394112 59.958043852,-164.016431724 59.958602302,-164.015841168 59.959160743,-164.014835034 59.960255698,-164.014463202 59.960836009,-164.013872646 59.961569596,-164.012319701 59.96173383,-164.01275715 59.961054992,-164.013085237 59.960288546,-164.013938263 59.959062195,-164.014703799 59.958449003,-164.016059892 59.957748198,-164.017525347 59.957222584,-164.019996935 59.956445098,-164.021374901 59.956105627,-164.022249799 59.955985169,-164.023255932 59.955777104,-164.024130831 59.955656644,-164.025377561 59.955634742,-164.026799271 59.955558086,-164.028439706 59.955744251,-164.029970778 59.95614943,-164.032354877 59.956642209,-164.033820332 59.95711308,-164.035460767 59.957518243,-164.036335665 59.957956251,-164.037298054 59.958733701,-164.037779248 59.959226441,-164.032245515 59.959741074))",100,,yes,
1,82,795655811,-164.0707686157779,59.93959406259279,mrm0065@uah.edu,false,2026-01-09 16:19,10.0 secs,,,"POLYGON((-164.07084708 59.938964027,-164.07056718 59.939030441,-164.070353573 59.939159579,-164.070279916 59.939200165,-164.070405134 59.939303475,-164.07051562 59.939414164,-164.070279916 59.939484267,-164.070265184 59.939631852,-164.070014748 59.939565439,-164.069624363 59.939380958,-164.069366561 59.939366199,-164.069337098 59.939262889,-164.06969802 59.939170648,-164.069572802 59.939085786,-164.069653826 59.939011993,-164.069712752 59.938945579,-164.06954334 59.938952958,-164.069344464 59.9390452,-164.069344464 59.939122683,-164.06935183 59.939207545,-164.069248709 59.939270269,-164.068931981 59.939185407,-164.068674179 59.939211234,-164.068806763 59.939377268,-164.069071931 59.939513784,-164.069462316 59.939591266,-164.069756947 59.939661368,-164.07002948 59.939746229,-164.070228355 59.9398274,-164.07040997 59.939886321,-164.070815086 59.939963802,-164.070910841 59.940011766,-164.07113918 59.940070799,-164.071507468 59.940181485,-164.071794733 59.940188864,-164.071949414 59.940258965,-164.072347165 59.939985939,-164.072023072 59.939827287,-164.071875756 59.939653877,-164.071588492 59.939517361,-164.071426445 59.93942881,-164.071419079 59.939295984,-164.071315958 59.939188984,-164.071234935 59.939093053,-164.070925573 59.938997122,-164.07084708 59.938964027))",100,,yes,
1,6,795655812,-164.0089832414602,59.96014652866727,mrm0065@uah.edu,false,2026-01-09 16:19,10.0 secs,,,"POLYGON((-164.010045739 59.96005207,-164.00952601 59.960298184,-164.009076514 59.960516169,-164.008753438 59.960495074,-164.009020326 59.960298184,-164.008753438 59.960227866,-164.008641064 59.960277089,-164.008641064 59.960396629,-164.008374176 59.960537264,-164.008163475 59.960445852,-164.008191568 59.960255993,-164.008177521 59.960087229,-164.00800896 59.960016911,-164.00852869 59.959897369,-164.009104607 59.959869241,-164.009764804 59.959897369,-164.010073833 59.959981751,-164.010045739 59.96005207))",100,,yes,
1,93,795655813,-164.0039261613493,59.94021580487346,mrm0065@uah.edu,false,2026-01-09 16:19,10.0 secs,,,"POLYGON((-164.004636632 59.940444406,-164.004068938 59.940521958,-164.003307712 59.940302227,-164.003359321 59.94005018,-164.003346419 59.939953239,-164.003501244 59.939888611,-164.003862504 59.940030792,-164.004197959 59.939946776,-164.004585023 59.940147121,-164.004314078 59.9402376,-164.004636632 59.940444406))",100,,yes,
1,87,795655814,-164.00236733964047,59.94585641146573,mrm0065@uah.edu,false,2026-01-09 16:19,10.0 secs,,,"POLYGON((-164.003349885 59.945763202,-164.003098405 59.945652369,-164.002635682 59.945632218,-164.002162899 59.945687634,-164.001700175 59.945828694,-164.001609642 59.94629721,-164.001851063 59.946211567,-164.001991893 59.946035245,-164.00252503 59.945889148,-164.003078287 59.945879072,-164.003349885 59.945843808,-164.003349885 59.945763202))",100,,yes,
1,90,795655815,-164.00194734305614,59.940296181756544,mrm0065@uah.edu,false,2026-01-09 16:19,10.0 secs,,,"POLYGON((-164.001147264 59.940903924,-164.001108978 59.94070576,-164.001530121 59.940485222,-164.001995931 59.94018158,-164.002046979 59.940111262,-164.001938503 59.940044141,-164.002098026 59.939897113,-164.002372408 59.939686158,-164.002551074 59.93972771,-164.002468122 59.939829991,-164.002461741 59.940245505,-164.002193741 59.940389335,-164.00173145 59.940631712,-164.001678716 59.940648001,-164.00152374 59.940728133,-164.001147264 59.940903924))",100,,yes,
1,37,795655849,-164.07728890047255,59.91490232132457,mrm0065@uah.edu,false,2026-01-09 16:19,10.0 secs,,,"POLYGON((-164.077877989 59.913783866,-164.077521771 59.913637181,-164.077165553 59.913694579,-164.076733002 59.913751978,-164.076885667 59.913898663,-164.077178275 59.91421754,-164.077229163 59.914434376,-164.076987444 59.914466263,-164.076516727 59.914172898,-164.076300452 59.914249428,-164.076364062 59.914440753,-164.076160509 59.914593812,-164.076605782 59.914791513,-164.076554894 59.91494457,-164.076376784 59.91509125,-164.076198676 59.914989212,-164.075727959 59.91497008,-164.07554985 59.915193287,-164.075638904 59.915263438,-164.075219076 59.915371852,-164.074977357 59.915633321,-164.075269964 59.915760865,-164.075651626 59.915894787,-164.075944234 59.916022331,-164.075588016 59.916111611,-164.07548624 59.916207268,-164.075817013 59.91631568,-164.076046011 59.916169005,-164.076682114 59.916200891,-164.07672028 59.916060594,-164.07635134 59.915862901,-164.07635134 59.915531284,-164.076465839 59.915410116,-164.076847501 59.915403739,-164.076974722 59.915276192,-164.076923834 59.915097627,-164.077203719 59.914976457,-164.07769988 59.915129514,-164.078246929 59.915218797,-164.078654035 59.915403739,-164.079582746 59.915461134,-164.079519136 59.915225174,-164.07917564 59.915199665,-164.07911203 59.915014721,-164.079391915 59.914957325,-164.079290139 59.914721361,-164.079264695 59.914561925,-164.078704924 59.914510905,-164.078425038 59.914281316,-164.078106986 59.914179275,-164.078361428 59.913924173,-164.078183319 59.913790244,-164.077877989 59.913783866))",100,,yes,
1,37,795655874,-164.07728890047255,59.91490232132457,mrm0065@uah.edu,false,2026-01-09 16:19,10.0 secs,,,"POLYGON((-164.077877989 59.913783866,-164.077521771 59.913637181,-164.077165553 59.913694579,-164.076733002 59.913751978,-164.076885667 59.913898663,-164.077178275 59.91421754,-164.077229163 59.914434376,-164.076987444 59.914466263,-164.076516727 59.914172898,-164.076300452 59.914249428,-164.076364062 59.914440753,-164.076160509 59.914593812,-164.076605782 59.914791513,-164.076554894 59.91494457,-164.076376784 59.91509125,-164.076198676 59.914989212,-164.075727959 59.91497008,-164.07554985 59.915193287,-164.075638904 59.915263438,-164.075219076 59.915371852,-164.074977357 59.915633321,-164.075269964 59.915760865,-164.075651626 59.915894787,-164.075944234 59.916022331,-164.075588016 59.916111611,-164.07548624 59.916207268,-164.075817013 59.91631568,-164.076046011 59.916169005,-164.076682114 59.916200891,-164.07672028 59.916060594,-164.07635134 59.915862901,-164.07635134 59.915531284,-164.076465839 59.915410116,-164.076847501 59.915403739,-164.076974722 59.915276192,-164.076923834 59.915097627,-164.077203719 59.914976457,-164.07769988 59.915129514,-164.078246929 59.915218797,-164.078654035 59.915403739,-164.079582746 59.915461134,-164.079519136 59.915225174,-164.07917564 59.915199665,-164.07911203 59.915014721,-164.079391915 59.914957325,-164.079290139 59.914721361,-164.079264695 59.914561925,-164.078704924 59.914510905,-164.078425038 59.914281316,-164.078106986 59.914179275,-164.078361428 59.913924173,-164.078183319 59.913790244,-164.077877989 59.913783866))",100,,yes,
1,89,795655850,-163.99908631969615,59.94164603436243,mrm0065@uah.edu,false,2026-01-09 16:19,10.0 secs,,,"POLYGON((-163.998505852 59.941186677,-163.999109598 59.941095954,-163.99972844 59.941390803,-163.999336004 59.941579808,-163.999381285 59.941768811,-163.999652971 59.941995614,-163.998973755 59.942366056,-163.998505852 59.941186677))",100,,yes,
1,68,795655816,-164.00541397676298,59.94839533325927,mrm0065@uah.edu,false,2026-01-09 16:19,10.0 secs,,,"POLYGON((-164.005941136 59.947992748,-164.005053704 59.947883594,-164.004399807 59.948000545,-164.00405729 59.948242242,-164.003668066 59.948561904,-164.004244118 59.949076476,-164.004680049 59.949076476,-164.004991429 59.948733429,-164.005723172 59.948686649,-164.005769878 59.948522921,-164.005271671 59.948343599,-164.005583051 59.948195462,-164.006018982 59.948476142,-164.006439345 59.948374786,-164.006921983 59.94866326,-164.007684864 59.948585294,-164.007482467 59.948281226,-164.006750725 59.947969358,-164.006252517 59.948031732,-164.005941136 59.947992748))",100,,yes,
1,100,795655851,-164.03171283423322,59.946101722617556,mrm0065@uah.edu,false,2026-01-09 16:19,10.0 secs,,,"POLYGON((-164.032128828 59.945923857,-164.031686542 59.946048115,-164.031104021 59.945923857,-164.03094221 59.94608053,-164.03123347 59.946226397,-164.031794418 59.946345252,-164.032150403 59.946177775,-164.032409301 59.946026505,-164.032495601 59.945902247,-164.03224749 59.945875234,-164.032128828 59.945923857))",100,,yes,
1,102,795655875,-164.01918162158952,59.94209518304069,mrm0065@uah.edu,false,2026-01-09 16:19,10.0 secs,,,"POLYGON((-164.019852028 59.941959805,-164.019397554 59.941834972,-164.018664531 59.941857001,-164.018429964 59.941636708,-164.017931509 59.941409069,-164.017711602 59.941629364,-164.017799565 59.94199652,-164.018459285 59.94216541,-164.019075024 59.942187439,-164.019544158 59.942172754,-164.019734744 59.942304928,-164.019676102 59.942459131,-164.020027953 59.942628018,-164.020145236 59.942789563,-164.02057039 59.94278222,-164.020379804 59.942620676,-164.020790296 59.942547246,-164.020966222 59.942429758,-164.020130576 59.942268213,-164.019983972 59.942084637,-164.019852028 59.941959805))",100,,yes,
1,91,795655817,-164.00154186335809,59.93922452239488,mrm0065@uah.edu,false,2026-01-09 16:19,10.0 secs,,,"POLYGON((-164.002023183 59.93902815,-164.001541352 59.939009584,-164.001479579 59.938700147,-164.001146004 59.938625882,-164.000960684 59.938817734,-164.001034812 59.938984829,-164.001380742 59.938941508,-164.001306614 59.939059094,-164.000738301 59.939102414,-164.000627109 59.939300452,-164.00092362 59.939523242,-164.001405451 59.93957894,-164.002035538 59.939479922,-164.001850218 59.939145735,-164.002047892 59.939182867,-164.002220857 59.939393281,-164.002288896 59.939614326,-164.002453305 59.939666179,-164.002623804 59.939553322,-164.002605537 59.939419113,-164.002380234 59.939272703,-164.002435038 59.939126293,-164.002023183 59.93902815))",100,,yes,
1,89,795655852,-164.00385823256093,59.94201122102761,mrm0065@uah.edu,false,2026-01-09 16:19,10.0 secs,,,"POLYGON((-164.003920123 59.941836276,-164.003338617 59.941696712,-164.00298729 59.941727052,-164.002514816 59.941660304,-164.002066573 59.941751324,-164.001727361 59.9419455,-164.001703132 59.942091131,-164.002090802 59.942200354,-164.002296752 59.94232778,-164.002841913 59.942133607,-164.003084208 59.942285305,-164.003580911 59.942315645,-164.004210876 59.942248898,-164.004828726 59.942321713,-164.004949873 59.942491614,-164.005216397 59.942467342,-164.005931165 59.942582632,-164.005822132 59.942400596,-164.005591953 59.942291373,-164.004961988 59.942261034,-164.004937759 59.942018316,-164.005652526 59.941951568,-164.006209803 59.941818072,-164.00591905 59.941714916,-164.00550715 59.941739188,-164.005155823 59.941648168,-164.005313314 59.941751324,-164.005058906 59.941751324,-164.004647006 59.941757392,-164.00445317 59.941623895,-164.004150302 59.941593556,-164.003992811 59.941636032,-164.004089728 59.941775596,-164.003920123 59.941836276))",100,,yes,
1,101,795655876,-164.02563226164028,59.94284687682388,mrm0065@uah.edu,false,2026-01-09 16:19,10.0 secs,,,"POLYGON((-164.02529168 59.94258727,-164.025387729 59.942742284,-164.025131598 59.942704867,-164.025014205 59.942924023,-164.024768746 59.942795737,-164.024011025 59.942726248,-164.024203124 59.942902642,-164.024608664 59.943159214,-164.025110254 59.943324916,-164.025537139 59.943292845,-164.025921335 59.943260773,-164.026081417 59.943180595,-164.026326876 59.943009548,-164.026561662 59.942843844,-164.026743088 59.942688831,-164.026775104 59.942336039,-164.026668383 59.942181023,-164.026462822 59.942188396,-164.02637214 59.942246974,-164.02640158 59.942491054,-164.025724017 59.942457521,-164.02529168 59.94258727))",100,,yes,
1,70,795655818,-164.00629186457945,59.94903931225013,mrm0065@uah.edu,false,2026-01-09 16:19,10.0 secs,,,"POLYGON((-164.00651719 59.948726736,-164.005816586 59.948804701,-164.005972275 59.9490308,-164.005723172 59.949186729,-164.006003413 59.949288083,-164.006579466 59.949295879,-164.006921983 59.948999614,-164.00651719 59.948913852,-164.00651719 59.948726736))",100,,yes,
1,102,795655853,-164.03598102969735,59.94729195331902,mrm0065@uah.edu,false,2026-01-09 16:19,10.0 secs,,,"POLYGON((-164.03668026 59.94729518,-164.036548016 59.947169348,-164.036316589 59.947146169,-164.036012427 59.947086564,-164.035952918 59.946993845,-164.03568843 59.946957419,-164.035562798 59.947156103,-164.035384268 59.94729518,-164.035542961 59.947328294,-164.035443778 59.947444192,-164.035747939 59.947570023,-164.035999203 59.947533598,-164.036177732 59.947593202,-164.036204181 59.947477305,-164.036581077 59.947381276,-164.03668026 59.94729518))",100,,yes,
1,106,795655877,-164.02303764792447,59.944502387883894,mrm0065@uah.edu,false,2026-01-09 16:19,10.0 secs,,,"POLYGON((-164.023956375 59.944606812,-164.023566267 59.944454849,-164.02323034 59.944378867,-164.022861904 59.944443994,-164.022840231 59.944221475,-164.022721031 59.944053228,-164.022623504 59.944004382,-164.022590995 59.94409122,-164.022558486 59.944210621,-164.02242845 59.944406003,-164.022363432 59.944519976,-164.022645177 59.944563394,-164.02275354 59.944715357,-164.022926922 59.944688221,-164.022894413 59.944791338,-164.023154485 59.94480762,-164.023392885 59.944693648,-164.023620448 59.94465023,-164.023826339 59.944737066,-164.023826339 59.944644803,-164.023956375 59.944606812))",100,,yes,
1,69,795655819,-164.00282630569663,59.94973970055905,mrm0065@uah.edu,false,2026-01-09 16:19,10.0 secs,,,"POLYGON((-164.003761479 59.949023003,-164.002811771 59.948820294,-164.002718357 59.949023003,-164.003309978 59.949147747,-164.003309978 59.949288083,-164.002889615 59.949358251,-164.001862062 59.94987281,-164.002282425 59.950792758,-164.002624943 59.950480914,-164.003014168 59.95034838,-164.002889615 59.950044327,-164.003014168 59.949615531,-164.003543513 59.949521975,-164.004041721 59.949342658,-164.004041721 59.949178933,-164.003761479 59.949023003))",100,,yes,
1,89,795655854,-164.00073828306205,59.94328874362559,mrm0065@uah.edu,false,2026-01-09 16:19,10.0 secs,,,"POLYGON((-164.000690733 59.942824819,-164.000170588 59.943085339,-164.000690733 59.943562955,-164.001275896 59.943812616,-164.001059169 59.943313293,-164.000690733 59.942824819))",100,,yes,
1,105,795655878,-164.0240271364838,59.94523759341727,mrm0065@uah.edu,false,2026-01-09 16:19,10.0 secs,,,"POLYGON((-164.023457903 59.944910736,-164.023132813 59.945160386,-164.023457903 59.945404607,-164.02403223 59.945393753,-164.024194775 59.945518577,-164.024444011 59.945681389,-164.024823283 59.945648827,-164.025191719 59.945659681,-164.025029174 59.945534858,-164.024855792 59.945448024,-164.024498193 59.945491441,-164.024671574 59.945339482,-164.024292302 59.945198376,-164.024086411 59.94509526,-164.024183939 59.944965008,-164.024465684 59.945030134,-164.02447652 59.944932445,-164.024053902 59.944834756,-164.023728812 59.944823901,-164.02346874 59.944861892,-164.023457903 59.944910736))",100,,yes,
1,108,795655820,-164.00335544512023,59.95205254522611,mrm0065@uah.edu,false,2026-01-09 16:19,10.0 secs,,,"POLYGON((-164.003696672 59.951205401,-164.003756699 59.952307506,-164.003656654 59.953660039,-164.003456563 59.953700113,-164.00263619 59.951395767,-164.003056381 59.951105208,-164.004076845 59.950714452,-164.003896763 59.951015034,-164.003696672 59.951205401))",100,,yes,
1,103,795655855,-164.03828246073977,59.94725877244554,mrm0065@uah.edu,false,2026-01-09 16:19,10.0 secs,,,"POLYGON((-164.038776327 59.947377964,-164.038313473 59.947394521,-164.037996088 59.94739121,-164.037784497 59.947248821,-164.038042373 59.947132923,-164.038267188 59.947056761,-164.038518451 59.947162725,-164.038710205 59.947248821,-164.038776327 59.947377964))",100,,yes,
1,89,795655879,-164.02054107039865,59.944661045174925,mrm0065@uah.edu,false,2026-01-09 16:19,10.0 secs,,,"POLYGON((-164.02041809 59.944017136,-164.02010985 59.944531736,-164.019924906 59.944758156,-164.020212597 59.945324203,-164.020582485 59.945169828,-164.020520837 59.944871367,-164.02074688 59.945077202,-164.021116768 59.944789032,-164.021198966 59.944480276,-164.02076743 59.944161225,-164.02041809 59.944017136))",100,,yes,
1,105,795655821,-164.0048706330563,59.951170334306966,mrm0065@uah.edu,false,2026-01-09 16:19,10.0 secs,,,"POLYGON((-164.005274304 59.950808691,-164.004533756 59.950919938,-164.004089427 59.951080627,-164.004262222 59.951266038,-164.00465718 59.951191874,-164.004435016 59.951426726,-164.004459701 59.951587413,-164.00490403 59.95152561,-164.005249619 59.951327841,-164.005521153 59.951327841,-164.005521153 59.951154792,-164.005447098 59.951018824,-164.005274304 59.950808691))",100,,yes,
1,110,795655856,-164.00542107396566,59.94399735179497,mrm0065@uah.edu,false,2026-01-09 16:19,10.0 secs,,,"POLYGON((-164.004445857 59.943692388,-164.004625939 59.943822669,-164.00504613 59.943812647,-164.005426303 59.943983013,-164.005446312 59.944223528,-164.005366276 59.944423955,-164.004986103 59.944524168,-164.005050625 59.944757002,-164.005327369 59.944676522,-164.005666605 59.944555803,-164.005952277 59.944314362,-164.00610404 59.944113161,-164.005934422 59.943858303,-164.005782659 59.943648156,-164.005550551 59.943442479,-164.005372006 59.943429066,-164.005122043 59.943549789,-164.004729244 59.943603444,-164.00451499 59.943567674,-164.004407863 59.943648156,-164.004445857 59.943692388))",100,,yes,
1,107,795655880,-164.02267139581488,59.945495989633464,mrm0065@uah.edu,false,2026-01-09 16:19,10.0 secs,,,"POLYGON((-164.023392885 59.945448024,-164.023403721 59.945561993,-164.023750485 59.945730233,-164.02343623 59.945795357,-164.023165322 59.94582792,-164.022926922 59.94588219,-164.02275354 59.94588219,-164.022775213 59.945713952,-164.022634341 59.945675962,-164.022255068 59.945675962,-164.022200887 59.945556566,-164.021940814 59.945448024,-164.021691578 59.945480587,-164.021442342 59.945420889,-164.021940814 59.945171241,-164.022265905 59.945176668,-164.022374268 59.945263502,-164.022731868 59.945258075,-164.02287274 59.945220085,-164.023219504 59.945306919,-164.023392885 59.945448024))",100,,yes,
1,108,795655822,-164.01094188969225,59.94095180082215,mrm0065@uah.edu,false,2026-01-09 16:19,10.0 secs,,,"POLYGON((-164.010832528 59.94040618,-164.010374776 59.940310398,-164.010117708 59.940619943,-164.010128377 59.940913864,-164.010533798 59.941026088,-164.010779184 59.941186407,-164.010437777 59.941357414,-164.010576473 59.941491012,-164.010981894 59.941528419,-164.01121661 59.941597889,-164.01152601 59.941523075,-164.011942099 59.941287942,-164.011792734 59.94117572,-164.011504672 59.941138312,-164.011504672 59.940956616,-164.011355307 59.940641319,-164.011056576 59.940454277,-164.011355307 59.94035274,-164.01112059 59.940267234,-164.010832528 59.94040618))",100,,yes,
1,104,795655857,-164.00243054483477,59.94351176871718,mrm0065@uah.edu,false,2026-01-09 16:19,10.0 secs,,,"POLYGON((-164.00227284 59.943139614,-164.00203444 59.943432697,-164.00170935 59.943671504,-164.001861059 59.943910308,-164.002446222 59.943866889,-164.002576258 59.943704068,-164.003248112 59.943628084,-164.002966367 59.943476117,-164.003009712 59.943204744,-164.002684622 59.943096194,-164.00227284 59.943139614))",100,,yes,
1,105,795655881,-164.02151836326402,59.94618074299164,mrm0065@uah.edu,false,2026-01-09 16:19,10.0 secs,,,"POLYGON((-164.021799942 59.945885808,-164.020781325 59.94624399,-164.021778269 59.946461069,-164.021929978 59.94629826,-164.021713251 59.946222283,-164.021994996 59.946037765,-164.021994996 59.94591837,-164.021799942 59.945885808))",100,,yes,
1,4,795655823,-164.00688980192373,59.96143709384251,mrm0065@uah.edu,false,2026-01-09 16:19,10.0 secs,,,"POLYGON((-164.00628121 59.961184179,-164.007461137 59.961437317,-164.007517324 59.961570916,-164.007418997 59.961655294,-164.006772846 59.961549821,-164.006379537 59.961465443,-164.00628121 59.961184179))",100,,yes,
1,109,795655858,-164.00039561840148,59.94478405604231,mrm0065@uah.edu,false,2026-01-09 16:19,10.0 secs,,,"POLYGON((-164.000884239 59.94485487,-164.000744175 59.944674488,-164.000364002 59.944564254,-164.000043857 59.944604339,-164.000003838 59.944824807,-164.000203929 59.94501521,-164.00062412 59.944945061,-164.000884239 59.94485487))",100,,yes,
1,20,795655824,-164.00457337468583,59.93711824820461,mrm0065@uah.edu,false,2026-01-09 16:19,10.0 secs,,,"POLYGON((-164.005434924 59.937477934,-164.004644809 59.93762636,-164.003854694 59.937601622,-164.003484328 59.937416089,-164.00375593 59.937143972,-164.003854694 59.93692133,-164.00375593 59.936574994,-164.004323825 59.936760532,-164.004965793 59.936550256,-164.005508997 59.936624471,-164.005533688 59.936896592,-164.005163322 59.937082127,-164.005459615 59.937280031,-164.005434924 59.937477934))",100,,yes,
1,112,795655859,-164.0073098128178,59.94477750445568,mrm0065@uah.edu,false,2026-01-09 16:19,10.0 secs,,,"POLYGON((-164.007908184 59.944852287,-164.007132704 59.944921997,-164.006754906 59.944663073,-164.006993516 59.944573445,-164.007232125 59.944742742,-164.007828647 59.944712866,-164.007908184 59.944852287))",100,,yes,
1,98,795655882,-164.02970739867982,59.94689607423715,mrm0065@uah.edu,false,2026-01-09 16:19,10.0 secs,,,"POLYGON((-164.029636931 59.947242048,-164.029626143 59.947350095,-164.029496694 59.947366302,-164.029367245 59.947301474,-164.029129921 59.947301474,-164.029054409 59.947209634,-164.029356458 59.947047564,-164.029572206 59.946928713,-164.029669293 59.946772044,-164.029367245 59.946663996,-164.029421182 59.946566752,-164.029755592 59.946388472,-164.029938979 59.946307435,-164.030003704 59.94649652,-164.030165515 59.946620776,-164.029960554 59.946745032,-164.030133153 59.946966529,-164.030068428 59.947144806,-164.029874254 59.94726906,-164.029636931 59.947242048))",100,,yes,
1,57,795655825,-164.00244309858323,59.92459689159599,mrm0065@uah.edu,false,2026-01-09 16:19,10.0 secs,,,"POLYGON((-164.003504395 59.925049854,-164.002745844 59.925136962,-164.001625642 59.92488531,-164.001561263 59.924398137,-164.001735086 59.924069052,-164.002842413 59.924069052,-164.003504395 59.925049854))",100,,yes,
1,86,795655860,-164.00422004813373,59.945077872381056,mrm0065@uah.edu,false,2026-01-09 16:19,10.0 secs,,,"POLYGON((-164.004717937 59.944785846,-164.003983615 59.944972251,-164.003440418 59.945113314,-164.003259352 59.945299717,-164.0034203 59.945395437,-164.003782431 59.945254376,-164.004396042 59.945133465,-164.004355806 59.945324907,-164.004697819 59.945279565,-164.004697819 59.945078048,-164.00519072 59.94485134,-164.004717937 59.944785846))",100,,yes,
1,94,795655883,-164.02846337522132,59.946669652937125,mrm0065@uah.edu,false,2026-01-09 16:19,10.0 secs,,,"POLYGON((-164.028653544 59.9463323,-164.027855274 59.946537593,-164.027758187 59.946818518,-164.027380627 59.946877944,-164.0276611 59.946942772,-164.027984723 59.946850932,-164.028200472 59.946721275,-164.028480945 59.946715872,-164.028556457 59.946796908,-164.02816811 59.946834725,-164.027995511 59.946931968,-164.028405433 59.946969784,-164.02883693 59.946926565,-164.029063466 59.946867139,-164.029117404 59.946699665,-164.029095828 59.946564605,-164.028977167 59.946375519,-164.028826143 59.946326897,-164.028653544 59.9463323))",100,,yes,
1,54,795655826,-164.00047619014433,59.92477700485063,mrm0065@uah.edu,false,2026-01-09 16:19,10.0 secs,,,"POLYGON((-164.000698411 59.925317821,-164.000035308 59.925033911,-164.000138314 59.924430589,-164.001136198 59.924411232,-164.000711297 59.924782258,-164.000698411 59.925317821))",100,,yes,
1,107,795655861,-164.00103133952103,59.94539119809743,mrm0065@uah.edu,false,2026-01-09 16:19,10.0 secs,,,"POLYGON((-164.001204384 59.945596432,-164.000444038 59.945385991,-164.00130443 59.94519559,-164.001404475 59.945355928,-164.001204384 59.945596432))",100,,yes,
1,88,795655884,-163.99948168289157,59.94029711635945,mrm0065@uah.edu,false,2026-01-09 16:19,10.0 secs,,,"POLYGON((-163.999709918 59.940212637,-163.999122056 59.940103265,-163.999130453 59.940237877,-163.9993572 59.940410347,-163.999726714 59.940490272,-163.999844287 59.940397727,-163.999709918 59.940212637))",100,,yes,
1,99,795655827,-164.01078309107325,59.925963413947024,mrm0065@uah.edu,false,2026-01-09 16:19,10.0 secs,,,"POLYGON((-164.01046223 59.9254275,-164.010579001 59.92589563,-164.010562319 59.92628016,-164.010178646 59.92640555,-164.00966152 59.92640555,-164.009594794 59.926639609,-164.010295416 59.926589454,-164.009511387 59.927082645,-164.009794972 59.927091004,-164.01034546 59.926848589,-164.010812541 59.926597813,-164.011112808 59.926606172,-164.011546526 59.926263442,-164.011212896 59.926146411,-164.011463118 59.925954146,-164.011296304 59.925736801,-164.011246259 59.925561252,-164.011112808 59.925302106,-164.011463118 59.925302106,-164.011463118 59.924976082,-164.011463118 59.924808889,-164.011096126 59.924541378,-164.010862586 59.924833968,-164.011117955 59.924817463,-164.011110901 59.925107329,-164.010962769 59.92507905,-164.010751151 59.925202772,-164.010800529 59.925305285,-164.01046223 59.9254275))",100,,yes,
1,76,795655862,-164.0198392720501,59.952038124133935,mrm0065@uah.edu,false,2026-01-09 16:19,10.0 secs,,,"POLYGON((-164.020115993 59.951762497,-164.0196248 59.951869707,-164.01922177 59.951749884,-164.019121012 59.951838175,-164.019549232 59.952096741,-164.019901883 59.952437288,-164.020153777 59.952355305,-164.020178966 59.952197644,-164.020355292 59.951932772,-164.020115993 59.951762497))",100,,yes,
1,43,795655885,-163.99744035650778,59.92908531200304,mrm0065@uah.edu,false,2026-01-09 16:19,10.0 secs,,,"POLYGON((-163.998529048 59.928720102,-163.997898118 59.928694295,-163.997576223 59.928449126,-163.997112695 59.928774942,-163.997357335 59.929152367,-163.996224258 59.929178174,-163.997003244 59.929552371,-163.997775791 59.929639468,-163.997655984 59.92922661,-163.998529048 59.928720102))",100,,yes,
1,20,795655888,-164.0747790196707,59.91188913032141,mrm0065@uah.edu,false,2026-01-09 16:19,10.0 secs,,,"POLYGON((-164.077384078 59.909691355,-164.076192994 59.909815158,-164.076599705 59.909946243,-164.076672332 59.910397753,-164.076091316 59.910645353,-164.075844383 59.910965773,-164.075684604 59.911271626,-164.075132638 59.911235215,-164.075074536 59.911490091,-164.075045486 59.911679426,-164.07468235 59.911737682,-164.074028706 59.911599323,-164.073360537 59.91145368,-164.073142656 59.911781375,-164.07259069 59.911446398,-164.072067775 59.911257062,-164.072053249 59.911424552,-164.072416385 59.911679426,-164.072750469 59.911897888,-164.072111351 59.911737682,-164.071864419 59.911643015,-164.071501284 59.911752247,-164.071123623 59.9120144,-164.071428656 59.912283834,-164.071835368 59.912116348,-164.072256605 59.911948862,-164.072285656 59.912247424,-164.072692368 59.912633366,-164.073084554 59.912757158,-164.073578418 59.912684339,-164.073418639 59.912851822,-164.072976977 59.913075968,-164.073325587 59.913410928,-164.073819451 59.913665787,-164.074342366 59.913935208,-164.074720027 59.913906081,-164.07499601 59.914000742,-164.075606078 59.913753167,-164.075257468 59.913600252,-164.074720027 59.913585689,-164.074952434 59.913308984,-164.074690976 59.913170631,-164.073833977 59.913119659,-164.073659672 59.913046841,-164.074051858 59.912791977,-164.074589299 59.912741004,-164.075083163 59.912311372,-164.075475349 59.9119764,-164.075707756 59.911714246,-164.075838484 59.911510347,-164.076288772 59.911422962,-164.076651908 59.911306447,-164.077160298 59.911524912,-164.078046348 59.911371987,-164.077770365 59.91066561,-164.076971467 59.910629198,-164.07759606 59.91029421,-164.077384078 59.909691355))",100,,yes,
1,20,795655898,-164.0747790196707,59.91188913032141,mrm0065@uah.edu,false,2026-01-09 16:19,10.0 secs,,,"POLYGON((-164.077384078 59.909691355,-164.076192994 59.909815158,-164.076599705 59.909946243,-164.076672332 59.910397753,-164.076091316 59.910645353,-164.075844383 59.910965773,-164.075684604 59.911271626,-164.075132638 59.911235215,-164.075074536 59.911490091,-164.075045486 59.911679426,-164.07468235 59.911737682,-164.074028706 59.911599323,-164.073360537 59.91145368,-164.073142656 59.911781375,-164.07259069 59.911446398,-164.072067775 59.911257062,-164.072053249 59.911424552,-164.072416385 59.911679426,-164.072750469 59.911897888,-164.072111351 59.911737682,-164.071864419 59.911643015,-164.071501284 59.911752247,-164.071123623 59.9120144,-164.071428656 59.912283834,-164.071835368 59.912116348,-164.072256605 59.911948862,-164.072285656 59.912247424,-164.072692368 59.912633366,-164.073084554 59.912757158,-164.073578418 59.912684339,-164.073418639 59.912851822,-164.072976977 59.913075968,-164.073325587 59.913410928,-164.073819451 59.913665787,-164.074342366 59.913935208,-164.074720027 59.913906081,-164.07499601 59.914000742,-164.075606078 59.913753167,-164.075257468 59.913600252,-164.074720027 59.913585689,-164.074952434 59.913308984,-164.074690976 59.913170631,-164.073833977 59.913119659,-164.073659672 59.913046841,-164.074051858 59.912791977,-164.074589299 59.912741004,-164.075083163 59.912311372,-164.075475349 59.9119764,-164.075707756 59.911714246,-164.075838484 59.911510347,-164.076288772 59.911422962,-164.076651908 59.911306447,-164.077160298 59.911524912,-164.078046348 59.911371987,-164.077770365 59.91066561,-164.076971467 59.910629198,-164.07759606 59.91029421,-164.077384078 59.909691355))",100,,yes,
1,58,795655828,-164.008336595063,59.925273665668826,mrm0065@uah.edu,false,2026-01-09 16:19,10.0 secs,,,"POLYGON((-164.008839166 59.92553503,-164.00750431 59.925611666,-164.007909897 59.925050304,-164.008624504 59.924853503,-164.009055843 59.925140639,-164.008839166 59.92553503))",100,,yes,
1,94,795655863,-164.02349533599624,59.94750668319326,mrm0065@uah.edu,false,2026-01-09 16:19,10.0 secs,,,"POLYGON((-164.024360145 59.947936793,-164.02396101 59.947699095,-164.023734474 59.947531625,-164.023712899 59.947320936,-164.02366975 59.947088636,-164.023443214 59.946931968,-164.02324904 59.947083234,-164.022763605 59.947223694,-164.022709668 59.947369556,-164.023119591 59.947493809,-164.023054866 59.947645072,-164.023378489 59.947753117,-164.0235403 59.947877368,-164.023885498 59.947974608,-164.024284633 59.948071848,-164.024360145 59.947936793))",100,,yes,
1,45,795655889,-163.9954595755357,59.93046665648951,mrm0065@uah.edu,false,2026-01-09 16:19,10.0 secs,,,"POLYGON((-163.994544712 59.93069048,-163.99654539 59.93062561,-163.997021795 59.930332071,-163.996236369 59.930403036,-163.995051778 59.930186912,-163.99431785 59.930332071,-163.994544712 59.93069048))",100,,yes,
1,59,795655829,-164.0077478763104,59.92643222537111,mrm0065@uah.edu,false,2026-01-09 16:19,10.0 secs,,,"POLYGON((-164.008681665 59.92669169,-164.007580005 59.926618944,-164.006498791 59.926618058,-164.0073486 59.926379327,-164.007767063 59.925963154,-164.008681665 59.92669169))",100,,yes,
1,121,795655830,-164.0301580282455,59.94017988096779,mrm0065@uah.edu,false,2026-01-09 16:19,10.0 secs,,,"POLYGON((-164.030050208 59.940420993,-164.030142748 59.940223991,-164.029564371 59.939858953,-164.03017745 59.93996325,-164.030489774 59.940223991,-164.030397233 59.940519494,-164.030050208 59.940420993))",100,,yes,
1,120,795655831,-164.03043926007544,59.94082872389887,mrm0065@uah.edu,false,2026-01-09 16:19,10.0 secs,,,"POLYGON((-164.03106815 59.940762848,-164.030431936 59.940757054,-164.029876695 59.940496318,-164.029714749 59.940670142,-164.029830424 59.940786024,-164.03008491 59.940901906,-164.030524476 59.940983024,-164.030894637 59.941145258,-164.03106815 59.94097723,-164.031102852 59.940867142,-164.03106815 59.940762848))",100,,yes,
1,107,795655832,-164.01431781015938,59.9409214158135,mrm0065@uah.edu,false,2026-01-09 16:19,10.0 secs,,,"POLYGON((-164.014706882 59.940860412,-164.014186256 59.940642546,-164.013942418 59.940678857,-164.013935828 59.940758081,-164.01398196 59.940909927,-164.014074222 59.941025462,-164.014133534 59.941183908,-164.014364192 59.941177306,-164.014515767 59.941137695,-164.014667341 59.941098083,-164.014746424 59.940999054,-164.014706882 59.940860412))",100,,yes,
1,93,795655864,-164.02541768665031,59.947564148646286,mrm0065@uah.edu,false,2026-01-09 16:19,10.0 secs,,,"POLYGON((-164.027100154 59.947455993,-164.026226372 59.947315534,-164.025773299 59.947320936,-164.025449676 59.947385763,-164.025190778 59.947434384,-164.024985817 59.947320936,-164.024964242 59.947185878,-164.025233927 59.947234499,-164.025331014 59.947153464,-164.025072115 59.947013003,-164.024899517 59.94693737,-164.024856367 59.947023808,-164.02446802 59.947061624,-164.024392507 59.94721289,-164.024155184 59.947229097,-164.023982585 59.947115648,-164.02396101 59.947245304,-164.024241484 59.947337143,-164.023928648 59.947585648,-164.024403295 59.947623464,-164.02475928 59.947704497,-164.024424869 59.94775852,-164.024737706 59.947882771,-164.024834793 59.948055641,-164.025147628 59.947958402,-164.025546763 59.947963804,-164.025935111 59.94802863,-164.026334246 59.947969206,-164.026496057 59.947839553,-164.026765743 59.947672084,-164.027100154 59.947455993))",100,,yes,
1,98,795655886,-164.06757743269526,59.92640439177952,mrm0065@uah.edu,false,2026-01-09 16:19,10.0 secs,,,"POLYGON((-164.067179493 59.92571028,-164.066736474 59.925670318,-164.066523825 59.925834603,-164.066240292 59.925772442,-164.066080805 59.925843483,-164.066258014 59.925985567,-164.066532685 59.926260852,-164.066816218 59.92611433,-164.067090889 59.925963366,-164.067294678 59.926029968,-164.067401003 59.92616317,-164.067312399 59.926318573,-164.06709975 59.926349653,-164.067170633 59.926460654,-164.066656731 59.926553895,-164.066594708 59.926678215,-164.06687824 59.926864695,-164.067055448 59.926860255,-164.066887101 59.926753695,-164.066993425 59.926669335,-164.067268097 59.926642695,-164.067321259 59.926553895,-164.067516188 59.926589415,-164.067533908 59.926687095,-164.067179493 59.926775895,-164.067144052 59.926904655,-164.067214935 59.926962374,-164.06710861 59.927042294,-164.067383282 59.927077813,-164.067454165 59.926926855,-164.067622512 59.926900215,-164.067950346 59.926851375,-164.067844022 59.926984574,-164.067826301 59.927077813,-164.06803895 59.927055614,-164.068331343 59.927064494,-164.068446528 59.926935735,-164.06849969 59.926882455,-164.068703479 59.926744815,-164.06850855 59.926709295,-164.068552852 59.926638255,-164.068916128 59.926500614,-164.068694618 59.926398494,-164.068428807 59.926473974,-164.068295901 59.926465094,-164.068765501 59.926354093,-164.068765501 59.926185371,-164.068340203 59.926212011,-164.068242739 59.926367413,-164.068056671 59.926189811,-164.067879463 59.92613209,-164.067994648 59.925950046,-164.067861742 59.925865684,-164.067649093 59.926092129,-164.067463025 59.925843483,-164.067268097 59.925861244,-164.067179493 59.92571028))",100,,yes,
1,128,795655890,-164.0416344547242,59.92430804803693,mrm0065@uah.edu,false,2026-01-09 16:19,10.0 secs,,,"POLYGON((-164.042299001 59.923693083,-164.04149932 59.923893464,-164.040539703 59.923799953,-164.040193174 59.923866746,-164.040566359 59.924133919,-164.041099479 59.924133919,-164.041419352 59.924387731,-164.040886231 59.924668257,-164.041259416 59.924868632,-164.041659256 59.924895349,-164.041659256 59.925069006,-164.042059096 59.924975498,-164.042352313 59.924735049,-164.042512249 59.924414448,-164.042112409 59.924053767,-164.04231766 59.923794609,-164.042837453 59.923694419,-164.042464268 59.923594228,-164.042299001 59.923693083))",100,,yes,
1,109,795655899,-164.07336584656588,59.93177106316154,mrm0065@uah.edu,false,2026-01-09 16:19,10.0 secs,,,"POLYGON((-164.073030735 59.93182327,-164.072946354 59.931605845,-164.072548561 59.93152733,-164.072391855 59.931466933,-164.072223094 59.931479012,-164.072235148 59.931551488,-164.071969953 59.931630003,-164.071897627 59.931744756,-164.072162822 59.931901785,-164.07193379 59.932215841,-164.071584214 59.932046734,-164.071427508 59.932125248,-164.071560106 59.932378908,-164.071801192 59.932439303,-164.072247203 59.932197723,-164.072440072 59.932095051,-164.073006626 59.932161486,-164.073103061 59.932046734,-164.073392365 59.932239999,-164.073452637 59.932149407,-164.07338031 59.932034655,-164.073621397 59.931925943,-164.073898647 59.93197426,-164.074055354 59.931853468,-164.074187951 59.931738716,-164.074429038 59.93167228,-164.07465807 59.931623964,-164.075200516 59.931762875,-164.07548982 59.931696439,-164.07529695 59.93151525,-164.07485094 59.931358219,-164.07493532 59.931255544,-164.075272842 59.9313401,-164.075357222 59.931231386,-164.075188461 59.931164949,-164.074718342 59.931080393,-164.07448931 59.93133406,-164.074694233 59.931424655,-164.074646016 59.931472973,-164.074308495 59.931406536,-164.074091516 59.931569607,-164.073681669 59.931605845,-164.0734888 59.931756835,-164.073440582 59.931853468,-164.073259767 59.931913864,-164.073030735 59.93182327))",100,,yes,
1,69,795655756,-164.05651875126802,59.94419319690008,mrm0065@uah.edu,false,2026-01-09 16:19,10.0 secs,,,"POLYGON((-164.057065824 59.944016399,-164.056792708 59.944181986,-164.056692086 59.944556352,-164.056447718 59.944613947,-164.056088355 59.944433964,-164.056203351 59.944210783,-164.056375846 59.944073995,-164.056217726 59.943987602,-164.056002108 59.943973203,-164.056045231 59.943894009,-164.056490842 59.943886809,-164.056835831 59.943850812,-164.057065824 59.944016399))",100,,yes,
1,77,795655833,-164.0222226814482,59.94208840166507,mrm0065@uah.edu,false,2026-01-09 16:19,10.0 secs,,,"POLYGON((-164.022769564 59.94098303,-164.022245823 59.94113606,-164.021634792 59.940906515,-164.021001937 59.940972099,-164.020412728 59.941234436,-164.020565487 59.941649798,-164.02076189 59.942130738,-164.021591146 59.94219632,-164.021569325 59.942557019,-164.021460211 59.942786553,-164.021067405 59.942917714,-164.021918484 59.943333055,-164.022704096 59.943453285,-164.02348971 59.943190966,-164.023533355 59.942895854,-164.023424242 59.94260074,-164.024035274 59.942414925,-164.02383887 59.94220725,-164.023184194 59.942272832,-164.023227839 59.942054225,-164.022682275 59.941835616,-164.023206016 59.941770034,-164.022987791 59.94147491,-164.023380597 59.94149677,-164.02348971 59.941824686,-164.024078919 59.941649798,-164.023729758 59.941453048,-164.023511532 59.941278158,-164.023009613 59.941070476,-164.022769564 59.94098303))",100,,yes,
1,81,795655865,-164.0201683446882,59.948741317579724,mrm0065@uah.edu,false,2026-01-09 16:19,10.0 secs,,,"POLYGON((-164.019784715 59.948016867,-164.01999508 59.948460203,-164.019714593 59.948543602,-164.019188681 59.948543602,-164.019022141 59.948583107,-164.019267568 59.948868418,-164.019705828 59.948824524,-164.020047672 59.948943037,-164.020459637 59.949114222,-164.020871602 59.949311742,-164.021152089 59.949223956,-164.020950489 59.949039603,-164.021029376 59.948881586,-164.02078395 59.948741125,-164.020547289 59.948675284,-164.020345689 59.94855677,-164.02039828 59.948416308,-164.020144089 59.94816611,-164.019784715 59.948016867))",100,,yes,
1,38,795655891,-164.07334947730962,59.91556026657298,mrm0065@uah.edu,false,2026-01-09 16:19,10.0 secs,,,"POLYGON((-164.07346343 59.914848909,-164.07272555 59.914714984,-164.07235661 59.914734116,-164.072064002 59.914906306,-164.07272555 59.915052986,-164.072585607 59.915212419,-164.072127613 59.915320834,-164.071822283 59.915486643,-164.072254833 59.915907541,-164.072343888 59.916060594,-164.072827327 59.915996822,-164.073412542 59.915767243,-164.073590651 59.915984068,-164.073539763 59.916309302,-164.07339982 59.916532501,-164.073972313 59.916487861,-164.074366697 59.91627104,-164.0741377 59.91597769,-164.074290365 59.915990445,-164.074557528 59.916220022,-164.074850136 59.916117988,-164.074722915 59.915958559,-164.074710193 59.915709848,-164.074621139 59.915601434,-164.074150422 59.915665207,-164.074277643 59.91535272,-164.074252199 59.91518691,-164.073985035 59.915001967,-164.07346343 59.914848909))",100,,yes,
1,92,795655900,-164.0002645152938,59.94081178596646,mrm0065@uah.edu,false,2026-01-09 16:19,10.0 secs,,,"POLYGON((-164.000808261 59.940644553,-164.000322965 59.940785804,-164.000093433 59.940674117,-163.999877018 59.940614989,-163.999686834 59.94075624,-163.999706509 59.940894205,-164.000034411 59.940996036,-164.00017213 59.940894205,-164.000447568 59.940946763,-164.000834493 59.940917199,-164.000900073 59.940752954,-164.000808261 59.940644553))",100,,yes,
1,55,795655757,-163.99758478568975,59.92565819153045,mrm0065@uah.edu,false,2026-01-09 16:19,10.0 secs,,,"POLYGON((-163.998118991 59.92572505,-163.99748807 59.926025085,-163.997063167 59.92566375,-163.997488068 59.925447595,-163.997430129 59.925134652,-163.998118991 59.92572505))",100,,yes,
1,116,795655866,-164.02491230112074,59.94838610335713,mrm0065@uah.edu,false,2026-01-09 16:19,10.0 secs,,,"POLYGON((-164.024991802 59.948151821,-164.024233921 59.948408924,-164.024918459 59.948641539,-164.025554101 59.94831098,-164.024991802 59.948151821))",100,,yes,
1,108,795655892,-164.07493816847875,59.93033742793369,mrm0065@uah.edu,false,2026-01-09 16:19,10.0 secs,,,"POLYGON((-164.075314527 59.930391356,-164.075428385 59.930301028,-164.075314527 59.930210701,-164.075077323 59.930262996,-164.074849607 59.930091848,-164.074726261 59.930110865,-164.07467882 59.930215455,-164.074384687 59.930205947,-164.074289806 59.930324799,-164.074716773 59.930405618,-164.075124764 59.930557747,-164.075390433 59.930567255,-164.075409409 59.930434142,-164.075314527 59.930391356))",100,,yes,
1,47,795655758,-163.99421438494352,59.92730763513472,mrm0065@uah.edu,false,2026-01-09 16:19,10.0 secs,,,"POLYGON((-163.995685465 59.92722532,-163.994578133 59.927354361,-163.994178984 59.926999496,-163.99431418 59.926493,-163.993199646 59.926593009,-163.99300651 59.92701885,-163.993502226 59.92776084,-163.994422847 59.927947946,-163.995079512 59.927854393,-163.99594219 59.927544698,-163.995685465 59.92722532))",100,,yes,
1,5,795655759,-164.04325943657673,59.95385025855875,mrm0065@uah.edu,false,2026-01-09 16:19,10.0 secs,,,"POLYGON((-164.044101434 59.954400336,-164.043682996 59.95422892,-164.043036319 59.954209874,-164.042370622 59.95404798,-164.041609825 59.953933702,-164.042446701 59.953667051,-164.042884159 59.953705144,-164.043702016 59.953248025,-164.044481832 59.953381352,-164.043682996 59.953695621,-164.043549856 59.95383847,-164.043797115 59.954057503,-164.044443793 59.954219397,-164.044367713 59.954400336,-164.044101434 59.954400336))",100,,yes,
1,108,795655867,-164.02889849880495,59.94855170173321,mrm0065@uah.edu,false,2026-01-09 16:19,10.0 secs,,,"POLYGON((-164.028230845 59.948952875,-164.028809964 59.948702414,-164.029678642 59.948583774,-164.029915555 59.948425586,-164.029704966 59.948320128,-164.0290732 59.948359675,-164.028441434 59.948399222,-164.028072903 59.948517862,-164.028230845 59.948728778,-164.028230845 59.948952875))",100,,yes,
1,122,795655760,-164.07327210082502,59.944579948208634,mrm0065@uah.edu,false,2026-01-09 16:19,10.0 secs,,,"POLYGON((-164.074056418 59.94515383,-164.073387916 59.944819023,-164.072939195 59.944562182,-164.072701098 59.944286994,-164.07227985 59.944048495,-164.072472159 59.943970524,-164.072801831 59.94410812,-164.073140661 59.944323686,-164.073287182 59.944511731,-164.073543594 59.944672257,-164.07390074 59.944860301,-164.074257885 59.945043757,-164.07431283 59.945149244,-164.074056418 59.94515383))",100,,yes,
1,56,795655761,-163.9929515935881,59.92557611286625,mrm0065@uah.edu,false,2026-01-09 16:19,10.0 secs,,,"POLYGON((-163.993403548 59.925573218,-163.993345607 59.92535061,-163.992888513 59.925402229,-163.992521553 59.925682908,-163.992731652 59.925894039,-163.993059986 59.925597228,-163.993403548 59.925573218))",100,,yes,
1,79,795655834,-164.0838907061657,59.94281704187285,mrm0065@uah.edu,false,2026-01-09 16:19,10.0 secs,,,"POLYGON((-164.084305457 59.942103051,-164.084020985 59.942107013,-164.083506718 59.942224002,-164.082178583 59.942447294,-164.08183494 59.942479857,-164.081769926 59.942591502,-164.081426283 59.942731059,-164.081333407 59.9427078,-164.081156941 59.942782229,-164.081565598 59.94293574,-164.081788502 59.942907829,-164.081899954 59.942963651,-164.081723488 59.943024125,-164.082104282 59.943131117,-164.082355049 59.943210198,-164.08258724 59.943228805,-164.082930884 59.943428831,-164.082903021 59.943261367,-164.082717268 59.943145072,-164.082401487 59.943121813,-164.082039269 59.942977607,-164.082094994 59.942912481,-164.082345761 59.942921785,-164.082503651 59.943047384,-164.082726555 59.94308925,-164.08286587 59.943121813,-164.083079486 59.943247412,-164.08330239 59.943354403,-164.083190938 59.943419528,-164.083311677 59.943493956,-164.083608882 59.943577688,-164.084110416 59.943614901,-164.084537648 59.943563732,-164.085067044 59.943447438,-164.085475701 59.943298582,-164.085392112 59.943196242,-164.08535203 59.943064745,-164.08512277 59.943033429,-164.08567061 59.942985708,-164.086127538 59.94267225,-164.085686881 59.942446157,-164.085547161 59.942354642,-164.085020523 59.942246978,-164.08475183 59.94208548,-164.084504632 59.941999348,-164.084305457 59.942103051))",100,,yes,
1,96,795655868,-164.03048467121792,59.947550892551824,mrm0065@uah.edu,false,2026-01-09 16:19,10.0 secs,,,"POLYGON((-164.030797157 59.947111783,-164.030020462 59.947284658,-164.029912587 59.947587186,-164.029642901 59.947787069,-164.029653689 59.948013962,-164.03019306 59.947938331,-164.030538258 59.947803276,-164.030861881 59.947673622,-164.031390466 59.947684426,-164.03149834 59.947625002,-164.031228654 59.94743052,-164.031002118 59.947176611,-164.030797157 59.947111783))",100,,yes,
1,37,795655887,-164.07728890047255,59.91490232132457,mrm0065@uah.edu,false,2026-01-09 16:19,10.0 secs,,,"POLYGON((-164.077877989 59.913783866,-164.077521771 59.913637181,-164.077165553 59.913694579,-164.076733002 59.913751978,-164.076885667 59.913898663,-164.077178275 59.91421754,-164.077229163 59.914434376,-164.076987444 59.914466263,-164.076516727 59.914172898,-164.076300452 59.914249428,-164.076364062 59.914440753,-164.076160509 59.914593812,-164.076605782 59.914791513,-164.076554894 59.91494457,-164.076376784 59.91509125,-164.076198676 59.914989212,-164.075727959 59.91497008,-164.07554985 59.915193287,-164.075638904 59.915263438,-164.075219076 59.915371852,-164.074977357 59.915633321,-164.075269964 59.915760865,-164.075651626 59.915894787,-164.075944234 59.916022331,-164.075588016 59.916111611,-164.07548624 59.916207268,-164.075817013 59.91631568,-164.076046011 59.916169005,-164.076682114 59.916200891,-164.07672028 59.916060594,-164.07635134 59.915862901,-164.07635134 59.915531284,-164.076465839 59.915410116,-164.076847501 59.915403739,-164.076974722 59.915276192,-164.076923834 59.915097627,-164.077203719 59.914976457,-164.07769988 59.915129514,-164.078246929 59.915218797,-164.078654035 59.915403739,-164.079582746 59.915461134,-164.079519136 59.915225174,-164.07917564 59.915199665,-164.07911203 59.915014721,-164.079391915 59.914957325,-164.079290139 59.914721361,-164.079264695 59.914561925,-164.078704924 59.914510905,-164.078425038 59.914281316,-164.078106986 59.914179275,-164.078361428 59.913924173,-164.078183319 59.913790244,-164.077877989 59.913783866))",100,,yes,
1,33,795655893,-164.05992410857567,59.93235400943103,mrm0065@uah.edu,false,2026-01-09 16:19,10.0 secs,,,"POLYGON((-164.061288048 59.933803825,-164.060776786 59.933574644,-164.060400067 59.934127371,-164.059646628 59.933547682,-164.059538994 59.932806203,-164.058220477 59.932118635,-164.059216092 59.931822033,-164.058462653 59.931323196,-164.059135366 59.931013105,-164.058355019 59.930581668,-164.059565903 59.930676045,-164.060023347 59.931053552,-164.059700445 59.931390607,-164.059404452 59.9314715,-164.059808079 59.931754623,-164.060265524 59.93153891,-164.060857511 59.931822033,-164.061288048 59.932213008,-164.061314956 59.932603979,-164.060265524 59.932118635,-164.060104073 59.932550052,-164.060050256 59.932752277,-164.060830603 59.932900574,-164.061341865 59.933035389,-164.061503316 59.933372424,-164.061288048 59.933803825))",100,,yes,
1,36,795655901,-164.0775802099759,59.91178806651566,mrm0065@uah.edu,false,2026-01-09 16:19,10.0 secs,,,"POLYGON((-164.077941599 59.911832261,-164.077661714 59.911966198,-164.077343662 59.911940686,-164.077241885 59.911787615,-164.077483605 59.911609031,-164.077852545 59.911609031,-164.077776212 59.911723835,-164.077941599 59.911832261))",100,,yes,
1,6,795655762,-164.0523532147347,59.953794028,mrm0065@uah.edu,false,2026-01-09 16:19,10.0 secs,,,"POLYGON((-164.052470198 59.953943225,-164.052070779 59.953790854,-164.052413138 59.953648005,-164.052546277 59.953790854,-164.052470198 59.953943225))",100,,yes,
1,106,795655835,-164.0155955839808,59.94005824587309,mrm0065@uah.edu,false,2026-01-09 16:19,10.0 secs,,,"POLYGON((-164.016183987 59.94034988,-164.015729513 59.94015895,-164.015216397 59.940122232,-164.014512696 59.939923957,-164.015040472 59.939879896,-164.015582908 59.939879896,-164.016110684 59.94001208,-164.016359912 59.940188323,-164.016359912 59.940313162,-164.016183987 59.94034988))",100,,yes,
1,53,795655763,-163.9947565959009,59.925286450518726,mrm0065@uah.edu,false,2026-01-09 16:19,10.0 secs,,,"POLYGON((-163.995680367 59.925204093,-163.994901373 59.925546073,-163.994034512 59.925526716,-163.994086015 59.925268618,-163.994691177 59.924965352,-163.995680367 59.925204093))",100,,yes,
1,30,795655836,-164.01847060926067,59.940536465576734,mrm0065@uah.edu,false,2026-01-09 16:19,10.0 secs,,,"POLYGON((-164.020534467 59.940238281,-164.019515644 59.940079902,-164.019006232 59.939921522,-164.018549518 59.940079902,-164.018022541 59.940282276,-164.016775361 59.940317471,-164.016301081 59.940431855,-164.016020026 59.940757408,-164.01644816 59.94094479,-164.017221061 59.9408744,-164.017765604 59.941023977,-164.018116923 59.940962387,-164.018099357 59.940804011,-164.01855607 59.940900796,-164.018872257 59.940848004,-164.019557328 59.941032776,-164.019943778 59.9408744,-164.020259964 59.940584044,-164.02066398 59.940531251,-164.020804508 59.940372873,-164.020534467 59.940238281))",100,,yes,
1,97,795655869,-164.03278951316662,59.94773092797216,mrm0065@uah.edu,false,2026-01-09 16:19,10.0 secs,,,"POLYGON((-164.031923865 59.947749862,-164.031751267 59.94757699,-164.031772842 59.947355497,-164.031513944 59.947144806,-164.031675755 59.947020553,-164.032171977 59.94701515,-164.032743711 59.946836872,-164.033045759 59.946723422,-164.033434107 59.946663996,-164.033617493 59.946761239,-164.033390957 59.946826068,-164.032894734 59.946966529,-164.032678986 59.947101588,-164.032096465 59.947166416,-164.032387726 59.947350095,-164.032430875 59.947447336,-164.032678986 59.947609404,-164.032883948 59.947722851,-164.033175208 59.947674231,-164.033164421 59.947571588,-164.033002609 59.947463543,-164.033142846 59.947306876,-164.033693005 59.947171818,-164.034102928 59.947042162,-164.0344697 59.946955724,-164.034750174 59.947188025,-164.034944347 59.947393313,-164.03459915 59.947587795,-164.034286314 59.947717449,-164.03404899 59.947874113,-164.033736155 59.948046984,-164.033455682 59.948122614,-164.03375773 59.948257668,-164.033649855 59.948333298,-164.033239933 59.948317092,-164.032959459 59.948317092,-164.032657412 59.948149625,-164.032204339 59.948333298,-164.031751267 59.948371113,-164.03156788 59.948446743,-164.03136292 59.948581796,-164.031082446 59.948765467,-164.030607799 59.94869524,-164.030187089 59.948468352,-164.030801973 59.94831169,-164.031589456 59.948106408,-164.031977803 59.947982158,-164.032484813 59.947836298,-164.03216119 59.947733656,-164.031999378 59.947874113,-164.031794416 59.9478417,-164.031923865 59.947749862))",100,,yes,
1,35,795655764,-164.04525170970973,59.95484495585194,mrm0065@uah.edu,false,2026-01-09 16:19,10.0 secs,,,"POLYGON((-164.045421763 59.954461128,-164.044150457 59.955112028,-164.045101526 59.955136658,-164.046101786 59.95485752,-164.04596514 59.954613956,-164.045421763 59.954461128))",100,,yes,
1,100,795655837,-164.01833698958075,59.9303584732798,mrm0065@uah.edu,false,2026-01-09 16:19,10.0 secs,,,"POLYGON((-164.018857012 59.930316334,-164.018559134 59.930153512,-164.018559134 59.930089061,-164.018308645 59.930068708,-164.018159705 59.930129767,-164.017767047 59.930112806,-164.017685807 59.930129767,-164.017943066 59.930217962,-164.017753507 59.930265452,-164.017855056 59.930387568,-164.017997226 59.93045541,-164.018152935 59.930485939,-164.018389884 59.930475763,-164.018315415 59.930530036,-164.018362804 59.930628407,-164.018173245 59.930672504,-164.018240945 59.930709817,-164.018491434 59.930716601,-164.018863782 59.93066572,-164.018762233 59.93058431,-164.018606523 59.930604662,-164.018532054 59.930523252,-164.018680993 59.930445234,-164.018857012 59.930387568,-164.018857012 59.930316334))",100,,yes,
1,33,795655894,-164.05992410857567,59.93235400943103,mrm0065@uah.edu,false,2026-01-09 16:19,10.0 secs,,,"POLYGON((-164.061288048 59.933803825,-164.060776786 59.933574644,-164.060400067 59.934127371,-164.059646628 59.933547682,-164.059538994 59.932806203,-164.058220477 59.932118635,-164.059216092 59.931822033,-164.058462653 59.931323196,-164.059135366 59.931013105,-164.058355019 59.930581668,-164.059565903 59.930676045,-164.060023347 59.931053552,-164.059700445 59.931390607,-164.059404452 59.9314715,-164.059808079 59.931754623,-164.060265524 59.93153891,-164.060857511 59.931822033,-164.061288048 59.932213008,-164.061314956 59.932603979,-164.060265524 59.932118635,-164.060104073 59.932550052,-164.060050256 59.932752277,-164.060830603 59.932900574,-164.061341865 59.933035389,-164.061503316 59.933372424,-164.061288048 59.933803825))",100,,yes,
1,111,795655750,-164.0381406924901,59.950812655291216,mrm0065@uah.edu,false,2026-01-09 16:19,10.0 secs,,,"POLYGON((-164.038562516 59.950787222,-164.037850119 59.950624368,-164.037788171 59.950802732,-164.038051448 59.950973341,-164.038268265 59.950957831,-164.038469594 59.950911301,-164.038562516 59.950787222))",100,,yes,
1,111,795655751,-164.03686980069617,59.95128712574774,mrm0065@uah.edu,false,2026-01-09 16:19,10.0 secs,,,"POLYGON((-164.036940624 59.95152004,-164.036520012 59.951347035,-164.036354772 59.951166508,-164.036414859 59.951068721,-164.036955646 59.951181552,-164.037256083 59.951181552,-164.037451367 59.951301904,-164.036940624 59.95152004))",100,,yes,
1,68,795655752,-164.06211953911998,59.94395048241077,mrm0065@uah.edu,false,2026-01-09 16:19,10.0 secs,,,"POLYGON((-164.062770532 59.944377844,-164.062094928 59.944053872,-164.061347452 59.943744295,-164.061232456 59.94352111,-164.061519946 59.943585906,-164.062109303 59.943787492,-164.062497415 59.944003476,-164.062899902 59.944154664,-164.062899902 59.944284253,-164.062871153 59.94442104,-164.062770532 59.944377844))",100,,yes,
1,70,795655753,-164.05524550419145,59.94407399826732,mrm0065@uah.edu,false,2026-01-09 16:19,10.0 secs,,,"POLYGON((-164.055642744 59.944160388,-164.055455875 59.943958804,-164.055067762 59.943807615,-164.054924017 59.943987602,-164.055024639 59.94425398,-164.0554415 59.944275578,-164.055642744 59.944160388))",100,,yes,
1,95,795655754,-163.99837250116164,59.93492843749151,mrm0065@uah.edu,false,2026-01-09 16:19,10.0 secs,,,"POLYGON((-163.999333671 59.934824906,-163.998684997 59.934768388,-163.998219645 59.934443411,-163.997853004 59.934521123,-163.998135035 59.934718936,-163.997655582 59.934761324,-163.997444058 59.934683612,-163.997345347 59.934881423,-163.997570972 59.935135751,-163.99817734 59.935277043,-163.998826014 59.935206397,-163.999488789 59.935029781,-163.999643906 59.934853165,-163.999333671 59.934824906))",100,,yes,
1,35,795655755,-164.03862794162382,59.95191645237961,mrm0065@uah.edu,false,2026-01-09 16:19,10.0 secs,,,"POLYGON((-164.040025303 59.951802439,-164.039653626 59.952185602,-164.039413129 59.952169181,-164.039292881 59.951955703,-164.038953994 59.951983072,-164.038647905 59.952385393,-164.037926414 59.952664551,-164.037571133 59.952563288,-164.037362642 59.952339719,-164.037856067 59.95203367,-164.03837969 59.951334787,-164.039307927 59.95115066,-164.039378983 59.951562977,-164.03955389 59.951746351,-164.040025303 59.951802439))",100,,yes,
1,35,795655908,-164.07366843133434,59.93333674745594,mrm0065@uah.edu,false,2026-01-09 16:19,10.0 secs,,,"POLYGON((-164.070487564 59.935442119,-164.070035635 59.935316874,-164.069958711 59.935133821,-164.070035635 59.934936316,-164.070199098 59.9347918,-164.070381793 59.934425689,-164.070612565 59.934483496,-164.071006801 59.934363064,-164.07128565 59.934271536,-164.071631808 59.934314891,-164.07203566 59.934131834,-164.072064506 59.93395841,-164.072256816 59.933968044,-164.072795284 59.933731993,-164.073308798 59.933476671,-164.073549186 59.933409227,-164.073549186 59.933202077,-164.073164566 59.933187625,-164.072712637 59.933250252,-164.072414556 59.933226165,-164.072087629 59.933303244,-164.071837626 59.933327331,-164.0716357 59.933144268,-164.0716357 59.932941934,-164.071376082 59.932758868,-164.072267119 59.932241784,-164.072497891 59.932193608,-164.07305559 59.932212878,-164.073382517 59.932415217,-164.073517134 59.932559744,-164.07344021 59.93278135,-164.073844061 59.933002955,-164.074113295 59.933253464,-164.074651764 59.933002955,-164.074901767 59.932790985,-164.074555608 59.932598284,-164.074709456 59.932280324,-164.074978691 59.931981632,-164.075651776 59.931692573,-164.076632557 59.931827468,-164.077036408 59.931971997,-164.076805636 59.932222513,-164.076517171 59.932376676,-164.076610579 59.932733175,-164.076552886 59.93295478,-164.076360576 59.93314748,-164.076456731 59.933224559,-164.076764427 59.933349812,-164.076783658 59.933687031,-164.076302883 59.933475066,-164.075783646 59.933455796,-164.075533642 59.933378717,-164.075533642 59.933157114,-164.075456718 59.93295478,-164.075552874 59.93270427,-164.075533642 59.932453757,-164.075245177 59.932453757,-164.075225946 59.93270427,-164.075225946 59.93291624,-164.075437488 59.933166749,-164.075341332 59.933407622,-164.074899019 59.933629222,-164.074937481 59.933764109,-164.074399013 59.933879726,-164.074437475 59.934004977,-164.074069076 59.93409832,-164.073477883 59.934224097,-164.073008168 59.93432553,-164.07221873 59.934274672,-164.071805705 59.934432907,-164.071603242 59.934465365,-164.071700424 59.934587084,-164.071416976 59.93469663,-164.07161134 59.934854862,-164.071862395 59.93507801,-164.071659932 59.935199726,-164.071425074 59.93528087,-164.071028246 59.935171723,-164.071020148 59.935394868,-164.070744797 59.93543544,-164.070487564 59.935442119))",100,,yes,
1,29,795655909,-164.0633252275935,59.93164402510303,mrm0065@uah.edu,false,2026-01-09 16:19,10.0 secs,,,"POLYGON((-164.064081016 59.931451125,-164.063711194 59.931644139,-164.063295144 59.931690463,-164.063125642 59.931759947,-164.063279734 59.931922078,-164.063125642 59.932084208,-164.062832866 59.931929798,-164.062524681 59.931821712,-164.063819059 59.93125811,-164.064065607 59.931296713,-164.063911514 59.931397081,-164.064081016 59.931451125))",100,,yes,
1,14,795655910,-164.08208357315556,59.92925846450517,mrm0065@uah.edu,false,2026-01-09 16:19,10.0 secs,,,"POLYGON((-164.084912993 59.929222586,-164.084248439 59.929398873,-164.082880239 59.929398873,-164.082450234 59.929673096,-164.082215685 59.929927729,-164.081707497 59.92984938,-164.082028046 59.929375368,-164.082008501 59.929208874,-164.081715315 59.929189287,-164.081539404 59.929385162,-164.081324401 59.929630004,-164.080835758 59.929678972,-164.080835758 59.929532067,-164.080444844 59.929532067,-164.079858473 59.929630004,-164.079428467 59.929835669,-164.07895937 59.929962986,-164.078842096 59.929776908,-164.078978916 59.929522273,-164.079584833 59.929208874,-164.080542572 59.929208874,-164.080659847 59.929003205,-164.081558949 59.928954236,-164.082203958 59.928954236,-164.082840932 59.928730719,-164.083798672 59.928769895,-164.084688896 59.928677301,-164.084912993 59.929222586))",100,,yes,
1,26,795655911,-164.0772841793321,59.929424050432864,mrm0065@uah.edu,false,2026-01-09 16:19,10.0 secs,,,"POLYGON((-164.07808229 59.929466118,-164.077770605 59.929599156,-164.077655166 59.929483471,-164.077516639 59.929570235,-164.077285761 59.929535529,-164.077031795 59.929749546,-164.076731654 59.929558666,-164.07687018 59.929419844,-164.076500775 59.92937357,-164.077136096 59.929172236,-164.077493956 59.929253216,-164.077944169 59.929339981,-164.07808229 59.929466118))",100,,yes,
1,26,795655912,-164.0772841793321,59.929424050432864,mrm0065@uah.edu,false,2026-01-09 16:19,10.0 secs,,,"POLYGON((-164.07808229 59.929466118,-164.077770605 59.929599156,-164.077655166 59.929483471,-164.077516639 59.929570235,-164.077285761 59.929535529,-164.077031795 59.929749546,-164.076731654 59.929558666,-164.07687018 59.929419844,-164.076500775 59.92937357,-164.077136096 59.929172236,-164.077493956 59.929253216,-164.077944169 59.929339981,-164.07808229 59.929466118))",100,,yes,
1,34,795655913,-164.07877167042312,59.93397443820844,mrm0065@uah.edu,false,2026-01-09 16:19,10.0 secs,,,"POLYGON((-164.079311326 59.932985019,-164.077780205 59.933432498,-164.07674123 59.933870838,-164.075939215 59.934482678,-164.076103263 59.934774896,-164.077160466 59.934500942,-164.077306287 59.934701842,-164.076941734 59.934875346,-164.077707295 59.935131034,-164.078090075 59.934902741,-164.07812653 59.934409623,-164.078673359 59.934400491,-164.079493603 59.934500942,-164.080496122 59.934336568,-164.081225228 59.934163062,-164.081462187 59.933806914,-164.081498642 59.933395969,-164.080459667 59.933450762,-164.080003976 59.933195061,-164.079311326 59.932985019))",100,,yes,
1,30,795655914,-164.08065260038222,59.93476377225175,mrm0065@uah.edu,false,2026-01-09 16:19,10.0 secs,,,"POLYGON((-164.081407504 59.934482678,-164.080313846 59.934455283,-164.079694106 59.934784028,-164.079912838 59.935012322,-164.080569033 59.935094507,-164.081334593 59.934966663,-164.081535097 59.93469271,-164.081407504 59.934482678))",100,,yes,
1,27,795655915,-164.0755162798184,59.93630102408775,mrm0065@uah.edu,false,2026-01-09 16:19,10.0 secs,,,"POLYGON((-164.07498486 59.936373114,-164.074694339 59.936615679,-164.073980143 59.936736961,-164.073495942 59.936864306,-164.072975425 59.937046228,-164.073592782 59.937009844,-164.0748396 59.936700576,-164.075263276 59.936464076,-164.075565901 59.93603352,-164.076025892 59.935985006,-164.076715879 59.935942556,-164.07720008 59.936021391,-164.077587441 59.93587585,-164.07739376 59.935693922,-164.077720596 59.935596893,-164.078204797 59.935778822,-164.077926382 59.935851593,-164.078241112 59.935966813,-164.079003729 59.935985006,-164.07931846 59.936118418,-164.079851081 59.936003198,-164.080407912 59.935609022,-164.080988954 59.935427093,-164.081569995 59.935348256,-164.08153368 59.935602958,-164.081618415 59.93579095,-164.082066301 59.935712115,-164.082199456 59.935894042,-164.081957356 59.936063841,-164.081884726 59.93636705,-164.081303684 59.93639737,-164.080880008 59.936354921,-164.080674223 59.936209381,-164.080226337 59.936130547,-164.080153707 59.936288216,-164.080395807 59.936451948,-164.080020552 59.936567166,-164.080746853 59.936876435,-164.080734748 59.937040164,-164.080250547 59.937088676,-164.080056866 59.936906755,-164.079826871 59.936815794,-164.079572665 59.936882499,-164.079112674 59.937118996,-164.078701103 59.93727666,-164.078216902 59.937300916,-164.078144272 59.937464643,-164.077684281 59.937264532,-164.07710324 59.93724634,-164.076473778 59.937294852,-164.075565901 59.937252404,-164.075093805 59.937391876,-164.074900125 59.93753741,-164.074234348 59.937507091,-164.073641202 59.937428259,-164.072975425 59.937222084,-164.072527539 59.9370341,-164.072261229 59.936791538,-164.071837553 59.936658128,-164.071777028 59.936415563,-164.072333859 59.93622151,-164.072333859 59.936021391,-164.072043338 59.935930428,-164.071522822 59.936088098,-164.071317037 59.936354921,-164.071607557 59.936633871,-164.072140178 59.936864306,-164.072273334 59.937100804,-164.072176494 59.937288788,-164.071462297 59.937525283,-164.071389667 59.937695072,-164.071389667 59.938040714,-164.071256512 59.938155926,-164.070978096 59.93811348,-164.07077231 59.937913373,-164.070735995 59.937610178,-164.071462297 59.937240276,-164.071655977 59.9370341,-164.071680188 59.936858242,-164.071280722 59.936743025,-164.071099146 59.936967395,-164.071171776 59.937118996,-164.071038621 59.937161444,-164.070893361 59.936973459,-164.070941781 59.936785474,-164.0707481 59.936670256,-164.070687575 59.936488332,-164.07060284 59.936257895,-164.070542315 59.936118418,-164.070566525 59.93587585,-164.07077231 59.935772757,-164.071232301 59.935942556,-164.071728608 59.935809143,-164.071692292 59.935615086,-164.071970708 59.935584765,-164.072079653 59.935778822,-164.072454909 59.935712115,-164.072491224 59.935560508,-164.072297544 59.935360385,-164.072273334 59.935014716,-164.072503329 59.934747881,-164.073096476 59.934493174,-164.073895408 59.934462851,-164.074282768 59.934547754,-164.07476697 59.934729688,-164.075118015 59.934832784,-164.07493644 59.935002587,-164.074742759 59.935299742,-164.07476697 59.935542315,-164.07488802 59.935942556,-164.07505749 59.936197253,-164.07496065 59.936445884,-164.07498486 59.936373114))",100,,yes,
1,27,795655916,-164.0755162798184,59.93630102408775,mrm0065@uah.edu,false,2026-01-09 16:19,10.0 secs,,,"POLYGON((-164.07498486 59.936373114,-164.074694339 59.936615679,-164.073980143 59.936736961,-164.073495942 59.936864306,-164.072975425 59.937046228,-164.073592782 59.937009844,-164.0748396 59.936700576,-164.075263276 59.936464076,-164.075565901 59.93603352,-164.076025892 59.935985006,-164.076715879 59.935942556,-164.07720008 59.936021391,-164.077587441 59.93587585,-164.07739376 59.935693922,-164.077720596 59.935596893,-164.078204797 59.935778822,-164.077926382 59.935851593,-164.078241112 59.935966813,-164.079003729 59.935985006,-164.07931846 59.936118418,-164.079851081 59.936003198,-164.080407912 59.935609022,-164.080988954 59.935427093,-164.081569995 59.935348256,-164.08153368 59.935602958,-164.081618415 59.93579095,-164.082066301 59.935712115,-164.082199456 59.935894042,-164.081957356 59.936063841,-164.081884726 59.93636705,-164.081303684 59.93639737,-164.080880008 59.936354921,-164.080674223 59.936209381,-164.080226337 59.936130547,-164.080153707 59.936288216,-164.080395807 59.936451948,-164.080020552 59.936567166,-164.080746853 59.936876435,-164.080734748 59.937040164,-164.080250547 59.937088676,-164.080056866 59.936906755,-164.079826871 59.936815794,-164.079572665 59.936882499,-164.079112674 59.937118996,-164.078701103 59.93727666,-164.078216902 59.937300916,-164.078144272 59.937464643,-164.077684281 59.937264532,-164.07710324 59.93724634,-164.076473778 59.937294852,-164.075565901 59.937252404,-164.075093805 59.937391876,-164.074900125 59.93753741,-164.074234348 59.937507091,-164.073641202 59.937428259,-164.072975425 59.937222084,-164.072527539 59.9370341,-164.072261229 59.936791538,-164.071837553 59.936658128,-164.071777028 59.936415563,-164.072333859 59.93622151,-164.072333859 59.936021391,-164.072043338 59.935930428,-164.071522822 59.936088098,-164.071317037 59.936354921,-164.071607557 59.936633871,-164.072140178 59.936864306,-164.072273334 59.937100804,-164.072176494 59.937288788,-164.071462297 59.937525283,-164.071389667 59.937695072,-164.071389667 59.938040714,-164.071256512 59.938155926,-164.070978096 59.93811348,-164.07077231 59.937913373,-164.070735995 59.937610178,-164.071462297 59.937240276,-164.071655977 59.9370341,-164.071680188 59.936858242,-164.071280722 59.936743025,-164.071099146 59.936967395,-164.071171776 59.937118996,-164.071038621 59.937161444,-164.070893361 59.936973459,-164.070941781 59.936785474,-164.0707481 59.936670256,-164.070687575 59.936488332,-164.07060284 59.936257895,-164.070542315 59.936118418,-164.070566525 59.93587585,-164.07077231 59.935772757,-164.071232301 59.935942556,-164.071728608 59.935809143,-164.071692292 59.935615086,-164.071970708 59.935584765,-164.072079653 59.935778822,-164.072454909 59.935712115,-164.072491224 59.935560508,-164.072297544 59.935360385,-164.072273334 59.935014716,-164.072503329 59.934747881,-164.073096476 59.934493174,-164.073895408 59.934462851,-164.074282768 59.934547754,-164.07476697 59.934729688,-164.075118015 59.934832784,-164.07493644 59.935002587,-164.074742759 59.935299742,-164.07476697 59.935542315,-164.07488802 59.935942556,-164.07505749 59.936197253,-164.07496065 59.936445884,-164.07498486 59.936373114))",100,,yes,
1,30,795655917,-164.08065260038222,59.93476377225175,mrm0065@uah.edu,false,2026-01-09 16:19,10.0 secs,,,"POLYGON((-164.081407504 59.934482678,-164.080313846 59.934455283,-164.079694106 59.934784028,-164.079912838 59.935012322,-164.080569033 59.935094507,-164.081334593 59.934966663,-164.081535097 59.93469271,-164.081407504 59.934482678))",100,,yes,
1,34,795655918,-164.07877167042312,59.93397443820844,mrm0065@uah.edu,false,2026-01-09 16:19,10.0 secs,,,"POLYGON((-164.079311326 59.932985019,-164.077780205 59.933432498,-164.07674123 59.933870838,-164.075939215 59.934482678,-164.076103263 59.934774896,-164.077160466 59.934500942,-164.077306287 59.934701842,-164.076941734 59.934875346,-164.077707295 59.935131034,-164.078090075 59.934902741,-164.07812653 59.934409623,-164.078673359 59.934400491,-164.079493603 59.934500942,-164.080496122 59.934336568,-164.081225228 59.934163062,-164.081462187 59.933806914,-164.081498642 59.933395969,-164.080459667 59.933450762,-164.080003976 59.933195061,-164.079311326 59.932985019))",100,,yes,
1,93,795655919,-163.9975247788294,59.93303776697537,mrm0065@uah.edu,false,2026-01-09 16:19,10.0 secs,,,"POLYGON((-163.997133823 59.932401632,-163.996767182 59.932599456,-163.996950501 59.932839671,-163.99720433 59.933122274,-163.997218432 59.933489654,-163.99790941 59.933623888,-163.99807863 59.933376614,-163.998036325 59.933221184,-163.998417068 59.93324238,-163.998304254 59.933065754,-163.997853004 59.932966843,-163.99772609 59.932705434,-163.997133823 59.932401632))",100,,yes,
1,30,795655920,-164.05206238248041,59.930520735612035,mrm0065@uah.edu,false,2026-01-09 16:19,10.0 secs,,,"POLYGON((-164.053225226 59.934378901,-164.052867421 59.934362848,-164.052659147 59.934451139,-164.052458883 59.934358835,-164.052282651 59.934431073,-164.05169788 59.934202319,-164.051209236 59.933921391,-164.050880804 59.933672567,-164.050840751 59.933411701,-164.050632477 59.933162873,-164.050424202 59.932974244,-164.049927548 59.933106686,-164.049406862 59.933078592,-164.049294714 59.932809695,-164.05010378 59.932600997,-164.050376139 59.932524741,-164.049975611 59.932420392,-164.050007653 59.93218761,-164.049791368 59.931942787,-164.049535031 59.931770205,-164.04967121 59.931593609,-164.050015664 59.931553474,-164.05010378 59.931429053,-164.050328076 59.931392931,-164.050696561 59.931388917,-164.050944888 59.931192251,-164.050520329 59.931051775,-164.050904835 59.930891229,-164.050696561 59.930754765,-164.050480276 59.930654424,-164.050856772 59.930397548,-164.05053635 59.930289178,-164.050800698 59.930196862,-164.050592424 59.930164752,-164.050288023 59.930220944,-164.049983622 59.93004434,-164.049879484 59.929879776,-164.049967601 59.929667046,-164.049799379 59.929466356,-164.049927548 59.929293762,-164.049767337 59.929165319,-164.050135822 59.928928501,-164.050071738 59.928759917,-164.049630522 59.928540044,-164.049430258 59.928628351,-164.049189941 59.928969532,-164.048701298 59.928949462,-164.048477002 59.92864842,-164.048989678 59.928419626,-164.049590469 59.928094496,-164.049934923 59.927841614,-164.05003105 59.928118579,-164.050487651 59.928319278,-164.050703936 59.928062384,-164.050952263 59.927889782,-164.051288706 59.927664997,-164.051833424 59.927660983,-164.052410184 59.927628871,-164.052946891 59.927761334,-164.053131134 59.92787774,-164.053539672 59.927821544,-164.054276643 59.927733235,-164.05480534 59.92787774,-164.0553821 59.927785418,-164.055846712 59.927929922,-164.055758596 59.928263082,-164.055998912 59.928447724,-164.055806659 59.928580184,-164.055518279 59.928612295,-164.055686501 59.928869185,-164.0553821 59.928953476,-164.05510173 59.929021712,-164.054901466 59.929262543,-164.054733245 59.929194308,-164.054741255 59.928873199,-164.054276643 59.928752782,-164.05379601 59.928680532,-164.05337145 59.92844371,-164.053339408 59.928817004,-164.053267313 59.928993615,-164.053587736 59.929162197,-164.053235271 59.929266557,-164.052834743 59.929158183,-164.052522332 59.929057837,-164.05277867 59.929270571,-164.052578406 59.929370917,-164.052394163 59.929234446,-164.052233952 59.929226419,-164.052073741 59.929338806,-164.052049709 59.929419082,-164.051897509 59.929001643,-164.051737298 59.928921365,-164.051729287 59.929230432,-164.051352791 59.929110017,-164.051296717 59.929286626,-164.051408865 59.929483304,-164.051080432 59.929591676,-164.050936242 59.92979638,-164.051224622 59.929960944,-164.051753319 59.930057274,-164.052001646 59.930025164,-164.052113794 59.929784338,-164.052378142 59.929623787,-164.052626469 59.929591676,-164.053123123 59.929619773,-164.053579725 59.929804407,-164.053731925 59.929964958,-164.053723082 59.930222368,-164.053506797 59.930109984,-164.053458734 59.930254478,-164.053851251 59.930435095,-164.053755124 59.93060367,-164.05413162 59.930659861,-164.053915335 59.930784284,-164.05413162 59.930884626,-164.054315863 59.930792312,-164.054331884 59.930916735,-164.054597835 59.931129189,-164.054301444 59.931289734,-164.054061128 59.9313981,-164.053652589 59.930972658,-164.053604526 59.931253611,-164.053965001 59.931478372,-164.054341497 59.931402114,-164.054397571 59.931614833,-164.054189296 59.9318717,-164.053989334 59.931729204,-164.053612838 59.931773353,-164.053228282 59.931624059,-164.052875818 59.931684262,-164.05261147 59.9316361,-164.052098794 59.931676235,-164.051874499 59.931800655,-164.051538056 59.931728411,-164.051225644 59.931836777,-164.050977317 59.931824736,-164.051401876 59.932009358,-164.051914552 59.932077588,-164.052275027 59.932177925,-164.052707596 59.932286289,-164.052822893 59.932505312,-164.052894988 59.932653809,-164.053175357 59.932782239,-164.053375621 59.932942775,-164.053010091 59.933063643,-164.05302894 59.933328525,-164.052564328 59.933344578,-164.052844697 59.933464978,-164.053044961 59.933725844,-164.05318114 59.933934535,-164.053405436 59.934058946,-164.05317313 59.934223489,-164.053225226 59.934378901))",100,,yes,
1,30,795655921,-164.05206238248041,59.930520735612035,mrm0065@uah.edu,false,2026-01-09 16:19,10.0 secs,,,"POLYGON((-164.053225226 59.934378901,-164.052867421 59.934362848,-164.052659147 59.934451139,-164.052458883 59.934358835,-164.052282651 59.934431073,-164.05169788 59.934202319,-164.051209236 59.933921391,-164.050880804 59.933672567,-164.050840751 59.933411701,-164.050632477 59.933162873,-164.050424202 59.932974244,-164.049927548 59.933106686,-164.049406862 59.933078592,-164.049294714 59.932809695,-164.05010378 59.932600997,-164.050376139 59.932524741,-164.049975611 59.932420392,-164.050007653 59.93218761,-164.049791368 59.931942787,-164.049535031 59.931770205,-164.04967121 59.931593609,-164.050015664 59.931553474,-164.05010378 59.931429053,-164.050328076 59.931392931,-164.050696561 59.931388917,-164.050944888 59.931192251,-164.050520329 59.931051775,-164.050904835 59.930891229,-164.050696561 59.930754765,-164.050480276 59.930654424,-164.050856772 59.930397548,-164.05053635 59.930289178,-164.050800698 59.930196862,-164.050592424 59.930164752,-164.050288023 59.930220944,-164.049983622 59.93004434,-164.049879484 59.929879776,-164.049967601 59.929667046,-164.049799379 59.929466356,-164.049927548 59.929293762,-164.049767337 59.929165319,-164.050135822 59.928928501,-164.050071738 59.928759917,-164.049630522 59.928540044,-164.049430258 59.928628351,-164.049189941 59.928969532,-164.048701298 59.928949462,-164.048477002 59.92864842,-164.048989678 59.928419626,-164.049590469 59.928094496,-164.049934923 59.927841614,-164.05003105 59.928118579,-164.050487651 59.928319278,-164.050703936 59.928062384,-164.050952263 59.927889782,-164.051288706 59.927664997,-164.051833424 59.927660983,-164.052410184 59.927628871,-164.052946891 59.927761334,-164.053131134 59.92787774,-164.053539672 59.927821544,-164.054276643 59.927733235,-164.05480534 59.92787774,-164.0553821 59.927785418,-164.055846712 59.927929922,-164.055758596 59.928263082,-164.055998912 59.928447724,-164.055806659 59.928580184,-164.055518279 59.928612295,-164.055686501 59.928869185,-164.0553821 59.928953476,-164.05510173 59.929021712,-164.054901466 59.929262543,-164.054733245 59.929194308,-164.054741255 59.928873199,-164.054276643 59.928752782,-164.05379601 59.928680532,-164.05337145 59.92844371,-164.053339408 59.928817004,-164.053267313 59.928993615,-164.053587736 59.929162197,-164.053235271 59.929266557,-164.052834743 59.929158183,-164.052522332 59.929057837,-164.05277867 59.929270571,-164.052578406 59.929370917,-164.052394163 59.929234446,-164.052233952 59.929226419,-164.052073741 59.929338806,-164.052049709 59.929419082,-164.051897509 59.929001643,-164.051737298 59.928921365,-164.051729287 59.929230432,-164.051352791 59.929110017,-164.051296717 59.929286626,-164.051408865 59.929483304,-164.051080432 59.929591676,-164.050936242 59.92979638,-164.051224622 59.929960944,-164.051753319 59.930057274,-164.052001646 59.930025164,-164.052113794 59.929784338,-164.052378142 59.929623787,-164.052626469 59.929591676,-164.053123123 59.929619773,-164.053579725 59.929804407,-164.053731925 59.929964958,-164.053723082 59.930222368,-164.053506797 59.930109984,-164.053458734 59.930254478,-164.053851251 59.930435095,-164.053755124 59.93060367,-164.05413162 59.930659861,-164.053915335 59.930784284,-164.05413162 59.930884626,-164.054315863 59.930792312,-164.054331884 59.930916735,-164.054597835 59.931129189,-164.054301444 59.931289734,-164.054061128 59.9313981,-164.053652589 59.930972658,-164.053604526 59.931253611,-164.053965001 59.931478372,-164.054341497 59.931402114,-164.054397571 59.931614833,-164.054189296 59.9318717,-164.053989334 59.931729204,-164.053612838 59.931773353,-164.053228282 59.931624059,-164.052875818 59.931684262,-164.05261147 59.9316361,-164.052098794 59.931676235,-164.051874499 59.931800655,-164.051538056 59.931728411,-164.051225644 59.931836777,-164.050977317 59.931824736,-164.051401876 59.932009358,-164.051914552 59.932077588,-164.052275027 59.932177925,-164.052707596 59.932286289,-164.052822893 59.932505312,-164.052894988 59.932653809,-164.053175357 59.932782239,-164.053375621 59.932942775,-164.053010091 59.933063643,-164.05302894 59.933328525,-164.052564328 59.933344578,-164.052844697 59.933464978,-164.053044961 59.933725844,-164.05318114 59.933934535,-164.053405436 59.934058946,-164.05317313 59.934223489,-164.053225226 59.934378901))",100,,yes,
1,31,795655922,-164.06082079283541,59.93123894096123,mrm0065@uah.edu,false,2026-01-09 16:19,10.0 secs,,,"POLYGON((-164.06149226 59.931327596,-164.061230303 59.931173183,-164.061029982 59.931204065,-164.061261121 59.931373919,-164.061029982 59.931404802,-164.060845071 59.931566934,-164.060490658 59.931451125,-164.060274929 59.931273551,-164.060290338 59.931111418,-164.060706388 59.931011049,-164.061276531 59.931018769,-164.061446032 59.93113458,-164.06149226 59.931327596))",100,,yes,
1,19,795655923,-164.04886980571501,59.93381533688953,mrm0065@uah.edu,false,2026-01-09 16:19,10.0 secs,,,"POLYGON((-164.051604966 59.934980612,-164.050602835 59.93473399,-164.050092979 59.934848494,-164.049776517 59.935015844,-164.049178754 59.934681142,-164.04896778 59.9341967,-164.048334855 59.934161468,-164.047965649 59.934214317,-164.047209655 59.933765101,-164.046910774 59.93346562,-164.046260268 59.933130903,-164.046471243 59.932875459,-164.047069005 59.93275214,-164.047684349 59.932840225,-164.048071136 59.932681672,-164.048616155 59.932769757,-164.048352436 59.933157328,-164.049134214 59.93347384,-164.050083601 59.933500265,-164.050646201 59.933782129,-164.051068151 59.933914252,-164.050945082 59.934055182,-164.050013276 59.93382617,-164.049573745 59.933738088,-164.049239702 59.933896635,-164.049661651 59.934213728,-164.049890208 59.93461009,-164.050593457 59.93447797,-164.051243963 59.934407506,-164.051964794 59.934618898,-164.052175769 59.934821481,-164.051964794 59.935024063,-164.051604966 59.934980612))",100,,yes,
1,28,795655924,-164.03994819612146,59.93293771819218,mrm0065@uah.edu,false,2026-01-09 16:19,10.0 secs,,,"POLYGON((-164.040871699 59.933049006,-164.040411699 59.932890843,-164.040014836 59.932827578,-164.039744247 59.932814021,-164.039798365 59.932705566,-164.039581894 59.932692009,-164.039257188 59.932633262,-164.039049737 59.932759793,-164.039419541 59.933008336,-164.039753267 59.932936033,-164.040186208 59.933220725,-164.040646209 59.933189093,-164.040763464 59.933107752,-164.040871699 59.933049006))",100,,yes,
1,31,795655925,-164.06082079283541,59.93123894096123,mrm0065@uah.edu,false,2026-01-09 16:19,10.0 secs,,,"POLYGON((-164.06149226 59.931327596,-164.061230303 59.931173183,-164.061029982 59.931204065,-164.061261121 59.931373919,-164.061029982 59.931404802,-164.060845071 59.931566934,-164.060490658 59.931451125,-164.060274929 59.931273551,-164.060290338 59.931111418,-164.060706388 59.931011049,-164.061276531 59.931018769,-164.061446032 59.93113458,-164.06149226 59.931327596))",100,,yes,
1,32,795655926,-164.05472388725525,59.93545490746654,mrm0065@uah.edu,false,2026-01-09 16:19,10.0 secs,,,"POLYGON((-164.057248545 59.935694044,-164.056844176 59.935394581,-164.056246414 59.935306503,-164.055754139 59.935447427,-164.055560745 59.935605967,-164.054962983 59.935368157,-164.054716846 59.935165577,-164.054312477 59.935262464,-164.054031177 59.935086307,-164.053996015 59.934742798,-164.053626809 59.934566639,-164.05322244 59.93464591,-164.053029046 59.934866109,-164.053556484 59.935077499,-164.052993884 59.935341734,-164.052835653 59.935623582,-164.05336309 59.935808544,-164.053820202 59.935764506,-164.054558614 59.935887813,-164.055420095 59.935799736,-164.056211251 59.935755698,-164.056685945 59.936037543,-164.057125476 59.935879005,-164.057248545 59.935694044))",100,,yes,
1,28,795655927,-164.05568627365548,59.93339352287639,mrm0065@uah.edu,false,2026-01-09 16:19,10.0 secs,,,"POLYGON((-164.057664381 59.935114103,-164.056874073 59.934957097,-164.056274529 59.934854701,-164.056247277 59.93458847,-164.055865749 59.934301757,-164.055565977 59.934151573,-164.055634107 59.933987735,-164.055470595 59.933898989,-164.055116319 59.933960429,-164.054857425 59.933769283,-164.054789295 59.933537177,-164.054693913 59.93340747,-164.054339637 59.933414296,-164.054298759 59.933223148,-164.054107995 59.933175361,-164.053644711 59.932970557,-164.053508451 59.932779406,-164.053603833 59.932615562,-164.053767345 59.932390274,-164.053426696 59.932431236,-164.05307242 59.932390274,-164.052949786 59.932328832,-164.053154176 59.932178639,-164.052813526 59.932089889,-164.052922534 59.932001138,-164.05341307 59.931960176,-164.053617459 59.9320421,-164.053644711 59.932117196,-164.053930857 59.93226739,-164.054666661 59.932164985,-164.055020937 59.931980657,-164.055388839 59.932219601,-164.055647733 59.932513159,-164.056151895 59.932315178,-164.056288155 59.932485851,-164.056587927 59.932731619,-164.056833195 59.932915943,-164.056710561 59.933120747,-164.057078463 59.933346029,-164.056438041 59.933359683,-164.056288155 59.93350987,-164.056955829 59.933741977,-164.057337357 59.933898989,-164.057746137 59.933823896,-164.057827893 59.934015041,-164.057528121 59.93429493,-164.057637129 59.934581643,-164.057977779 59.934759131,-164.057923275 59.934929791,-164.057664381 59.935114103))",100,,yes,
1,88,795655928,-164.00526495220103,59.94736903965248,mrm0065@uah.edu,false,2026-01-09 16:19,10.0 secs,,,"POLYGON((-164.005185718 59.947116398,-164.004692817 59.947504294,-164.005185718 59.947499257,-164.005547849 59.947625196,-164.00566856 59.947499257,-164.005578027 59.947338054,-164.005517672 59.947156699,-164.005185718 59.947116398))",100,,yes,
1,2,795655929,-164.01014891598234,59.95769257028397,mrm0065@uah.edu,false,2026-01-09 16:19,10.0 secs,,,"POLYGON((-164.010875651 59.959186829,-164.010469321 59.95900666,-164.01008621 59.958797431,-164.00969149 59.958483585,-164.009401254 59.958227856,-164.009169066 59.958303412,-164.009099409 59.958053494,-164.008890439 59.958099991,-164.00868147 59.958285976,-164.008449281 59.95832666,-164.008135827 59.958169735,-164.007915248 59.957943065,-164.007706278 59.957890756,-164.007648231 59.957658271,-164.007741106 59.957437409,-164.007706278 59.957292104,-164.007915248 59.956896872,-164.008518938 59.956925933,-164.008716298 59.956774814,-164.008542156 59.956617881,-164.00868147 59.956484198,-164.009157456 59.956501634,-164.009378035 59.956315639,-164.009459301 59.956460948,-164.009970116 59.956635318,-164.009714709 59.956827124,-164.010028163 59.957007305,-164.009900459 59.957170047,-164.010016554 59.957332789,-164.010306789 59.957489718,-164.010608634 59.957687332,-164.010852432 59.957449033,-164.011223934 59.957344414,-164.010922089 59.957135174,-164.011467732 59.956972431,-164.011990156 59.957007305,-164.012233954 59.956954994,-164.012036594 59.956809687,-164.011897281 59.956734128,-164.011630264 59.956827124,-164.011398076 59.956757377,-164.011398076 59.956553946,-164.011560607 59.956356326,-164.011874062 59.956402824,-164.01211786 59.95666438,-164.012442924 59.95679225,-164.012744769 59.956914308,-164.012849254 59.957117737,-164.012431314 59.957286292,-164.012257173 59.957437409,-164.011932109 59.957530404,-164.011490951 59.957594337,-164.011595436 59.957716392,-164.012048203 59.957803574,-164.012489362 59.957972125,-164.012442924 59.958099991,-164.012001766 59.958175548,-164.011734749 59.958233668,-164.011165887 59.958134863,-164.011073012 59.957908192,-164.010655072 59.957809386,-164.01029518 59.957908192,-164.009807584 59.957983749,-164.009575396 59.95807093,-164.009784365 59.95826854,-164.010016554 59.958373157,-164.010225523 59.958227856,-164.010446102 59.958245292,-164.010747948 59.958344096,-164.011026574 59.958198796,-164.011386466 59.958256916,-164.011340028 59.958413841,-164.011618655 59.958652132,-164.011827624 59.958803243,-164.012175907 59.959082215,-164.011932109 59.959175205,-164.011769577 59.958995036,-164.011560607 59.959082215,-164.011374857 59.959268195,-164.010875651 59.959186829))",100,,yes,
1,74,795655930,-164.01327760571638,59.9529941265905,mrm0065@uah.edu,false,2026-01-09 16:19,10.0 secs,,,"POLYGON((-164.013646564 59.952708463,-164.013039374 59.952342068,-164.012852546 59.952700668,-164.012805839 59.953051469,-164.013039374 59.953402266,-164.013537581 59.95356597,-164.013817823 59.953285334,-164.013646564 59.952981309,-164.013646564 59.952708463))",100,,yes,
1,111,795655931,-164.0141414960274,59.955501588657604,mrm0065@uah.edu,false,2026-01-09 16:19,10.0 secs,,,"POLYGON((-164.014512523 59.955751674,-164.014407581 59.955378044,-164.014302638 59.95527296,-164.01394117 59.95527296,-164.013847888 59.955086143,-164.013731285 59.954986896,-164.013696304 59.955144523,-164.013801247 59.955413072,-164.014011131 59.955658267,-164.014232677 59.955868432,-164.014465882 59.955932649,-164.014512523 59.955751674))",100,,yes,
1,33,795655932,-164.01324260506667,59.95766156040761,mrm0065@uah.edu,false,2026-01-09 16:19,10.0 secs,,,"POLYGON((-164.013841069 59.957207594,-164.013139871 59.957154404,-164.012672406 59.957420352,-164.012459921 59.957675661,-164.012714902 59.958090532,-164.013309858 59.958218184,-164.013586088 59.958111808,-164.013798572 59.957792676,-164.013926063 59.957601196,-164.014011057 59.957452266,-164.013841069 59.957207594))",100,,yes,
1,110,795655933,-164.0195723795325,59.95487431590619,mrm0065@uah.edu,false,2026-01-09 16:19,10.0 secs,,,"POLYGON((-164.020031728 59.955276189,-164.019142975 59.955036585,-164.019108792 59.954796979,-164.019108792 59.954488912,-164.019536077 59.954548814,-164.019826631 59.954702848,-164.020253916 59.954831209,-164.019860814 59.954856881,-164.020083002 59.955036585,-164.020031728 59.955276189))",100,,yes,
1,73,795655934,-164.0108390795027,59.95247247396146,mrm0065@uah.edu,false,2026-01-09 16:19,10.0 secs,,,"POLYGON((-164.011350625 59.951971887,-164.010727866 59.951870542,-164.009949417 59.951925112,-164.009840434 59.952221351,-164.009497916 59.952540975,-164.010027262 59.952767048,-164.010416486 59.952268126,-164.010338641 59.953000916,-164.010992539 59.952969733,-164.011630867 59.953359509,-164.011833264 59.953297145,-164.01158416 59.952876186,-164.011724281 59.952385061,-164.011833264 59.952049845,-164.011350625 59.951971887))",100,,yes,
1,106,795655935,-164.01059206881382,59.95589816661619,mrm0065@uah.edu,false,2026-01-09 16:19,10.0 secs,,,"POLYGON((-164.011785959 59.955642772,-164.010601082 59.955185485,-164.010428288 59.955346154,-164.009934589 59.955370872,-164.010107384 59.955506822,-164.010230808 59.955692208,-164.009761794 59.95566749,-164.009885219 59.955797946,-164.010033329 59.956020406,-164.009564315 59.955921535,-164.009144671 59.955970971,-164.009218726 59.9560822,-164.009317466 59.956218147,-164.009860534 59.956341735,-164.010304863 59.956551833,-164.010625767 59.956317018,-164.010971356 59.956317018,-164.011533334 59.956324851,-164.011581398 59.956044104,-164.01144121 59.955961884,-164.011629463 59.955817499,-164.011785959 59.955642772))",100,,yes,
1,7,795655936,-164.00792816237367,59.95902233006797,mrm0065@uah.edu,false,2026-01-09 16:19,10.0 secs,,,"POLYGON((-164.010439048 59.959433261,-164.009427682 59.959236365,-164.009118654 59.959271525,-164.008781532 59.959384037,-164.008725345 59.959144948,-164.008388223 59.958983211,-164.008037054 59.958990243,-164.007756119 59.95918714,-164.008023007 59.959426229,-164.008303942 59.959510613,-164.008374176 59.959756731,-164.00800896 59.959834082,-164.007643745 59.959777826,-164.007531371 59.959897369,-164.007264482 59.95982705,-164.007039734 59.959707507,-164.006646425 59.959623124,-164.00628121 59.959362941,-164.006000275 59.959137916,-164.005986228 59.958856633,-164.006295257 59.958786312,-164.006421677 59.958877729,-164.006407631 59.959039467,-164.00692736 59.959236365,-164.00732067 59.959011339,-164.007742072 59.958751151,-164.007643745 59.958476897,-164.007264482 59.958301092,-164.007039734 59.958090124,-164.006857127 59.958160447,-164.006857127 59.958301092,-164.006632379 59.958308124,-164.006548098 59.958167479,-164.00623907 59.958209672,-164.006028368 59.958111221,-164.006337397 59.958061995,-164.00684308 59.957942446,-164.007166155 59.957865091,-164.007559464 59.958167479,-164.008079194 59.958301092,-164.008374176 59.958497993,-164.008711298 59.958737087,-164.008921999 59.958884761,-164.009511963 59.95908166,-164.009877178 59.959025403,-164.009582197 59.958856633,-164.00965243 59.958673798,-164.009947412 59.958807408,-164.01013002 59.958919922,-164.010186207 59.959032435,-164.010453095 59.959194172,-164.010790217 59.959292621,-164.011014965 59.959391069,-164.010635703 59.959306685,-164.010635703 59.959405133,-164.010439048 59.959433261))",100,,yes,
1,17,795655937,-164.01756975309857,59.946956400379875,mrm0065@uah.edu,false,2026-01-09 16:19,10.0 secs,,,"POLYGON((-164.018419167 59.94714499,-164.018033942 59.947353987,-164.017279543 59.94728968,-164.016942472 59.947136952,-164.017295594 59.946935993,-164.016878267 59.946743071,-164.016846165 59.946461725,-164.017552411 59.946550148,-164.017825278 59.946855609,-164.018338912 59.94695207,-164.018419167 59.94714499))",100,,yes,
1,83,795655938,-164.01630139875869,59.947611654475295,mrm0065@uah.edu,false,2026-01-09 16:19,10.0 secs,,,"POLYGON((-164.016576647 59.947016048,-164.016103326 59.947160905,-164.016138386 59.947239918,-164.016410108 59.947248697,-164.016427639 59.947402332,-164.016138386 59.947494513,-164.015936786 59.947406722,-164.01587543 59.947516461,-164.015630004 59.947463786,-164.015507291 59.947656927,-164.01607703 59.947713991,-164.015928021 59.947832508,-164.016041969 59.947924688,-164.015936786 59.948130994,-164.016278629 59.948038814,-164.016760717 59.948095878,-164.016725655 59.947920298,-164.016471465 59.947832508,-164.016734421 59.947740328,-164.016506526 59.947560357,-164.016813308 59.947415501,-164.016734421 59.947187242,-164.016576647 59.947016048))",100,,yes,
1,82,795655939,-164.01885273312246,59.94759990585112,mrm0065@uah.edu,false,2026-01-09 16:19,10.0 secs,,,"POLYGON((-164.018391046 59.947362826,-164.018513759 59.947577915,-164.018803011 59.947683264,-164.018618942 59.947806171,-164.01875042 59.948038814,-164.019162385 59.94790713,-164.01937275 59.947643758,-164.019118559 59.947503292,-164.018890663 59.947296982,-164.018618942 59.947182853,-164.018496228 59.947182853,-164.018391046 59.947362826))",100,,yes,
1,84,795655940,-164.01413499164482,59.94774578347943,mrm0065@uah.edu,false,2026-01-09 16:19,10.0 secs,,,"POLYGON((-164.014849216 59.947634339,-164.014349599 59.947678234,-164.013867512 59.947507042,-164.013604555 59.947353407,-164.013341599 59.947392913,-164.013674677 59.947555327,-164.013166295 59.94762117,-164.013665912 59.94771335,-164.013946399 59.947849426,-164.013885042 59.948042564,-164.014454781 59.948016227,-164.015050816 59.947845036,-164.014936868 59.947761635,-164.014717738 59.947845036,-164.014586259 59.947783583,-164.014875512 59.947700182,-164.014849216 59.947634339))",100,,yes,
1,71,795655941,-164.0093573963817,59.95070646408442,mrm0065@uah.edu,false,2026-01-09 16:19,10.0 secs,,,"POLYGON((-164.008888932 59.95042304,-164.00784581 59.950251524,-164.007347603 59.950352875,-164.007409878 59.950516594,-164.009278157 59.950672516,-164.010227865 59.950914194,-164.011177573 59.951241627,-164.011644643 59.951545668,-164.011831471 59.951405342,-164.010430262 59.950789457,-164.009324864 59.95052439,-164.008888932 59.95042304))",100,,yes,
1,85,795655942,-164.01148715111043,59.94826583885929,mrm0065@uah.edu,false,2026-01-09 16:19,10.0 secs,,,"POLYGON((-164.011341877 59.947913763,-164.01104386 59.947992774,-164.011026329 59.948238585,-164.011087685 59.948493173,-164.011438294 59.948576572,-164.011745076 59.948506341,-164.012227164 59.948480004,-164.012227164 59.948414163,-164.01188532 59.948383437,-164.011955441 59.94819469,-164.011692485 59.948045448,-164.011525946 59.947944489,-164.011341877 59.947913763))",100,,yes,
1,86,795655943,-164.0129822582119,59.94913658162995,mrm0065@uah.edu,false,2026-01-09 16:19,10.0 secs,,,"POLYGON((-164.013146631 59.949075229,-164.012918736 59.948952327,-164.012752196 59.949013778,-164.012524301 59.948939159,-164.012296405 59.949026946,-164.012515536 59.949088397,-164.012235049 59.949084008,-164.012278875 59.949167405,-164.012629484 59.949193741,-164.013023918 59.949215688,-164.013365762 59.949237635,-164.013602422 59.949325421,-164.01391797 59.949369314,-164.013768961 59.949242024,-164.013374526 59.949119122,-164.013146631 59.949075229))",100,,yes,
1,75,795655944,-164.01844904982525,59.95143774918648,mrm0065@uah.edu,false,2026-01-09 16:19,10.0 secs,,,"POLYGON((-164.018453494 59.950923718,-164.018063058 59.951245357,-164.018113437 59.951630059,-164.017974894 59.951844481,-164.018352736 59.951939079,-164.018705387 59.951699431,-164.018894308 59.951466089,-164.018894308 59.951157065,-164.018453494 59.950923718))",100,,yes,
1,87,795655945,-164.0176703804008,59.94883800162271,mrm0065@uah.edu,false,2026-01-09 16:19,10.0 secs,,,"POLYGON((-164.017896144 59.9485864,-164.017712074 59.948665409,-164.017387762 59.948621515,-164.017151101 59.948520558,-164.016809257 59.948481054,-164.017054683 59.948621515,-164.016879379 59.948766365,-164.017107275 59.948919994,-164.017492944 59.949034117,-164.017650718 59.948981445,-164.017834788 59.949047285,-164.018194161 59.949126294,-164.018571066 59.949078011,-164.018842787 59.94894633,-164.018500944 59.948981445,-164.018264283 59.948924383,-164.018097744 59.948845374,-164.017843553 59.948797091,-164.01792244 59.948691746,-164.018316874 59.948744418,-164.017896144 59.9485864))",100,,yes,
1,16,795655946,-164.01679378765456,59.94263584938685,mrm0065@uah.edu,false,2026-01-09 16:19,10.0 secs,,,"POLYGON((-164.017530695 59.942165167,-164.016687531 59.942068386,-164.01617812 59.942314738,-164.015809235 59.942833832,-164.01609029 59.943194553,-164.017144245 59.94302739,-164.017636091 59.942965804,-164.01772392 59.942684263,-164.017600959 59.942402721,-164.017530695 59.942165167))",100,,yes,
1,94,795655947,-163.9961135358799,59.933598490416564,mrm0065@uah.edu,false,2026-01-09 16:19,10.0 secs,,,"POLYGON((-163.995498038 59.933482589,-163.995963391 59.933496719,-163.995794172 59.933320095,-163.99613261 59.933277705,-163.996400539 59.933440199,-163.996767182 59.933687473,-163.996456947 59.93385703,-163.996189016 59.933779316,-163.995695461 59.933835836,-163.995498038 59.933482589))",100,,yes,
1,78,795655948,-164.08557087735954,59.94160795067699,mrm0065@uah.edu,false,2026-01-09 16:19,10.0 secs,,,"POLYGON((-164.086572374 59.941371136,-164.085727197 59.941064098,-164.085151363 59.940687276,-164.084417638 59.940640755,-164.083888241 59.940710537,-164.083906817 59.940812884,-164.083479584 59.941050142,-164.083488872 59.941226922,-164.083683913 59.941510697,-164.08397183 59.941738646,-164.084334049 59.942022417,-164.084454788 59.941943334,-164.084696268 59.942008461,-164.084891308 59.942092196,-164.085030623 59.942189887,-164.085299965 59.942255014,-164.085513581 59.942301534,-164.085857224 59.942231755,-164.086024402 59.94217128,-164.086163717 59.942194539,-164.086284457 59.94229223,-164.086544511 59.942394572,-164.086841716 59.942450395,-164.087241085 59.942506218,-164.087519715 59.94248761,-164.087872646 59.942343401,-164.088021248 59.942213147,-164.087909796 59.942050329,-164.08769618 59.94188751,-164.087426838 59.941720038,-164.086934593 59.941501393,-164.086572374 59.941371136))",100,,yes,
1,15,795655949,-164.01109471893218,59.94955588517801,mrm0065@uah.edu,false,2026-01-09 16:19,10.0 secs,,,"POLYGON((-164.013820886 59.958044907,-164.014181374 59.957675756,-164.014746685 59.957384534,-164.015131752 59.957101513,-164.015279225 59.956777472,-164.01537754 59.956346779,-164.015418504 59.955998119,-164.015647906 59.955628945,-164.015738028 59.955382827,-164.01596743 59.955091585,-164.016270568 59.954755218,-164.016794914 59.954455766,-164.017171789 59.954226048,-164.017442155 59.954004532,-164.017859994 59.9537543,-164.018007466 59.953499964,-164.018023852 59.953179989,-164.018007466 59.952944597,-164.017909151 59.952686152,-164.017466734 59.95222669,-164.01700793 59.951808245,-164.016639249 59.951529279,-164.016311532 59.951356975,-164.015555531 59.951143635,-164.014923427 59.951024061,-164.014066575 59.950932622,-164.013279957 59.950862284,-164.012310731 59.950721607,-164.011650534 59.950468388,-164.010906056 59.950109658,-164.010412078 59.949733827,-164.009920442 59.949149996,-164.00954118 59.948699806,-164.009049543 59.948305885,-164.008515767 59.947890856,-164.008220785 59.947370303,-164.008192691 59.947053747,-164.008557907 59.946638702,-164.009218104 59.946209583,-164.009470946 59.946082956,-164.009358572 59.945801562,-164.009035496 59.945541271,-164.008557907 59.945541271,-164.007953897 59.94558348,-164.007546541 59.945674934,-164.007097045 59.945801562,-164.006563268 59.945942259,-164.006071632 59.945963364,-164.005537855 59.945871911,-164.005186686 59.945731213,-164.004961938 59.945548306,-164.004961938 59.945295047,-164.005158593 59.944978471,-164.005889024 59.944612646,-164.006310427 59.944415662,-164.006647549 59.944190536,-164.006717782 59.943965408,-164.006478988 59.943655854,-164.006071632 59.943416652,-164.005664276 59.943275944,-164.0051305 59.943275944,-164.004554583 59.943451829,-164.004076993 59.943634748,-164.003585357 59.943951337,-164.003149907 59.94434531,-164.002840879 59.94453526,-164.002475663 59.944668927,-164.002054261 59.944795559,-164.001604765 59.944816664,-164.000958614 59.944661892,-164.000481025 59.944401592,-163.99968036 59.944162395,-163.999610126 59.943986513,-163.999975342 59.944070936,-164.000649586 59.944260888,-164.001070988 59.944507119,-164.001464297 59.944626716,-164.001871653 59.944661892,-164.002335196 59.94453526,-164.002644224 59.944401592,-164.002911113 59.944204606,-164.003290375 59.94390209,-164.003725824 59.943536253,-164.004245554 59.943290015,-164.004933845 59.943156342,-164.005523808 59.943093023,-164.006113772 59.943268909,-164.006591362 59.94355736,-164.007068951 59.94402169,-164.006872297 59.944366416,-164.006521128 59.944598576,-164.005804744 59.944901085,-164.005397388 59.945196557,-164.005270967 59.945527201,-164.005565949 59.945696039,-164.005959258 59.945801562,-164.006394707 59.945794527,-164.007251559 59.94559755,-164.007953897 59.945463886,-164.008768608 59.945365397,-164.009414759 59.945428711,-164.009723787 59.945667899,-164.009794021 59.946104061,-164.00958332 59.946322139,-164.009133824 59.946596494,-164.008740515 59.947004505,-164.008642187 59.947356234,-164.008740515 59.947679822,-164.009119777 59.94802451,-164.009414759 59.948151129,-164.009765928 59.948587258,-164.010313751 59.949107791,-164.010622779 59.949424327,-164.011198696 59.94989561,-164.011634146 59.950205104,-164.012294343 59.950444258,-164.0129124 59.950577902,-164.014162561 59.950718579,-164.015497002 59.950929593,-164.016480275 59.95114764,-164.017393314 59.951689234,-164.018179932 59.952385556,-164.018376586 59.952891963,-164.018418727 59.953419462,-164.018348493 59.953806289,-164.017913044 59.954157946,-164.017266893 59.95457993,-164.016578602 59.955023007,-164.016115059 59.955529374,-164.015791984 59.956007602,-164.015791984 59.956837452,-164.015426769 59.957245336,-164.014668244 59.957646184,-164.014165077 59.958068858,-164.013820886 59.958044907))",100,,yes,
1,104,795655950,-164.01954560051996,59.94351355653642,mrm0065@uah.edu,false,2026-01-09 16:19,10.0 secs,,,"POLYGON((-164.019506152 59.943253843,-164.018993741 59.943564518,-164.019371307 59.94376713,-164.019775842 59.943726607,-164.019937656 59.943537503,-164.020018564 59.943402427,-164.01982978 59.943280859,-164.019506152 59.943253843))",100,,yes,
1,114,795655951,-164.0168562728034,59.943519125043075,mrm0065@uah.edu,false,2026-01-09 16:19,10.0 secs,,,"POLYGON((-164.016597532 59.943308666,-164.016398691 59.943707026,-164.016856026 59.94385641,-164.017154287 59.943627355,-164.017333244 59.943318625,-164.016995214 59.943219034,-164.016597532 59.943308666))",100,,yes,
1,68,795655952,-164.0127657052373,59.94418670494595,mrm0065@uah.edu,false,2026-01-09 16:19,10.0 secs,,,"POLYGON((-164.013118851 59.943793339,-164.012390524 59.943714661,-164.011705039 59.943585914,-164.011205207 59.943779034,-164.011562229 59.943993611,-164.011390858 59.944472828,-164.011919253 59.944294017,-164.012561894 59.944558658,-164.01264758 59.944801839,-164.013147412 59.944808992,-164.013475874 59.94459442,-164.013218817 59.944372694,-164.013447311 59.944286864,-164.013375907 59.944150967,-164.014304167 59.9445372,-164.014761157 59.944494286,-164.014604067 59.944136662,-164.014061392 59.944129509,-164.013404468 59.944015069,-164.012718984 59.944043679,-164.012804669 59.943929238,-164.013118851 59.943793339))",100,,yes,
1,90,795655953,-164.0128023949398,59.945444147058105,mrm0065@uah.edu,false,2026-01-09 16:19,10.0 secs,,,"POLYGON((-164.013228078 59.94527224,-164.013153791 59.945397142,-164.012946848 59.945330704,-164.012723987 59.945293499,-164.012517045 59.945333362,-164.012225203 59.945197829,-164.012044791 59.945266924,-164.011832542 59.945227062,-164.011896217 59.945328047,-164.01225704 59.94556722,-164.01241092 59.945484839,-164.012554188 59.945583165,-164.012676231 59.945670862,-164.012952155 59.945636315,-164.013015829 59.945734641,-164.013387265 59.945583165,-164.013673801 59.945434346,-164.013610126 59.945338677,-164.013403183 59.94527224,-164.013228078 59.94527224))",100,,yes,
1,113,795655954,-164.01069579437987,59.944683368677126,mrm0065@uah.edu,false,2026-01-09 16:19,10.0 secs,,,"POLYGON((-164.010890798 59.944732784,-164.010035782 59.944742742,-164.009598332 59.944722825,-164.0096381 59.94461328,-164.009996014 59.944543569,-164.010990218 59.944603321,-164.011507205 59.944643156,-164.01192477 59.944852287,-164.011447552 59.94483237,-164.010890798 59.944732784))",100,,yes,
1,103,795655955,-164.01620329467684,59.94474695934926,mrm0065@uah.edu,false,2026-01-09 16:19,10.0 secs,,,"POLYGON((-164.017398561 59.944883486,-164.016712042 59.944730671,-164.016464132 59.944530101,-164.016197152 59.944463244,-164.015682262 59.944530101,-164.015148303 59.944768875,-164.015758542 59.944883486,-164.016197152 59.944940791,-164.017036231 59.944969443,-164.017398561 59.944883486))",100,,yes,
1,16,795655956,-164.01247065367528,59.946582384808266,mrm0065@uah.edu,false,2026-01-09 16:19,10.0 secs,,,"POLYGON((-164.016236226 59.946373301,-164.015594184 59.946421532,-164.01522501 59.946461725,-164.014807683 59.946582302,-164.014245897 59.946614456,-164.013860672 59.946349185,-164.013860672 59.946140183,-164.014197744 59.946148222,-164.014454561 59.946292916,-164.015096602 59.946228607,-164.015562082 59.946051758,-164.015273164 59.945826677,-164.014775581 59.945617671,-164.014422458 59.945617671,-164.014454561 59.945899025,-164.01398908 59.94604372,-164.0135236 59.946116067,-164.012849457 59.946003527,-164.012367926 59.945842754,-164.01182219 59.945786483,-164.011131996 59.94586687,-164.010506005 59.946108029,-164.010104729 59.946035681,-164.009992372 59.946132144,-164.010217087 59.946276839,-164.009944219 59.946373301,-164.00979976 59.946276839,-164.009751607 59.946630533,-164.009398484 59.946976185,-164.009831862 59.947297719,-164.010168934 59.947699631,-164.010843077 59.947498676,-164.011372761 59.947201259,-164.011276455 59.94690384,-164.011453017 59.946807379,-164.012095058 59.947080684,-164.012448181 59.946976185,-164.012608691 59.947161067,-164.013154427 59.946976185,-164.013475447 59.947080684,-164.014005132 59.946791302,-164.014406408 59.946735033,-164.0150645 59.946823455,-164.015000296 59.947040492,-164.014695326 59.947185182,-164.015000296 59.947394178,-164.015433674 59.947378102,-164.01583495 59.946935993,-164.015417623 59.94695207,-164.015305266 59.946815417,-164.015578133 59.946678764,-164.016220175 59.946718956,-164.01646094 59.946566225,-164.016412787 59.946413494,-164.016236226 59.946373301))",100,,yes,
1,88,795655957,-164.02085482300328,59.95009442156321,mrm0065@uah.edu,false,2026-01-09 16:19,10.0 secs,,,"POLYGON((-164.021829253 59.949641659,-164.020801785 59.949765143,-164.020452445 59.950042979,-164.020062008 59.950351683,-164.019301682 59.950464874,-164.01938388 59.950722125,-164.020288051 59.950526614,-164.020699037 59.95008414,-164.021089476 59.950042979,-164.021336068 59.950176751,-164.022055296 59.949970947,-164.022178592 59.949734272,-164.021829253 59.949641659))",100,,yes,
1,32,795655958,-164.02303959925692,59.95089232448788,mrm0065@uah.edu,false,2026-01-09 16:19,10.0 secs,,,"POLYGON((-164.02244601 59.951131838,-164.023100934 59.95129581,-164.023138718 59.951503928,-164.02308834 59.951705738,-164.023415802 59.951844481,-164.023730669 59.951844481,-164.023503964 59.95159222,-164.02370548 59.951510235,-164.023264665 59.950999398,-164.02268531 59.950974172,-164.022773472 59.950791278,-164.023025366 59.950917411,-164.023264665 59.950658836,-164.023692885 59.950885878,-164.023995157 59.950759744,-164.023352828 59.950526394,-164.023126124 59.95047594,-164.022760878 59.949977702,-164.022294874 59.950147987,-164.022332658 59.950368725,-164.02287423 59.950608382,-164.022748283 59.950759744,-164.022320064 59.950892184,-164.02244601 59.951131838))",100,,yes,
1,34,795655959,-164.02044502491023,59.95121866487115,mrm0065@uah.edu,false,2026-01-09 16:19,10.0 secs,,,"POLYGON((-164.020178966 59.950734517,-164.02000264 59.951018318,-164.019775936 59.951144451,-164.020267129 59.951302117,-164.02040567 59.951630059,-164.020947242 59.951548074,-164.021048 59.951302117,-164.020733132 59.951251664,-164.02061978 59.950974172,-164.020178966 59.950734517))",100,,yes,
1,33,795655960,-164.02207212103312,59.95143354835978,mrm0065@uah.edu,false,2026-01-09 16:19,10.0 secs,,,"POLYGON((-164.021224325 59.950904798,-164.021753302 59.951529154,-164.021992602 59.951825562,-164.022634931 59.95192016,-164.022937203 59.951762496,-164.022748283 59.951661592,-164.022723094 59.951497621,-164.021954818 59.951339957,-164.022181522 59.950961558,-164.021652545 59.950936332,-164.021224325 59.950904798))",100,,yes,
1,111,795655961,-164.02903416802513,59.95439535101835,mrm0065@uah.edu,false,2026-01-09 16:19,10.0 secs,,,"POLYGON((-164.029664006 59.954100896,-164.028771572 59.954228563,-164.028240362 59.954313674,-164.028240362 59.954526451,-164.028516591 59.954643478,-164.029260286 59.954632839,-164.02962151 59.954483896,-164.029812745 59.95434559,-164.029791497 59.954217924,-164.029664006 59.954100896))",100,,yes,
1,115,795655962,-164.0294201585445,59.9535773007561,mrm0065@uah.edu,false,2026-01-09 16:19,10.0 secs,,,"POLYGON((-164.029870219 59.953386842,-164.029448971 59.953386842,-164.028551529 59.953423524,-164.028148596 59.953460206,-164.027947129 59.953515228,-164.028313432 59.953652785,-164.028936147 59.953716978,-164.029394025 59.953634444,-164.029815274 59.953634444,-164.030035055 59.953799511,-164.030602824 59.953918725,-164.030529564 59.953753659,-164.030566194 59.953643614,-164.030346413 59.953506058,-164.029870219 59.953386842))",100,,yes,
1,109,795655963,-164.01999066368157,59.95399915660869,mrm0065@uah.edu,false,2026-01-09 16:19,10.0 secs,,,"POLYGON((-164.021074303 59.954215073,-164.020459012 59.953984019,-164.019912088 59.953795751,-164.019484803 59.953598925,-164.019536077 59.953795751,-164.01907461 59.953889885,-164.019655717 59.954197958,-164.019860814 59.954026807,-164.020407738 59.954240745,-164.020852115 59.954274975,-164.021074303 59.954215073))",100,,yes,
1,108,795655964,-164.02112703468725,59.952918724225846,mrm0065@uah.edu,false,2026-01-09 16:19,10.0 secs,,,"POLYGON((-164.02204986 59.953128508,-164.021400387 59.952794752,-164.021776398 59.95255513,-164.021468753 59.952452434,-164.021212382 59.952623593,-164.020494543 59.952794752,-164.020169807 59.952854657,-164.020494543 59.953008698,-164.020836371 59.953248317,-164.021349113 59.953265432,-164.021485844 59.95311995,-164.02204986 59.953128508))",100,,yes,
1,114,795655965,-164.0311323659747,59.95430625359681,mrm0065@uah.edu,false,2026-01-09 16:19,10.0 secs,,,"POLYGON((-164.031652282 59.954291955,-164.031295137 59.954172742,-164.031166931 59.954048944,-164.030837258 59.954103965,-164.030617477 59.954136061,-164.030296962 59.954172742,-164.030187071 59.954191083,-164.03045264 59.954232349,-164.030709052 59.954209423,-164.030837258 59.954250689,-164.03102041 59.954351562,-164.030937992 59.954507455,-164.031047882 59.954594571,-164.031285979 59.954484529,-164.031533234 59.954567061,-164.03169807 59.95452121,-164.031569864 59.954411168,-164.031569864 59.954351562,-164.031652282 59.954291955))",100,,yes,
1,95,795655966,-164.023984948781,59.94670764415454,mrm0065@uah.edu,false,2026-01-09 16:19,10.0 secs,,,"POLYGON((-164.024144397 59.946499776,-164.023745261 59.946402532,-164.023486363 59.946478166,-164.023454001 59.946618629,-164.023044079 59.946856334,-164.023378489 59.946883346,-164.023788412 59.946780701,-164.024079672 59.94682392,-164.024209121 59.946969784,-164.024565107 59.946942772,-164.024921092 59.946764494,-164.024662194 59.94668886,-164.024403295 59.946661848,-164.024144397 59.946499776))",100,,yes,
1,46,795655967,-164.00118456366664,59.92577068500001,mrm0065@uah.edu,false,2026-01-09 16:19,10.0 secs,,,"POLYGON((-164.001404092 59.926017055,-164.000653118 59.92575719,-164.001496481 59.92553781,-164.001404092 59.926017055))",100,,yes,
1,53,795655968,-164.00246924302186,59.931322287129106,mrm0065@uah.edu,false,2026-01-09 16:19,10.0 secs,,,"POLYGON((-163.999594511 59.930110983,-163.999462137 59.930422717,-163.999766597 59.930502308,-164.000256381 59.93045588,-164.000203431 59.930230371,-164.000547604 59.930157411,-164.001037387 59.930276799,-164.001394797 59.930562002,-164.0010771 59.930747714,-164.000865301 59.930933425,-164.001037387 59.931099237,-164.00127566 59.931205357,-164.001646308 59.931205357,-164.002030192 59.931258416,-164.002374365 59.93102628,-164.002559688 59.931006382,-164.002718537 59.931139032,-164.002572926 59.931278314,-164.00229494 59.931437492,-164.002440552 59.931676258,-164.003036235 59.931596669,-164.003737817 59.931530346,-164.003962853 59.931603302,-164.003526019 59.931742582,-164.00361868 59.932027772,-164.003287745 59.93222674,-164.002930336 59.931981345,-164.002639113 59.931855331,-164.002241991 59.932001242,-164.001924293 59.931789008,-164.001566883 59.931842067,-164.001143286 59.932041036,-164.001368322 59.932273166,-164.001182999 59.932359385,-164.000825589 59.932438971,-164.000521129 59.93222674,-163.999938683 59.93222674,-163.999766597 59.932299694,-163.99995192 59.932419075,-164.000150482 59.932478764,-164.000494654 59.932644569,-164.000825589 59.932730787,-164.00168602 59.932538454,-164.001924293 59.932478764,-164.001977243 59.932571615,-164.002414077 59.932710891,-164.002069905 59.932783845,-164.002334653 59.932949648,-164.003073106 59.932958579,-164.003483465 59.932799408,-164.003801163 59.932646868,-164.003470228 59.932421374,-164.003734976 59.932361684,-164.0039203 59.932428006,-164.004092386 59.932275464,-164.004357134 59.932295361,-164.004846918 59.932189245,-164.00478073 59.932043335,-164.004979292 59.931983644,-164.005045478 59.931738248,-164.005230802 59.931545909,-164.004899867 59.93132704,-164.004383608 59.931002049,-164.004079148 59.930856134,-164.003602602 59.930637259,-164.002993681 59.930570934,-164.003271667 59.93048471,-164.003006919 59.930405118,-164.002887782 59.930186241,-164.002596559 59.930093384,-164.001961164 59.929815011,-164.001947927 59.92966909,-164.001762603 59.929609395,-164.001405193 59.929768582,-164.001034546 59.929662458,-164.00091541 59.929795113,-164.000359439 59.929781847,-163.999988792 59.929841542,-163.999671094 59.929960931,-163.999594511 59.930110983))",100,,yes,
1,98,795655969,-164.00601353921004,59.92896121837035,mrm0065@uah.edu,false,2026-01-09 16:19,10.0 secs,,,"POLYGON((-164.007199401 59.928754256,-164.006331965 59.928745897,-164.006115106 59.928570364,-164.005564618 59.928436624,-164.004863996 59.928227654,-164.004413596 59.928369754,-164.004730544 59.928570364,-164.004597092 59.928670669,-164.004330189 59.928603799,-164.004413596 59.928971581,-164.00469718 59.928946505,-164.004763907 59.928796049,-164.005281033 59.928913071,-164.00581484 59.929055168,-164.005848201 59.929381152,-164.006098423 59.929623548,-164.006865772 59.929765642,-164.00696586 59.929498171,-164.00741626 59.929230698,-164.007332853 59.928879636,-164.007199401 59.928754256))",100,,yes,
1,65,795655970,-164.00492744321696,59.932843525857315,mrm0065@uah.edu,false,2026-01-09 16:19,10.0 secs,,,"POLYGON((-164.005021098 59.932250675,-164.004453342 59.932363274,-164.004086665 59.932469946,-164.003980211 59.932671436,-164.004204948 59.932837368,-164.004524311 59.932944038,-164.004654422 59.93319886,-164.004796361 59.93333516,-164.004973785 59.933317382,-164.005163037 59.933471458,-164.005458744 59.933530719,-164.005683481 59.933299603,-164.005577027 59.933074413,-164.005683481 59.932932186,-164.005375946 59.93281959,-164.005399603 59.932629953,-164.005387774 59.932469946,-164.005021098 59.932250675))",100,,yes,
1,18,795655971,-164.00758900493665,59.917053539156406,mrm0065@uah.edu,false,2026-01-09 16:19,10.0 secs,,,"POLYGON((-164.007172845 59.917268525,-164.006381271 59.91715516,-164.006991914 59.91675838,-164.007557323 59.916713034,-164.007399009 59.916463626,-164.008032267 59.91641828,-164.00839413 59.916781054,-164.008100116 59.916985112,-164.008258431 59.917245852,-164.008100116 59.91763129,-164.007421625 59.917687971,-164.007172845 59.917268525))",100,,yes,
1,3,795655972,-163.99699296541365,59.91852080355501,mrm0065@uah.edu,false,2026-01-09 16:19,10.0 secs,,,"POLYGON((-164.006989474 59.917745876,-164.005564642 59.917881911,-164.00389103 59.918165316,-164.001991254 59.918573415,-164.000656887 59.918981509,-163.99988793 59.919185554,-163.99939037 59.919242233,-163.99914159 59.919355591,-163.9983274 59.919366927,-163.997083499 59.919570969,-163.995771748 59.919843024,-163.994279067 59.92018309,-163.993035166 59.920375793,-163.9929447 59.92018309,-163.991452019 59.920239768,-163.990456898 59.920285109,-163.989552243 59.918233333,-164.002104336 59.917009008,-164.002307883 59.917383112,-164.002850676 59.917723203,-164.003348237 59.917813893,-164.003483935 59.918006609,-164.004094578 59.918040618,-164.00413981 59.917632512,-164.004071961 59.91729242,-164.003823181 59.917020344,-164.003619633 59.916872969,-164.00601697 59.9166349,-164.00620034 59.916962439,-164.005906327 59.917211843,-164.006833599 59.917381889,-164.007037146 59.917597281,-164.006989474 59.917745876))",100,,yes,
1,5,795655973,-163.99916153983688,59.921506496462484,mrm0065@uah.edu,false,2026-01-09 16:19,10.0 secs,,,"POLYGON((-164.007264435 59.917954257,-164.007558448 59.918294342,-164.007739379 59.918929158,-164.007942926 59.919495948,-164.007241818 59.919983379,-164.006812107 59.920425462,-164.006450245 59.920992226,-164.00554559 59.92130961,-164.005025413 59.921638326,-164.004007676 59.922001043,-164.002718542 59.922488438,-164.001587723 59.922851146,-164.000275972 59.923225184,-163.99909992 59.923610552,-163.997765554 59.923497209,-163.997200144 59.923905242,-163.996363338 59.924222598,-163.995300368 59.924505949,-163.993988618 59.924698626,-163.992925648 59.924471947,-163.992111458 59.924585287,-163.990731859 59.920992226,-163.991885294 59.921139584,-163.992880415 59.921173589,-163.993920769 59.920810863,-163.994780191 59.920901545,-163.996612118 59.920516145,-163.997652472 59.920210089,-164.000750916 59.919495948,-164.003962443 59.918793127,-164.005021849 59.918471391,-164.006672845 59.918074627,-164.007264435 59.917954257))",100,,yes,
1,1,795655974,-164.001393616,59.902836909,mrm0065@uah.edu,false,2026-01-09 16:19,10.0 secs,,,POINT(-164.001393616 59.902836909),100,,yes,
1,19,795655975,-164.01045237886746,59.91905236219042,mrm0065@uah.edu,false,2026-01-09 16:19,10.0 secs,,,"POLYGON((-164.010791466 59.918572192,-164.010022509 59.918334135,-164.009479716 59.918243446,-164.009886811 59.918538184,-164.0094571 59.91871956,-164.009027388 59.918889599,-164.009253552 59.919195667,-164.009615414 59.919547076,-164.010406988 59.91953574,-164.010927164 59.919773788,-164.011198561 59.919649096,-164.011108096 59.919241011,-164.011447341 59.919275018,-164.011944902 59.919365704,-164.012555544 59.91929769,-164.012216298 59.919093645,-164.011741354 59.919150324,-164.011334259 59.919014294,-164.011379492 59.918742232,-164.010791466 59.918572192))",100,,yes,
1,60,795655976,-164.01109181985876,59.92097795330099,mrm0065@uah.edu,false,2026-01-09 16:19,10.0 secs,,,"POLYGON((-164.012110088 59.920926977,-164.01133754 59.921094762,-164.011105776 59.921333531,-164.010397605 59.921152841,-164.01062937 59.920868897,-164.010790317 59.920643031,-164.012110088 59.920926977))",100,,yes,
1,112,795655977,-164.0118092829479,59.91993374724867,mrm0065@uah.edu,false,2026-01-09 16:19,10.0 secs,,,"POLYGON((-164.012420931 59.919692752,-164.011733182 59.919743022,-164.011231698 59.919865106,-164.011074089 59.920001552,-164.01151826 59.920080547,-164.011905119 59.920159542,-164.012220338 59.920173905,-164.012248994 59.91993692,-164.012334963 59.919750203,-164.012420931 59.919692752))",100,,yes,
1,63,795655978,-164.0064695274706,59.92303281343105,mrm0065@uah.edu,false,2026-01-09 16:19,10.0 secs,,,"POLYGON((-164.007232675 59.923214008,-164.005591003 59.923168839,-164.005996592 59.922839738,-164.007058847 59.922859097,-164.007232675 59.923214008))",100,,yes,
1,62,795655979,-164.00438991773134,59.92435979671425,mrm0065@uah.edu,false,2026-01-09 16:19,10.0 secs,,,"POLYGON((-164.004084934 59.925153093,-164.003799897 59.924672942,-164.00449519 59.924453554,-164.004192609 59.924101884,-164.003626069 59.924269653,-164.003226918 59.92411479,-164.003207604 59.923776022,-164.003947966 59.923679231,-164.004855714 59.923750212,-164.00526774 59.924327727,-164.005229112 59.924763278,-164.004810651 59.925169785,-164.004084934 59.925153093))",100,,yes,
1,66,795655980,-164.00936097459768,59.93876500732365,mrm0065@uah.edu,false,2026-01-09 16:19,10.0 secs,,,"POLYGON((-164.010088614 59.936930644,-164.009748105 59.937038378,-164.008708656 59.93690371,-164.007955952 59.936921666,-164.006979228 59.937217933,-164.006808974 59.937577042,-164.008033612 59.937252348,-164.007854396 59.937476791,-164.007227143 59.937683278,-164.007119614 59.937844875,-164.007693102 59.937907718,-164.008266591 59.937764076,-164.008696708 59.937934651,-164.009001374 59.937764076,-164.009431491 59.937755099,-164.009825764 59.937611456,-164.01023796 59.937656345,-164.01000498 59.937782032,-164.009521098 59.937934651,-164.009144746 59.937970561,-164.0086071 59.938006471,-164.008212827 59.937934651,-164.007442201 59.938015449,-164.007388436 59.938230909,-164.007657259 59.938410458,-164.006707418 59.93858103,-164.007101692 59.938194999,-164.006940398 59.937889763,-164.006438595 59.937925673,-164.005972636 59.937934651,-164.006241459 59.938230909,-164.005650048 59.938320684,-164.005829263 59.938661826,-164.006098086 59.938913192,-164.006080165 59.939263305,-164.00566797 59.939748071,-164.005775499 59.939999428,-164.004986952 59.940250783,-164.005954714 59.940358506,-164.006510282 59.940152037,-164.00778271 59.940232829,-164.008212827 59.940187945,-164.008105298 59.939990451,-164.008445807 59.939792956,-164.008427885 59.9396583,-164.008678787 59.939523643,-164.007800632 59.939505688,-164.00695832 59.93924535,-164.006868712 59.938895237,-164.007442201 59.938598984,-164.008660865 59.938428413,-164.009431491 59.938625916,-164.008911766 59.938733645,-164.008356199 59.938679781,-164.007639338 59.938913192,-164.007137535 59.939011942,-164.007406358 59.939290236,-164.007961925 59.939442848,-164.00848165 59.93918251,-164.009015886 59.939243642,-164.009195102 59.939584775,-164.009284709 59.939925904,-164.009069651 59.940168283,-164.008675377 59.940302937,-164.008514084 59.940760758,-164.009033808 59.940931316,-164.009786512 59.940832572,-164.009947806 59.940545313,-164.010073257 59.940365776,-164.010610902 59.94026703,-164.010160341 59.94004121,-164.01060838 59.939987348,-164.011271476 59.939969394,-164.012203396 59.939843716,-164.012508062 59.93964622,-164.012902336 59.939484632,-164.0129561 59.939089634,-164.012619697 59.938938798,-164.01299605 59.938651524,-164.012637619 59.938184697,-164.011884915 59.937960258,-164.01206413 59.937637064,-164.011777386 59.937520355,-164.011777386 59.937268979,-164.011508562 59.937125334,-164.010917152 59.936945778,-164.0105408 59.937125334,-164.010088614 59.936930644))",100,,yes,
1,97,795655981,-164.0285602440723,59.938566630610225,mrm0065@uah.edu,false,2026-01-09 16:19,10.0 secs,,,"POLYGON((-164.028301997 59.938132483,-164.027631804 59.937964621,-164.027411597 59.937979009,-164.027526487 59.938098911,-164.027832861 59.938204424,-164.028053068 59.938357896,-164.028330719 59.93854494,-164.028637093 59.938636064,-164.028627519 59.938760759,-164.0285605 59.938837494,-164.028761558 59.938914229,-164.028694538 59.939106066,-164.029010486 59.939216371,-164.029374306 59.939259534,-164.029374306 59.939086882,-164.029058358 59.938861474,-164.02897219 59.938708003,-164.028924319 59.93866484,-164.029029635 59.938554532,-164.028742409 59.938338712,-164.0285605 59.938166055,-164.028301997 59.938132483))",100,,yes,
1,26,795655982,-164.02558832046532,59.940309559055095,mrm0065@uah.edu,false,2026-01-09 16:19,10.0 secs,,,"POLYGON((-164.027537575 59.939542959,-164.026954347 59.939542959,-164.026176709 59.93980589,-164.025710126 59.939669556,-164.025554599 59.939309241,-164.026312796 59.939328717,-164.026118386 59.938929445,-164.026915465 59.938627552,-164.026118386 59.938335396,-164.025360189 59.93816984,-164.024874166 59.938267226,-164.025437953 59.938403566,-164.025768449 59.938666506,-164.025671244 59.939085259,-164.024893607 59.939065782,-164.024932488 59.938822322,-164.024329819 59.938793107,-164.023882677 59.938754153,-164.023824354 59.93851069,-164.02331889 59.938354873,-164.022521811 59.938481475,-164.022210756 59.938802845,-164.021958024 59.939182642,-164.022424606 59.9397572,-164.02269678 59.940010391,-164.023902118 59.940059081,-164.024465906 59.940059081,-164.024776961 59.94045834,-164.024252055 59.940779692,-164.024465906 59.941334746,-164.024290937 59.94181189,-164.024252055 59.942123491,-164.024990811 59.942026116,-164.024913048 59.941782677,-164.02516578 59.94181189,-164.025418512 59.942074803,-164.025321307 59.942522725,-164.026546087 59.942142966,-164.027440371 59.941821627,-164.027712544 59.941656088,-164.029209497 59.941957953,-164.029656639 59.941471073,-164.029462229 59.941208155,-164.029190056 59.940993924,-164.028198568 59.940731002,-164.027751426 59.940692051,-164.027245961 59.941295795,-164.026254473 59.941042613,-164.025185221 59.940838119,-164.025107457 59.940497292,-164.025321307 59.940380437,-164.025904536 59.940614147,-164.026273914 59.940438864,-164.026060063 59.940234366,-164.026546087 59.94021489,-164.026934906 59.940175938,-164.02782919 59.940516768,-164.02823745 59.94026358,-164.027731985 59.940059081,-164.028062481 59.939951962,-164.028140245 59.939796152,-164.027537575 59.939542959))",100,,yes,
1,66,795655983,-164.01538427277805,59.93527249046289,mrm0065@uah.edu,false,2026-01-09 16:19,10.0 secs,,,"POLYGON((-164.017911197 59.931016683,-164.017052457 59.931262548,-164.016561748 59.931643635,-164.016414535 59.932061596,-164.016905244 59.932221404,-164.016635354 59.93246726,-164.016291858 59.93238121,-164.015482188 59.932528724,-164.01504055 59.932627065,-164.01504055 59.932860626,-164.01472159 59.933008137,-164.014819732 59.933401496,-164.01504055 59.933782559,-164.015874756 59.933979235,-164.016144646 59.93406528,-164.015997433 59.93423737,-164.015531259 59.934372583,-164.014819732 59.934225078,-164.014279952 59.93429883,-164.013887385 59.934458627,-164.013494818 59.934606131,-164.013740172 59.934827386,-164.01418181 59.935024055,-164.01472159 59.93519614,-164.014795196 59.935392807,-164.014672519 59.935921345,-164.014230881 59.936056551,-164.013519353 59.93563864,-164.012709683 59.935392807,-164.012292581 59.93526989,-164.012881432 59.934876553,-164.013077715 59.934421751,-164.013004109 59.934249662,-164.012415258 59.93423737,-164.012415258 59.934077572,-164.013004109 59.933770267,-164.013028644 59.93352442,-164.012439794 59.933204817,-164.011630124 59.933081892,-164.011016738 59.933155647,-164.011360234 59.933450666,-164.011335698 59.933979235,-164.011311163 59.93429883,-164.010679703 59.934355543,-164.009972342 59.934376389,-164.00992033 59.93448583,-164.010221999 59.934574425,-164.01071091 59.934517099,-164.010471656 59.934668231,-164.01088775 59.934782883,-164.010378034 59.93495486,-164.009629064 59.935215429,-164.009805904 59.935429094,-164.009565003 59.935768242,-164.009044884 59.935726552,-164.008566376 59.935695284,-164.008223098 59.935893312,-164.008649594 59.936034016,-164.009117701 59.936185142,-164.009336151 59.936377956,-164.009606612 59.936560347,-164.009728483 59.936760056,-164.010287508 59.936848491,-164.010552309 59.937010622,-164.010920088 59.936833752,-164.011214311 59.936929557,-164.01169978 59.937069579,-164.011964581 59.937239079,-164.011861602 59.937474903,-164.012317649 59.937578076,-164.012435338 59.937695987,-164.012698548 59.937730442,-164.012536725 59.937560945,-164.012757392 59.937413555,-164.013139882 59.937428294,-164.013581217 59.937280904,-164.014154953 59.937258796,-164.014199086 59.937081926,-164.013846018 59.936934535,-164.013389972 59.936595531,-164.01399313 59.93682399,-164.014640421 59.936735555,-164.0148758 59.937104035,-164.014419754 59.937266165,-164.014140242 59.937354599,-164.014125531 59.937597792,-164.014669844 59.937789397,-164.015228868 59.937922047,-164.015537803 59.93799574,-164.015184735 59.938010479,-164.014978778 59.938128389,-164.015464247 59.938238928,-164.015346557 59.938349468,-164.015434824 59.938518961,-164.015273002 59.938666346,-164.01512589 59.93881373,-164.014758111 59.938835837,-164.01449331 59.938894791,-164.015052334 59.939093758,-164.015670203 59.939123234,-164.01600856 59.939034805,-164.016729407 59.938710561,-164.015920293 59.938710561,-164.015832026 59.938585284,-164.016229227 59.938570546,-164.016729407 59.938423161,-164.016847096 59.938319991,-164.017170742 59.938342099,-164.017170742 59.938541069,-164.016832385 59.938651607,-164.016861808 59.938843207,-164.017229587 59.938961113,-164.017612077 59.938931637,-164.017979856 59.938791622,-164.017764092 59.93852633,-164.018249561 59.938283144,-164.018176005 59.93799574,-164.017896493 59.93775255,-164.01811716 59.937833614,-164.01848494 59.937907308,-164.018838008 59.937723073,-164.019029253 59.937560945,-164.019558855 59.937634639,-164.0198825 59.937465142,-164.019779522 59.937236687,-164.019661833 59.936934535,-164.020338546 59.936868208,-164.020897571 59.936882947,-164.020971127 59.936551313,-164.020750459 59.936352331,-164.020309124 59.936330222,-164.019794233 59.936566052,-164.019132231 59.936484986,-164.018558495 59.936816621,-164.018705607 59.936956643,-164.018264272 59.936971383,-164.018470228 59.937214578,-164.017925915 59.937435664,-164.017381602 59.937538836,-164.016954978 59.937501989,-164.017057956 59.937207209,-164.016366532 59.937435664,-164.015792796 59.937472511,-164.01571924 59.937251426,-164.015351461 59.93719247,-164.01483657 59.937295643,-164.015027816 59.937118774,-164.015263194 59.936941904,-164.015027816 59.936779773,-164.014968971 59.936492356,-164.01546915 59.936138608,-164.01673068 59.935727624,-164.018231218 59.935425458,-164.01812824 59.935631815,-164.017731039 59.935786583,-164.017525082 59.935933979,-164.017039614 59.935970828,-164.016921925 59.936155073,-164.0162305 59.936206662,-164.015950988 59.936494081,-164.015612631 59.936656214,-164.015303696 59.936715172,-164.015509653 59.937017326,-164.015921565 59.93712787,-164.016671835 59.937002587,-164.017024903 59.937098391,-164.017819306 59.93694363,-164.01849602 59.936707802,-164.018893221 59.936435124,-164.019025622 59.936206662,-164.018672554 59.936044527,-164.018731398 59.935801322,-164.0191286 59.935698144,-164.019069755 59.935432828,-164.018937354 59.935314908,-164.019055044 59.935093809,-164.019437534 59.935005369,-164.019216867 59.934703196,-164.019805313 59.934518943,-164.019602316 59.934449634,-164.019234536 59.934235898,-164.018660801 59.93428012,-164.017998798 59.934398043,-164.017778131 59.934545446,-164.017366218 59.934663368,-164.016910172 59.93428749,-164.016792483 59.934059013,-164.016895461 59.933933719,-164.017204395 59.933874757,-164.017807553 59.93397794,-164.017454485 59.933786313,-164.017586886 59.933683129,-164.017954665 59.933668388,-164.018160621 59.933616796,-164.018498978 59.933683129,-164.019146269 59.933513611,-164.019190403 59.933294378,-164.01927867 59.932955337,-164.01916098 59.932763704,-164.019514048 59.932586811,-164.019881828 59.932350952,-164.019558182 59.932151945,-164.019146269 59.932137203,-164.019587604 59.931812892,-164.019425782 59.931621253,-164.019058002 59.931385387,-164.018498978 59.931164261,-164.017911197 59.931016683))",100,,yes,
1,99,795655984,-164.02000199020702,59.930871784195595,mrm0065@uah.edu,false,2026-01-09 16:19,10.0 secs,,,"POLYGON((-164.020820305 59.930736953,-164.020359946 59.930445234,-164.019886048 59.930472371,-164.01943923 59.930458802,-164.019303831 59.930560565,-164.019127811 59.930696248,-164.019033032 59.931008318,-164.01935799 59.931144,-164.019628789 59.931137215,-164.019926668 59.931259328,-164.020048528 59.931381441,-164.020671365 59.931347521,-164.020644285 59.93121184,-164.020495346 59.931252544,-164.020332867 59.931130431,-164.020603666 59.930926909,-164.020793225 59.931103295,-164.021091104 59.931049022,-164.021009864 59.930906556,-164.020820305 59.930736953))",100,,yes,
1,29,795655985,-164.02227049208824,59.93469261595913,mrm0065@uah.edu,false,2026-01-09 16:19,10.0 secs,,,"POLYGON((-164.025418321 59.935948584,-164.024428176 59.936156916,-164.023596455 59.93604779,-164.023116114 59.93594443,-164.022878479 59.93610316,-164.022482421 59.935924589,-164.022244787 59.936023795,-164.022046758 59.936430536,-164.021868532 59.936678547,-164.021393263 59.936559502,-164.021056614 59.936420616,-164.021215037 59.936093239,-164.021413065 59.935805541,-164.021848729 59.936053557,-164.021987349 59.935894827,-164.021551686 59.935755938,-164.021116022 59.935696414,-164.02123484 59.935299584,-164.020719964 59.934942434,-164.020403118 59.934634884,-164.020185286 59.934327331,-164.020997205 59.934148751,-164.020957599 59.933980091,-164.020066469 59.934188436,-164.019710017 59.933960249,-164.020244695 59.933900722,-164.020640753 59.933533634,-164.021333854 59.933186386,-164.022244787 59.932868899,-164.022838873 59.932978035,-164.024145864 59.933107014,-164.024066652 59.933245915,-164.023591383 59.933255836,-164.023333945 59.933454264,-164.023215128 59.933682454,-164.023036902 59.933990012,-164.022304195 59.934158672,-164.022720056 59.934565437,-164.023611186 59.934367016,-164.023947835 59.934763857,-164.023492368 59.934724173,-164.022779465 59.934644805,-164.02329434 59.934932513,-164.023591383 59.935259901,-164.023888426 59.935398792,-164.024343893 59.935200376,-164.0237102 59.935656731,-164.023670594 59.935865065,-164.023987441 59.935954351,-164.024522118 59.935537683,-164.02521522 59.935428554,-164.025254825 59.935607128,-164.024937979 59.935755938,-164.025532066 59.935845224,-164.025418321 59.935948584))",100,,yes,
1,125,795655986,-164.03014988353766,59.934936916230285,mrm0065@uah.edu,false,2026-01-09 16:19,10.0 secs,,,"POLYGON((-164.030218282 59.935522609,-164.030067904 59.93516911,-164.029767149 59.935267626,-164.029674608 59.935122749,-164.029813419 59.934821403,-164.029582068 59.934856174,-164.029454825 59.934653343,-164.029767149 59.934589596,-164.029801851 59.93445051,-164.030241417 59.934294039,-164.030484335 59.934809812,-164.030287687 59.934948896,-164.03050747 59.935018437,-164.030831361 59.935296602,-164.030773524 59.935435683,-164.030218282 59.935522609))",100,,yes,
1,97,795655987,-164.03072296277944,59.936316530548055,mrm0065@uah.edu,false,2026-01-09 16:19,10.0 secs,,,"POLYGON((-164.031144273 59.93644143,-164.030968254 59.936000533,-164.030548516 59.936048015,-164.030291257 59.936115845,-164.030318337 59.936258289,-164.030440196 59.936421081,-164.030453736 59.936529608,-164.030697455 59.936699182,-164.031144273 59.93644143))",100,,yes,
1,16,795655988,-164.01093115748807,59.91679030243559,mrm0065@uah.edu,false,2026-01-09 16:19,10.0 secs,,,"POLYGON((-164.010723617 59.917472581,-164.010271289 59.917472581,-164.009683263 59.917540599,-164.009547565 59.917336544,-164.009050005 59.917143824,-164.009434483 59.916928429,-164.009592798 59.91665635,-164.010067742 59.91652031,-164.010474837 59.916384269,-164.010655768 59.916611004,-164.011085479 59.916701697,-164.011379492 59.916531647,-164.010836699 59.9164863,-164.010633152 59.916214217,-164.01151519 59.916089512,-164.011696122 59.916293575,-164.01232938 59.916214217,-164.012600777 59.916078175,-164.012940023 59.916236891,-164.012940023 59.916440953,-164.01232938 59.916611004,-164.012397229 59.916939766,-164.012012751 59.9168264,-164.011809203 59.917121151,-164.01158304 59.917053132,-164.011537807 59.916815063,-164.011175945 59.916837737,-164.011198561 59.917121151,-164.01101763 59.917359216,-164.010723617 59.917472581))",100,,yes,
1,31,795655989,-164.02901347946874,59.9511566687626,mrm0065@uah.edu,false,2026-01-09 16:19,10.0 secs,,,"POLYGON((-164.032313403 59.952306236,-164.031744961 59.952435445,-164.031744961 59.952587634,-164.031202772 59.952656085,-164.030968445 59.952163132,-164.03037233 59.952159858,-164.029798418 59.951954592,-164.030405128 59.951642583,-164.030263016 59.951382574,-164.029902271 59.95151942,-164.029574318 59.951787638,-164.029137052 59.951760269,-164.02938675 59.951336188,-164.029567123 59.950947541,-164.029463272 59.95059447,-164.030157438 59.950131908,-164.030496319 59.949808932,-164.031042903 59.949513328,-164.031430977 59.949258778,-164.031021039 59.94919035,-164.03049085 59.94937921,-164.03029408 59.949740506,-164.029949733 59.949756928,-164.029845882 59.949537962,-164.02924464 59.949721347,-164.029315696 59.949973156,-164.029102529 59.950441188,-164.028692591 59.95075047,-164.02917905 59.951152806,-164.029080665 59.951489449,-164.028621534 59.951374498,-164.028673607 59.951226433,-164.028230875 59.951133376,-164.027782673 59.950982843,-164.027771742 59.950575032,-164.027656959 59.950271223,-164.027181432 59.950249326,-164.026444166 59.950238378,-164.026312986 59.950492921,-164.027107168 59.950796591,-164.027435118 59.95134672,-164.02878518 59.951658729,-164.028347914 59.952077474,-164.028774249 59.952093895,-164.029107665 59.951951577,-164.030129776 59.95215958,-164.029812757 59.952482529,-164.030419469 59.952482529,-164.030941727 59.95254757,-164.031045578 59.953177037,-164.030695764 59.953163353,-164.030591914 59.952895145,-164.03012185 59.952889671,-164.029717379 59.953234508,-164.02885924 59.953092195,-164.028339986 59.952892409,-164.027396139 59.953094008,-164.026381902 59.953008897,-164.026905672 59.952540897,-164.027577971 59.952464265,-164.027086044 59.952234369,-164.026255238 59.95204826,-164.026020207 59.951719829,-164.027189901 59.95150635,-164.026922075 59.951402347,-164.026069404 59.951566562,-164.02558841 59.951342134,-164.026659725 59.950964433,-164.02629898 59.950786531,-164.025703206 59.951112229,-164.025358857 59.950822111,-164.024730276 59.950463557,-164.025883574 59.950501875,-164.025954628 59.950140587,-164.027853325 59.94961152,-164.028285126 59.94934876,-164.029099538 59.949417187,-164.029361898 59.949031254,-164.030332912 59.948857311,-164.031402633 59.948949891,-164.031982018 59.949223603,-164.032173322 59.949870692,-164.031142193 59.949963271,-164.031207783 59.950579106,-164.03055188 59.950390252,-164.0299622 59.950982252,-164.03062904 59.950968567,-164.030984079 59.951289779,-164.031721018 59.951213145,-164.032141887 59.951533368,-164.031874061 59.951831693,-164.032313403 59.952306236))",100,,yes,
1,53,795655990,-164.08832778564152,59.94355487972902,mrm0065@uah.edu,false,2026-01-09 16:19,10.0 secs,,,"POLYGON((-164.090276999 59.942943257,-164.089949615 59.943033178,-164.088988583 59.942779282,-164.088217645 59.942615306,-164.087531194 59.942631175,-164.087288295 59.942625885,-164.086908107 59.942890362,-164.086728573 59.943165415,-164.086665209 59.943535676,-164.086665209 59.943995851,-164.086982032 59.944360813,-164.08722493 59.944672879,-164.087330538 59.94479982,-164.08815428 59.94445602,-164.089263163 59.944075191,-164.090181952 59.943847749,-164.090562141 59.943784277,-164.090276999 59.942943257))",100,,yes,
1,27,795655991,-164.0205642699887,59.9178758823151,mrm0065@uah.edu,false,2026-01-09 16:19,10.0 secs,,,"POLYGON((-164.013512382 59.915922003,-164.014302183 59.916104728,-164.013714895 59.916581836,-164.013350371 59.917160449,-164.012985848 59.917444676,-164.012135293 59.917749202,-164.011446748 59.918256739,-164.01179102 59.918510504,-164.012621324 59.918287191,-164.013188361 59.91826689,-164.013147858 59.918591709,-164.01239856 59.918591709,-164.011973282 59.918865773,-164.012823837 59.919170286,-164.013249115 59.918977428,-164.013897157 59.918967278,-164.013998413 59.918530806,-164.01456545 59.918358245,-164.015456508 59.918490203,-164.016205806 59.91860186,-164.016550078 59.918835322,-164.016448822 59.919170286,-164.016550078 59.919464646,-164.016246309 59.919799604,-164.015881785 59.920073658,-164.016307063 59.92032741,-164.016631084 59.919890956,-164.017056361 59.919464646,-164.01796767 59.919221038,-164.01733988 59.919068782,-164.018028424 59.918936826,-164.018959984 59.918845472,-164.019304257 59.918469902,-164.019362827 59.918044669,-164.019524837 59.917861955,-164.020253884 59.917821352,-164.020699413 59.917841654,-164.02080067 59.918014217,-164.020213382 59.917973614,-164.019767853 59.91805482,-164.02019313 59.918257834,-164.020942429 59.918176628,-164.021347455 59.918328888,-164.021691727 59.918602954,-164.022380272 59.918420244,-164.022218262 59.918237532,-164.021610722 59.918095422,-164.021975246 59.917993915,-164.022400523 59.91806497,-164.022522031 59.918410093,-164.022906806 59.918602954,-164.023534597 59.918734911,-164.023656104 59.91891762,-164.023514345 59.919029275,-164.023109319 59.918958222,-164.022866303 59.919222133,-164.022765047 59.919465741,-164.022420775 59.919374388,-164.02219801 59.919567244,-164.022684042 59.919749948,-164.022886555 59.920024002,-164.023352335 59.919719497,-164.023575099 59.919283035,-164.023980126 59.918866868,-164.024304146 59.918937921,-164.024709173 59.919171381,-164.025255958 59.919252584,-164.025357215 59.919384538,-164.024769927 59.919394689,-164.024344649 59.91944544,-164.023615602 59.91983115,-164.023959874 59.920257455,-164.024324398 59.920358955,-164.024688921 59.920186404,-164.02543822 59.920176254,-164.025316712 59.920419855,-164.025721738 59.920267605,-164.025701487 59.919983402,-164.025458471 59.919739798,-164.025154702 59.919587544,-164.025640733 59.919516492,-164.025863498 59.919729648,-164.026066011 59.920013852,-164.026552042 59.920166104,-164.027058325 59.920024002,-164.027321592 59.919912351,-164.026997571 59.919790549,-164.026552042 59.919658596,-164.02713933 59.919536793,-164.027240587 59.919323636,-164.026390032 59.919283035,-164.026288775 59.919100328,-164.026612796 59.918968373,-164.027200084 59.918978523,-164.027544356 59.918998824,-164.027220335 59.919222133,-164.027868377 59.919262734,-164.028273404 59.919191682,-164.028293655 59.919546943,-164.028475917 59.919699197,-164.028901194 59.919455591,-164.02867843 59.919161231,-164.028293655 59.918948072,-164.028455665 59.918795814,-164.028799938 59.91870446,-164.028597424 59.918552202,-164.027868377 59.918542051,-164.027827875 59.918237532,-164.027382346 59.918125875,-164.027260838 59.918501449,-164.026552042 59.918379641,-164.026552042 59.918075121,-164.026106513 59.917699542,-164.025822995 59.917933011,-164.025235707 59.917831503,-164.024931937 59.917577732,-164.025316712 59.917496525,-164.025255958 59.917323959,-164.024709173 59.917222449,-164.02420289 59.916704745,-164.023878869 59.916785954,-164.023818115 59.917171694,-164.023980126 59.917435619,-164.024769927 59.917770598,-164.024952188 59.918115724,-164.02513445 59.918470997,-164.02497244 59.918542051,-164.024466157 59.918267984,-164.023797864 59.917973614,-164.023939623 59.9177909,-164.023514345 59.917638637,-164.023311832 59.917263053,-164.022744796 59.91702958,-164.022380272 59.917009278,-164.021711979 59.91674535,-164.021833486 59.91665399,-164.022117005 59.916552478,-164.02266379 59.916471268,-164.023190324 59.916319,-164.023332084 59.916044914,-164.023696607 59.915973855,-164.023534597 59.915730221,-164.023008063 59.91564901,-164.022420775 59.91579113,-164.021792984 59.915659161,-164.021063937 59.915588101,-164.021124691 59.915192191,-164.020699413 59.915202342,-164.020618408 59.915872341,-164.021124691 59.916126125,-164.02084915 59.916292545,-164.020930155 59.916515872,-164.021436438 59.91649557,-164.021193422 59.916647837,-164.02068714 59.916820407,-164.020322616 59.916962522,-164.020565632 59.916647837,-164.020059349 59.916526023,-164.019897338 59.916109822,-164.019593569 59.915916946,-164.019208794 59.9159474,-164.019046783 59.916160578,-164.018945527 59.915845886,-164.01821648 59.915683463,-164.018945527 59.916394057,-164.019168291 59.916871162,-164.018864522 59.917084334,-164.018277234 59.91694222,-164.017953213 59.917104636,-164.017669694 59.917216297,-164.018013966 59.917602032,-164.018540501 59.917805049,-164.01837849 59.917399015,-164.019593569 59.91714524,-164.020484626 59.91714524,-164.01991759 59.91745992,-164.019289799 59.917774597,-164.018702511 59.917896406,-164.018317736 59.918566351,-164.017730448 59.918464845,-164.016758385 59.919033274,-164.016717883 59.918647555,-164.016029338 59.918332887,-164.016616626 59.918140024,-164.015988835 59.917906557,-164.0162116 59.917602032,-164.017021652 59.917256901,-164.017649443 59.91704373,-164.016960898 59.916739198,-164.017386176 59.916647837,-164.018013966 59.916688442,-164.018540501 59.916576779,-164.017973464 59.916454965,-164.017710197 59.916191032,-164.017507684 59.916069216,-164.017062155 59.916363604,-164.016495118 59.916688442,-164.016231851 59.917185844,-164.015685066 59.91745992,-164.015016772 59.917378713,-164.014692752 59.917490373,-164.014895265 59.917835502,-164.014388982 59.917886256,-164.014247223 59.91822123,-164.013862448 59.918180627,-164.013781442 59.917744144,-164.013497924 59.918170476,-164.012870134 59.918058818,-164.012951139 59.917784748,-164.01343717 59.91757158,-164.013923202 59.917135089,-164.014753505 59.916800104,-164.014915516 59.916170729,-164.016191348 59.915906794,-164.017264668 59.915703766,-164.018722762 59.91546013,-164.019411307 59.915307857,-164.013512382 59.915922003))",100,,yes,
1,64,795655992,-164.01303003768535,59.92403439910856,mrm0065@uah.edu,false,2026-01-09 16:19,10.0 secs,,,"POLYGON((-164.01323089 59.924277599,-164.012316704 59.923990456,-164.013185822 59.923832364,-164.01355922 59.924000134,-164.01323089 59.924277599))",100,,yes,
1,61,795655993,-164.01401760635173,59.92144925118521,mrm0065@uah.edu,false,2026-01-09 16:19,10.0 secs,,,"POLYGON((-164.015001429 59.921717229,-164.013894102 59.921530088,-164.014042173 59.921749494,-164.013095787 59.921610752,-164.012979905 59.92138489,-164.013810397 59.921133215,-164.01507867 59.921394571,-164.015001429 59.921717229))",100,,yes,
1,113,795655994,-164.01503929965622,59.92017671034387,mrm0065@uah.edu,false,2026-01-09 16:19,10.0 secs,,,"POLYGON((-164.015431618 59.920195291,-164.015363522 59.920073397,-164.015061954 59.920000261,-164.014799298 59.920034391,-164.014731202 59.920185539,-164.014672834 59.920234296,-164.014954946 59.920380568,-164.015100866 59.920351314,-164.01522733 59.920263551,-164.015431618 59.920195291))",100,,yes,
1,113,795655995,-164.01735962954237,59.92037575827444,mrm0065@uah.edu,false,2026-01-09 16:19,10.0 secs,,,"POLYGON((-164.018272195 59.920229421,-164.017727427 59.92016116,-164.017241027 59.920209918,-164.017124291 59.920317184,-164.016812994 59.920351314,-164.016715714 59.920434201,-164.016550338 59.920541466,-164.017124291 59.920614601,-164.017416131 59.92050246,-164.017921987 59.920380568,-164.018028995 59.920292805,-164.018272195 59.920229421))",100,,yes,
1,17,795655996,-164.02666625759926,59.915389668100474,mrm0065@uah.edu,false,2026-01-09 16:19,10.0 secs,,,"POLYGON((-164.026684544 59.916309923,-164.027385652 59.916060513,-164.027069022 59.915958481,-164.026639311 59.91610586,-164.026254832 59.915947144,-164.026164367 59.915799764,-164.025734656 59.915913133,-164.025282328 59.916037839,-164.024513371 59.915879123,-164.024061043 59.91566372,-164.024309823 59.91547099,-164.023970578 59.914881457,-164.029116797 59.914415266,-164.029388194 59.914687364,-164.029229879 59.914880098,-164.028709702 59.914812074,-164.028958483 59.915072831,-164.029229879 59.915401608,-164.02834784 59.915458294,-164.027963362 59.915288237,-164.027895513 59.915730383,-164.027578883 59.915730383,-164.027669349 59.915866426,-164.028574004 59.915832415,-164.028393073 59.916183859,-164.027782431 59.916172522,-164.027262254 59.916387921,-164.026990857 59.916637329,-164.026267133 59.916682676,-164.025950504 59.916943418,-164.025656491 59.916818716,-164.025633874 59.916455942,-164.02628975 59.916512626,-164.026684544 59.916309923))",100,,yes,
1,101,795655997,-164.02044566680232,59.929960634140514,mrm0065@uah.edu,false,2026-01-09 16:19,10.0 secs,,,"POLYGON((-164.020980211 59.929969488,-164.020874895 59.929825571,-164.020673837 59.929662464,-164.020453631 59.929720031,-164.020463205 59.929892732,-164.020233425 59.92989753,-164.019965347 59.929916718,-164.019850457 59.930046244,-164.020147257 59.930161376,-164.020463205 59.93019016,-164.020597244 59.930146985,-164.020549373 59.930075027,-164.020779153 59.930046244,-164.020798302 59.929993474,-164.020980211 59.929969488))",100,,yes,
1,109,795655998,-164.02089385352826,59.92729747711347,mrm0065@uah.edu,false,2026-01-09 16:19,10.0 secs,,,"POLYGON((-164.022129774 59.927874512,-164.021067022 59.927961203,-164.020646865 59.927713513,-164.020968162 59.927577282,-164.021141168 59.927379128,-164.020770441 59.927366743,-164.020350283 59.927478205,-164.020399713 59.927230511,-164.020152562 59.927143818,-164.019707689 59.927255281,-164.019608829 59.927478205,-164.019386392 59.927193357,-164.019411107 59.926958046,-164.01990541 59.926846582,-164.020350283 59.926896121,-164.020251422 59.926735118,-164.020473859 59.926586498,-164.020869301 59.926586498,-164.021091738 59.926896121,-164.021363604 59.927168588,-164.021808477 59.927379128,-164.022278065 59.927552513,-164.022129774 59.927874512))",100,,yes,
1,17,795655999,-164.03762044054795,59.957659323280716,mrm0065@uah.edu,false,2026-01-09 16:19,10.0 secs,,,"POLYGON((-164.038501717 59.957498819,-164.038207084 59.957320367,-164.037517209 59.957354392,-164.036686929 59.957424937,-164.036309876 59.957514678,-164.036966426 59.957989807,-164.037279245 59.957938981,-164.037240098 59.957736804,-164.037530616 59.957690386,-164.037827312 59.957793537,-164.03760059 59.957966629,-164.037882862 59.958082156,-164.038142469 59.957932588,-164.038455648 59.958050178,-164.038764706 59.957842845,-164.03851128 59.957692246,-164.038501717 59.957498819))",100,,yes,
1,40,795656000,-164.03247920020914,59.95301063652695,mrm0065@uah.edu,false,2026-01-09 16:19,10.0 secs,,,"POLYGON((-164.033341482 59.953189605,-164.032233837 59.953370233,-164.03248104 59.953713074,-164.032142157 59.953743179,-164.031581634 59.953322196,-164.031490968 59.952866789,-164.032176147 59.952867271,-164.032170683 59.952484112,-164.033174846 59.952415411,-164.033174846 59.952680886,-164.033551989 59.95288341,-164.033341482 59.953189605))",100,,yes,
1,40,795656001,-164.03591396391147,59.95351219275886,mrm0065@uah.edu,false,2026-01-09 16:19,10.0 secs,,,"POLYGON((-164.036013056 59.953675685,-164.034323507 59.9534663,-164.033913568 59.953690713,-164.03467332 59.954024594,-164.034755308 59.954221641,-164.035920803 59.954298953,-164.036483791 59.954036228,-164.03644553 59.95375708,-164.037334228 59.953664244,-164.037288622 59.953425902,-164.036936656 59.953060926,-164.037286469 59.952617556,-164.036696154 59.952456082,-164.036094905 59.952464293,-164.035843477 59.952623029,-164.036477514 59.95312113,-164.036772669 59.953370177,-164.036013056 59.953675685))",100,,yes,
1,116,795656002,-164.03867730231985,59.95382812198411,mrm0065@uah.edu,false,2026-01-09 16:19,10.0 secs,,,"POLYGON((-164.039498581 59.953667812,-164.03871103 59.953640301,-164.038234836 59.953805368,-164.037960109 59.953979604,-164.038216521 59.954098818,-164.038527879 59.953979604,-164.038912496 59.95386956,-164.039260484 59.953842049,-164.039498581 59.953667812))",100,,yes,
1,41,795656003,-164.03338248168674,59.95354844468979,mrm0065@uah.edu,false,2026-01-09 16:19,10.0 secs,,,"POLYGON((-164.03365834 59.953231748,-164.033363185 59.953510898,-164.032603425 59.953579317,-164.03305709 59.953847518,-164.033636477 59.953612156,-164.034112009 59.953357637,-164.03365834 59.953231748))",100,,yes,
1,38,795656004,-164.03635672828727,59.954604356257136,mrm0065@uah.edu,false,2026-01-09 16:19,10.0 secs,,,"POLYGON((-164.035963746 59.954452787,-164.035169232 59.954402396,-164.03481395 59.954656909,-164.035956285 59.9547154,-164.03795806 59.954770817,-164.037870607 59.95457925,-164.035963746 59.954452787))",100,,yes,
1,37,795656005,-164.033286655256,59.95464913267573,mrm0065@uah.edu,false,2026-01-09 16:19,10.0 secs,,,"POLYGON((-164.033987764 59.954518899,-164.033173349 59.954453218,-164.032437375 59.954779151,-164.033655309 59.954814728,-164.033987764 59.954518899))",100,,yes,
1,39,795656006,-164.03888322779622,59.95473036573257,mrm0065@uah.edu,false,2026-01-09 16:19,10.0 secs,,,"POLYGON((-164.039161841 59.954877416,-164.038549601 59.954902763,-164.038631588 59.954560678,-164.039216444 59.954577098,-164.039161841 59.954877416))",100,,yes,
1,32,795656007,-164.03724733823512,59.957063447349995,mrm0065@uah.edu,false,2026-01-09 16:19,10.0 secs,,,"POLYGON((-164.038975991 59.956743987,-164.037647372 59.956895942,-164.03621694 59.95702303,-164.035559281 59.956938578,-164.035723224 59.957249376,-164.036277359 59.957350405,-164.037028318 59.957229802,-164.037644378 59.957022465,-164.037848355 59.957229801,-164.038521742 59.95717371,-164.038975991 59.956743987))",100,,yes,
1,3,795656008,-164.03959201412766,59.9496969735065,mrm0065@uah.edu,false,2026-01-09 16:19,10.0 secs,,,"POLYGON((-164.043930255 59.952409955,-164.042998279 59.952609951,-164.042522781 59.952552809,-164.042408662 59.952409955,-164.042979259 59.952133769,-164.04269396 59.951924246,-164.042142383 59.95200996,-164.041723944 59.951905199,-164.041609825 59.951571865,-164.041800024 59.951400434,-164.041514725 59.951171859,-164.041153347 59.951038523,-164.040696869 59.951067095,-164.04046863 59.950809946,-164.040887068 59.950600415,-164.04052569 59.950486125,-164.040145291 59.950276592,-164.040259411 59.949886095,-164.040658829 59.949800376,-164.04052569 59.949628937,-164.041286486 59.949390825,-164.041020208 59.949352727,-164.04041157 59.949505119,-164.039859993 59.949581314,-164.039555674 59.94957179,-164.039365475 59.949705132,-164.038870957 59.949714656,-164.039327435 59.949533692,-164.039422534 59.949390825,-164.039498614 59.949228908,-164.039099196 59.949343202,-164.038718798 59.949457496,-164.038357419 59.949305104,-164.03818624 59.949219383,-164.0380531 59.949314629,-164.038566638 59.94948607,-164.038338399 59.949619412,-164.03803408 59.949609888,-164.0380531 59.949762278,-164.037672702 59.949886095,-164.037349364 59.949867047,-164.037254264 59.950048009,-164.037425443 59.950181349,-164.037064065 59.95036231,-164.036626607 59.950286116,-164.036170129 59.950038485,-164.035447372 59.950114679,-164.034895794 59.95029564,-164.034496376 59.95042898,-164.033868719 59.950181349,-164.0334693 59.950324213,-164.033145962 59.950314689,-164.0335644 59.95042898,-164.033754599 59.950514697,-164.033298121 59.950619463,-164.033982838 59.950905186,-164.034534416 59.95091471,-164.034515396 59.951133763,-164.033982838 59.951324243,-164.033317141 59.951324243,-164.033412241 59.951076619,-164.033260081 59.950933759,-164.032936743 59.950800422,-164.032898703 59.950552794,-164.032271046 59.95029564,-164.031852608 59.950048009,-164.033203022 59.950114679,-164.033336161 59.949847998,-164.033431261 59.949581314,-164.033887739 59.949400349,-164.03354538 59.949200334,-164.034020878 59.948962219,-164.034420296 59.94894317,-164.034933834 59.9488003,-164.034781675 59.948647905,-164.034268137 59.948647905,-164.033849699 59.948381212,-164.034001858 59.948124042,-164.034553436 59.948114517,-164.035085993 59.94845741,-164.035656591 59.948438361,-164.036151109 59.94821929,-164.035409332 59.948171666,-164.035066974 59.948009743,-164.03586581 59.947914494,-164.036968965 59.947866869,-164.036778766 59.948066892,-164.036436408 59.948266914,-164.036778766 59.948352638,-164.036322288 59.948771726,-164.037064065 59.948914596,-164.036578732 59.949257807,-164.036141274 59.94930543,-164.035932054 59.949133988,-164.035247337 59.94920066,-164.034962039 59.949372102,-164.0345436 59.949086365,-164.034163202 59.949067316,-164.033896923 59.949229234,-164.034087122 59.949486396,-164.033877903 59.949810226,-164.034049083 59.949886421,-164.03461968 59.94975308,-164.035038118 59.949638787,-164.034866939 59.949886421,-164.035570676 59.949895946,-164.036464612 59.949867372,-164.037358548 59.94949592,-164.036806971 59.949486396,-164.037130309 59.949267332,-164.037738946 59.949172086,-164.037910126 59.949038742,-164.037967186 59.948714904,-164.038613863 59.948981594,-164.039108381 59.948724429,-164.039412699 59.948476786,-164.038842102 59.948448211,-164.038043265 59.948133892,-164.037776986 59.94781957,-164.038024245 59.947581445,-164.038861122 59.94770527,-164.03916544 59.947867195,-164.039526819 59.947695746,-164.039850157 59.947971969,-164.040439775 59.947981494,-164.040363695 59.948333914,-164.040268596 59.948591083,-164.040782133 59.948838725,-164.040991352 59.94907684,-164.040972332 59.949210185,-164.04142881 59.949067316,-164.041238611 59.948810151,-164.04144783 59.948695854,-164.041790189 59.948714904,-164.042379806 59.94848631,-164.042741185 59.948352963,-164.042874324 59.94848631,-164.04386336 59.948181516,-164.043996499 59.948429162,-164.044700236 59.948781577,-164.044643176 59.949114939,-164.044224738 59.949086365,-164.044072579 59.949314954,-164.043614976 59.9496008,-164.043082418 59.949896056,-164.043367717 59.950238932,-164.042968298 59.950429416,-164.043101438 59.95066752,-164.042169462 59.950724665,-164.041275526 59.950686569,-164.041770044 59.950848479,-164.042302601 59.95108658,-164.043196537 59.951305632,-164.043367717 59.950943719,-164.043995374 59.950886575,-164.044356752 59.951067532,-164.04481323 59.951315156,-164.04483225 59.951505634,-164.044337732 59.95149611,-164.044033414 59.951715159,-164.043196537 59.951572301,-164.043291637 59.951781826,-164.043843215 59.951991349,-164.043930255 59.952409955))",100,,yes,
1,18,795656009,-164.04738656538473,59.94924396034766,mrm0065@uah.edu,false,2026-01-09 16:19,10.0 secs,,,"POLYGON((-164.046467773 59.94816997,-164.046189832 59.948564333,-164.045772922 59.948780844,-164.046143509 59.949345314,-164.046900125 59.950048954,-164.047548653 59.950443295,-164.048521445 59.950342777,-164.049185414 59.95000256,-164.048675856 59.949855648,-164.048150857 59.94943037,-164.04832071 59.949159736,-164.047795711 59.948834972,-164.048475121 59.94849474,-164.048397916 59.948193168,-164.048212622 59.948007583,-164.0476413 59.948224098,-164.04710086 59.948262762,-164.046467773 59.94816997))",100,,yes,
1,48,795656010,-164.04586962582928,59.950908213104796,mrm0065@uah.edu,false,2026-01-09 16:19,10.0 secs,,,"POLYGON((-164.046011708 59.950492532,-164.045345772 59.950562328,-164.045485154 59.950756202,-164.045547102 59.950934566,-164.045330285 59.950981096,-164.045593562 59.951151703,-164.045794892 59.951237007,-164.04585684 59.951376594,-164.046197551 59.951376594,-164.046182064 59.951252516,-164.046414368 59.951167213,-164.046259499 59.950996605,-164.046042682 59.950981096,-164.045965248 59.950818242,-164.046197551 59.950732937,-164.046305959 59.950655388,-164.046274986 59.950554572,-164.046011708 59.950492532))",100,,yes,
1,34,795656011,-164.04018855743828,59.951325311067464,mrm0065@uah.edu,false,2026-01-09 16:19,10.0 secs,,,"POLYGON((-164.040666077 59.951382812,-164.040179612 59.951612716,-164.039687686 59.951319865,-164.039993773 59.951084486,-164.040485698 59.951141962,-164.040666077 59.951382812))",100,,yes,
1,47,795656012,-164.04831917607268,59.952397830427834,mrm0065@uah.edu,false,2026-01-09 16:19,10.0 secs,,,"POLYGON((-164.048638539 59.952679887,-164.048130217 59.952636098,-164.047742142 59.952332305,-164.048376184 59.952080513,-164.048786122 59.952335041,-164.048638539 59.952679887))",100,,yes,
1,36,795656013,-164.04036917790205,59.952884645519646,mrm0065@uah.edu,false,2026-01-09 16:19,10.0 secs,,,"POLYGON((-164.040818319 59.952648651,-164.039988461 59.952725282,-164.039523865 59.952563809,-164.040004858 59.953105706,-164.041042416 59.953110428,-164.040905771 59.95280664,-164.040818319 59.952648651))",100,,yes,
1,47,795656014,-164.04748551079686,59.953201643356344,mrm0065@uah.edu,false,2026-01-09 16:19,10.0 secs,,,"POLYGON((-164.047792117 59.952739983,-164.046595092 59.953369448,-164.046950371 59.953577441,-164.048054475 59.953353027,-164.048196587 59.9530164,-164.047792117 59.952739983))",100,,yes,
1,9,795656015,-164.0522922014467,59.95330913595407,mrm0065@uah.edu,false,2026-01-09 16:19,10.0 secs,,,"POLYGON((-164.052394118 59.953543249,-164.05197568 59.953476585,-164.052108819 59.953400399,-164.05193764 59.953257548,-164.05203274 59.953086126,-164.052394118 59.953076603,-164.052622357 59.953314688,-164.052622357 59.953486109,-164.052394118 59.953543249))",100,,yes,
1,79,795656016,-164.04181151392334,59.9474990661947,mrm0065@uah.edu,false,2026-01-09 16:19,10.0 secs,,,"POLYGON((-164.041570028 59.946513036,-164.040782038 59.946868202,-164.041254832 59.947168118,-164.041034195 59.947570632,-164.041097234 59.947988926,-164.041239072 59.948620303,-164.041790665 59.948257262,-164.042767773 59.948044172,-164.042767773 59.947602202,-164.042594415 59.94736543,-164.042752013 59.947089193,-164.042105861 59.946773492,-164.041570028 59.946513036))",100,,yes,
1,39,795656017,-164.06064104993294,59.94625897000614,mrm0065@uah.edu,false,2026-01-09 16:19,10.0 secs,,,"POLYGON((-164.061595761 59.946327318,-164.060110732 59.946018542,-164.060026764 59.946196647,-164.060461424 59.946451435,-164.061595761 59.946327318))",100,,yes,
1,31,795656018,-164.05924289718942,59.94623926308089,mrm0065@uah.edu,false,2026-01-09 16:19,10.0 secs,,,"POLYGON((-164.059737357 59.945961285,-164.058997597 59.945981511,-164.058431798 59.946460537,-164.059838372 59.946452001,-164.059737357 59.945961285))",100,,yes,
1,119,795656019,-164.04342823550633,59.94684027357775,mrm0065@uah.edu,false,2026-01-09 16:19,10.0 secs,,,"POLYGON((-164.04419856 59.946706294,-164.043575846 59.946908084,-164.043337749 59.947100701,-164.042934816 59.947128218,-164.04284324 59.946935601,-164.043081337 59.946752155,-164.043612476 59.946605398,-164.0441253 59.946623743,-164.04419856 59.946706294))",100,,yes,
1,117,795656020,-164.04417805075798,59.947072497177686,mrm0065@uah.edu,false,2026-01-09 16:19,10.0 secs,,,"POLYGON((-164.044273535 59.9468371,-164.043903072 59.946898943,-164.043957955 59.947084471,-164.043793305 59.947166928,-164.043848188 59.947283741,-164.044012838 59.947221899,-164.044246093 59.947290613,-164.044561673 59.947160057,-164.044300976 59.947050114,-164.044575393 59.947002014,-164.044575393 59.946926429,-164.044328418 59.9469333,-164.044273535 59.9468371))",100,,yes,
1,32,795656021,-164.05881829379445,59.94738803188618,mrm0065@uah.edu,false,2026-01-09 16:19,10.0 secs,,,"POLYGON((-164.059390983 59.947250464,-164.058575993 59.946956105,-164.058057365 59.947126784,-164.058664901 59.9474063,-164.058403117 59.947777339,-164.05874393 59.947863914,-164.059371225 59.947569558,-164.059390983 59.947250464))",100,,yes,
1,20,795656022,-164.04699486305813,59.947101378291265,mrm0065@uah.edu,false,2026-01-09 16:19,10.0 secs,,,"POLYGON((-164.04711653 59.947562269,-164.046619323 59.947246871,-164.046370719 59.94712237,-164.046635896 59.94697297,-164.046834779 59.946823568,-164.047000515 59.946674166,-164.047464575 59.946923169,-164.04734856 59.947238571,-164.04711653 59.947562269))",100,,yes,
1,40,795656023,-164.05985559153376,59.946895266351426,mrm0065@uah.edu,false,2026-01-09 16:19,10.0 secs,,,"POLYGON((-164.059993013 59.946643872,-164.059361343 59.946610357,-164.059435433 59.947055612,-164.060383786 59.947159504,-164.060536905 59.946993772,-164.060176333 59.946902248,-164.059993013 59.946643872))",100,,yes,
1,21,795656024,-164.0455383565963,59.94750900534691,mrm0065@uah.edu,false,2026-01-09 16:19,10.0 secs,,,"POLYGON((-164.046337572 59.947744867,-164.046155263 59.947927463,-164.045740924 59.947711667,-164.045525467 59.947894264,-164.045343158 59.94806026,-164.044978539 59.947786366,-164.044713362 59.94747097,-164.044961966 59.947255171,-164.045459173 59.94709747,-164.045989527 59.94700617,-164.046022674 59.947263471,-164.046337572 59.94745437,-164.046088969 59.947562269,-164.046337572 59.947744867))",100,,yes,
1,33,795656025,-164.06721697332915,59.95096848397979,mrm0065@uah.edu,false,2026-01-09 16:19,10.0 secs,,,"POLYGON((-164.06806897 59.951078489,-164.066560324 59.951312688,-164.066690756 59.950775986,-164.067450668 59.950608445,-164.06806897 59.951078489))",100,,yes,
1,51,795656026,-164.06309701211018,59.95117583900616,mrm0065@uah.edu,false,2026-01-09 16:19,10.0 secs,,,"POLYGON((-164.063797541 59.951392831,-164.063437054 59.951256231,-164.062398532 59.951284829,-164.062229302 59.951094164,-164.062642615 59.950896979,-164.06272723 59.951092535,-164.063708554 59.951091801,-164.064095461 59.951258054,-164.063797541 59.951392831))",100,,yes,
1,47,795656027,-164.06166324831764,59.95147967276915,mrm0065@uah.edu,false,2026-01-09 16:19,10.0 secs,,,"POLYGON((-164.062482174 59.951485644,-164.061854632 59.95121957,-164.061636585 59.951415125,-164.060897823 59.951309401,-164.060735102 59.951418584,-164.060852261 59.951612507,-164.061859438 59.951602274,-164.062755949 59.951648798,-164.062482174 59.951485644))",100,,yes,
1,48,795656028,-164.06375427058688,59.95158785354567,mrm0065@uah.edu,false,2026-01-09 16:19,10.0 secs,,,"POLYGON((-164.064488324 59.95171949,-164.063219428 59.951701075,-164.063030672 59.951528339,-164.063339844 59.951378414,-164.063693111 59.951511756,-164.06444394 59.951492201,-164.064488324 59.95171949))",100,,yes,
1,36,795656029,-164.0668209282251,59.95522825986188,mrm0065@uah.edu,false,2026-01-09 16:19,10.0 secs,,,"POLYGON((-164.067854675 59.954552579,-164.067273624 59.954971705,-164.066160763 59.954513131,-164.065215313 59.95456244,-164.064781987 59.955839526,-164.06597364 59.955721188,-164.06609182 59.956174814,-164.06755922 59.955696534,-164.06929254 59.955380964,-164.068603174 59.954974611,-164.069115287 59.954594932,-164.067854675 59.954552579))",100,,yes,
1,35,795656030,-164.0708582330177,59.9528947881369,mrm0065@uah.edu,false,2026-01-09 16:19,10.0 secs,,,"POLYGON((-164.07156661 59.953031843,-164.070155617 59.952949883,-164.070358129 59.952781707,-164.071222528 59.952779234,-164.07156661 59.953031843))",100,,yes,
1,37,795656031,-164.0686081812035,59.954038612130056,mrm0065@uah.edu,false,2026-01-09 16:19,10.0 secs,,,"POLYGON((-164.069884737 59.953687231,-164.068992052 59.954165378,-164.064071893 59.953734008,-164.064165313 59.954056236,-164.069707119 59.954503695,-164.071066912 59.954441329,-164.071554772 59.953807264,-164.070659029 59.95373617,-164.070617509 59.953128086,-164.06995319 59.953070914,-164.070317692 59.95370213,-164.069884737 59.953687231))",100,,yes,
1,77,795656032,-164.02989198142134,59.943639821749976,mrm0065@uah.edu,false,2026-01-09 16:19,10.0 secs,,,"POLYGON((-164.030831906 59.942148581,-164.031274786 59.942680963,-164.031363362 59.942991514,-164.030761045 59.943080243,-164.030123297 59.942876167,-164.029574126 59.94288504,-164.028847802 59.943239954,-164.028458067 59.943337554,-164.028440351 59.943541628,-164.02782032 59.943630354,-164.028050618 59.943337554,-164.027519161 59.943142353,-164.027200287 59.943222208,-164.026792836 59.943408536,-164.027023135 59.943754572,-164.025995652 59.943958643,-164.025818501 59.943470645,-164.025304758 59.943515009,-164.024737873 59.943692463,-164.024472144 59.943878789,-164.024950455 59.944411143,-164.025499627 59.944375652,-164.025605918 59.94450874,-164.02534019 59.944588592,-164.025871646 59.944899126,-164.026155089 59.944783785,-164.02656254 59.944712806,-164.026172805 59.944641826,-164.026066514 59.944428887,-164.026509394 59.94440227,-164.026721976 59.944641826,-164.02704085 59.944641826,-164.027767174 59.94443776,-164.028617504 59.944375652,-164.028617504 59.944588592,-164.028156909 59.944721678,-164.027802603 59.944632954,-164.027005419 59.944783785,-164.026651116 59.944934615,-164.02711171 59.945058828,-164.02796204 59.944934615,-164.028582074 59.944837019,-164.029148961 59.944925743,-164.029822139 59.944783785,-164.029308398 59.944455505,-164.029698132 59.944393398,-164.030141013 59.94457972,-164.030885052 59.94418933,-164.030052436 59.943923152,-164.029591841 59.943852171,-164.029822139 59.94368359,-164.030938197 59.943585991,-164.031133064 59.943364172,-164.031009058 59.943186717,-164.031788527 59.943151225,-164.032018825 59.943470645,-164.032638858 59.943488391,-164.032514851 59.943861044,-164.031434223 59.944375652,-164.030938197 59.94436678,-164.030637038 59.944703933,-164.031753097 59.94476604,-164.032621142 59.944721678,-164.033099453 59.944650699,-164.03366634 59.944420015,-164.03448124 59.94447325,-164.034056075 59.944056241,-164.034357233 59.943772317,-164.034180081 59.943461773,-164.033241175 59.943577118,-164.033329751 59.943408536,-164.03407379 59.943266572,-164.033648625 59.943062497,-164.03285144 59.943248826,-164.032319984 59.942920531,-164.032674288 59.942725327,-164.032550282 59.942485757,-164.032142832 59.942166328,-164.032497136 59.941651684,-164.03200111 59.941500839,-164.031097634 59.9414476,-164.030034721 59.941412106,-164.029981576 59.941625064,-164.030690184 59.941864641,-164.030353595 59.94208647,-164.030831906 59.942148581))",100,,yes,
1,67,795656033,-164.05400458409417,59.942557371754795,mrm0065@uah.edu,false,2026-01-09 16:19,10.0 secs,,,"POLYGON((-164.054260802 59.942477161,-164.054275177 59.94275795,-164.054059559 59.942873145,-164.053930188 59.942721952,-164.053657071 59.942628355,-164.05368582 59.942433962,-164.053901439 59.942304366,-164.054332675 59.942390763,-164.054260802 59.942477161))",100,,yes,
1,104,795656034,-164.03574914114844,59.946254940045726,mrm0065@uah.edu,false,2026-01-09 16:19,10.0 secs,,,"POLYGON((-164.038101883 59.947056761,-164.037830783 59.947043516,-164.03728197 59.947262067,-164.036997645 59.947262067,-164.036971197 59.947152791,-164.036746382 59.947063384,-164.036587689 59.947003779,-164.036131447 59.946937551,-164.03568843 59.946907748,-164.03535782 59.946718998,-164.035364432 59.946801783,-164.035265249 59.946854766,-164.035066883 59.946824963,-164.035146229 59.946728932,-164.035146229 59.946669326,-164.034736273 59.946576606,-164.034425499 59.946523623,-164.033962645 59.946480574,-164.033665096 59.946523623,-164.033321262 59.946467328,-164.032990652 59.946490509,-164.032739388 59.946589852,-164.032395554 59.946589852,-164.032210412 59.946675949,-164.031767395 59.946629589,-164.031297928 59.946556737,-164.030907808 59.946460706,-164.031145848 59.946255395,-164.031317765 59.946377919,-164.031562416 59.946404411,-164.031866578 59.946434214,-164.032045107 59.94647064,-164.032131066 59.946430902,-164.03235588 59.946308378,-164.032296371 59.9461991,-164.032626981 59.946195788,-164.033116284 59.946238838,-164.033122896 59.94633487,-164.033360934 59.946242149,-164.033724606 59.946156051,-164.034081665 59.946089821,-164.034451948 59.946066641,-164.034405663 59.945934181,-164.034471784 59.94588782,-164.034346153 59.945874574,-164.034207297 59.945911,-164.034061828 59.945808343,-164.033837013 59.945715621,-164.034022155 59.945665948,-164.034200684 59.945689129,-164.034154399 59.945612964,-164.034167623 59.945503683,-164.034200684 59.945361286,-164.034280031 59.945275185,-164.034504845 59.945225512,-164.034564355 59.945079802,-164.034855292 59.945152657,-164.035073495 59.945129476,-164.03556941 59.945185773,-164.035774388 59.945271874,-164.036144672 59.945364598,-164.036607526 59.945354663,-164.036614138 59.945467256,-164.036475282 59.945586471,-164.036164508 59.945546733,-164.035708266 59.945616275,-164.035357819 59.945397713,-164.034961087 59.945331482,-164.034676763 59.945361286,-164.034597416 59.945457321,-164.034894966 59.94552024,-164.034815619 59.945771917,-164.03494125 59.945904377,-164.035265249 59.94588782,-164.035390881 59.945987165,-164.035417329 59.946113002,-164.035721491 59.946040149,-164.035985979 59.946126247,-164.036283528 59.946209034,-164.036574464 59.946136182,-164.037050543 59.946169297,-164.037076992 59.946103067,-164.03707038 59.945924246,-164.037004258 59.945775228,-164.03689185 59.945725556,-164.03650173 59.945798409,-164.036462057 59.945712309,-164.03677283 59.945589783,-164.037116665 59.945546733,-164.037110053 59.945665948,-164.037407602 59.945599717,-164.037586131 59.945457321,-164.037996088 59.945384467,-164.038683756 59.945252004,-164.038842449 59.945301678,-164.03872343 59.945404336,-164.038419268 59.945490437,-164.038128332 59.945646079,-164.037724987 59.945659325,-164.037572907 59.945665948,-164.037586131 59.945805032,-164.037605968 59.945920935,-164.03740099 59.946023591,-164.037467111 59.946271952,-164.037837395 59.946371296,-164.03782417 59.946517,-164.03788368 59.94665358,-164.038082046 59.946673448,-164.038220902 59.946554237,-164.038478778 59.946507877,-164.038716818 59.946468139,-164.039173059 59.946428402,-164.039146611 59.946521122,-164.038882123 59.94658404,-164.038796164 59.946736366,-164.038320086 59.946819151,-164.03788368 59.946855576,-164.038227515 59.946898625,-164.038306861 59.946991344,-164.038101883 59.947056761))",100,,yes,
1,104,795656035,-164.0366031147929,59.944343886045324,mrm0065@uah.edu,false,2026-01-09 16:19,10.0 secs,,,"POLYGON((-164.036887731 59.945178396,-164.036482191 59.945140981,-164.036097994 59.945002013,-164.036001945 59.944863045,-164.036194043 59.944809595,-164.036172699 59.944692006,-164.036386142 59.944478206,-164.036386142 59.944371306,-164.036012617 59.944365961,-164.035777831 59.944510276,-164.035457667 59.944440791,-164.035286913 59.94431251,-164.035094815 59.944104053,-164.034774651 59.944210954,-164.034443815 59.944071982,-164.03496675 59.94391163,-164.035372289 59.943761966,-164.03592724 59.943767312,-164.036268748 59.943842143,-164.036215388 59.943959736,-164.036065978 59.944077328,-164.036012617 59.944168194,-164.036300765 59.944189574,-164.036674289 59.944141468,-164.03698378 59.94390094,-164.03713319 59.943842143,-164.037410665 59.943970426,-164.037730829 59.944013187,-164.037826878 59.943868869,-164.03768814 59.943761966,-164.037784189 59.943660409,-164.03818973 59.943671099,-164.03833914 59.943788692,-164.038424516 59.943959736,-164.038136369 59.944109398,-164.03818973 59.944210954,-164.037922927 59.944210954,-164.037709484 59.944275095,-164.03748537 59.94422699,-164.037303944 59.944162849,-164.037047813 59.94426975,-164.036695633 59.94428044,-164.036791682 59.944365961,-164.037101174 59.944414066,-164.037549403 59.944462171,-164.037730829 59.944563726,-164.037613436 59.944659936,-164.037378649 59.944686661,-164.037389321 59.94479356,-164.037197223 59.94483632,-164.036951764 59.944884425,-164.037005125 59.945039428,-164.037261256 59.944985978,-164.037581419 59.944921839,-164.037720157 59.944964599,-164.037581419 59.945092877,-164.037271928 59.945173051,-164.036887731 59.945178396))",100,,yes,
1,105,795656036,-164.03675635844408,59.94278839244118,mrm0065@uah.edu,false,2026-01-09 16:19,10.0 secs,,,"POLYGON((-164.037464737 59.942677601,-164.037069869 59.942597421,-164.036707017 59.942602766,-164.036354837 59.94266691,-164.035949296 59.942720363,-164.036184083 59.94283796,-164.036397525 59.943009008,-164.036931131 59.942966246,-164.037293983 59.942896757,-164.037464737 59.942677601))",100,,yes,
1,101,795656037,-164.0405001677474,59.94591937731372,mrm0065@uah.edu,false,2026-01-09 16:19,10.0 secs,,,"POLYGON((-164.040093961 59.946179285,-164.039376057 59.946401543,-164.039363004 59.946551892,-164.03915416 59.946682631,-164.039336898 59.946774148,-164.039676271 59.946610725,-164.04018533 59.946610725,-164.040798812 59.946388469,-164.040524703 59.94608123,-164.040785759 59.946002785,-164.041085973 59.945943952,-164.041425346 59.94592434,-164.041595032 59.94570208,-164.041908299 59.945584412,-164.041621138 59.945407909,-164.041347029 59.945420983,-164.04083797 59.945237942,-164.04051165 59.945303314,-164.040172278 59.94538176,-164.0402767 59.94551904,-164.040107014 59.945682468,-164.039676271 59.945604023,-164.03971543 59.945839359,-164.040093961 59.946179285))",100,,yes,
1,78,795656038,-164.04281186529903,59.94614936907646,mrm0065@uah.edu,false,2026-01-09 16:19,10.0 secs,,,"POLYGON((-164.043461204 59.945692191,-164.042799292 59.945676406,-164.042704734 59.945976332,-164.042562896 59.94617365,-164.042326498 59.946063152,-164.042389538 59.945668513,-164.041948263 59.945865833,-164.041711866 59.946134187,-164.041774906 59.946363075,-164.04223194 59.94649725,-164.042625935 59.946505143,-164.042815052 59.946394646,-164.04297265 59.946631425,-164.04376064 59.94649725,-164.043587282 59.9462289,-164.043713361 59.945889511,-164.043461204 59.945692191))",100,,yes,
1,25,795656039,-164.03354699473755,59.93598534543712,mrm0065@uah.edu,false,2026-01-09 16:19,10.0 secs,,,"POLYGON((-164.0342449 59.935779951,-164.033968179 59.935940468,-164.033400173 59.93613017,-164.03356038 59.936232316,-164.033050631 59.936378239,-164.032890424 59.936144762,-164.033239966 59.935984246,-164.033502123 59.935911283,-164.033429302 59.935787247,-164.033924486 59.935655914,-164.034274028 59.935706988,-164.0342449 59.935779951))",100,,yes,
1,23,795656040,-164.0406855055997,59.9361026254729,mrm0065@uah.edu,false,2026-01-09 16:19,10.0 secs,,,"POLYGON((-164.041119228 59.936020726,-164.040551222 59.935896691,-164.040376451 59.936035319,-164.040580351 59.936392831,-164.0408862 59.93616665,-164.041119228 59.936020726))",100,,yes,
1,126,795656041,-164.03442347227056,59.93636651401604,mrm0065@uah.edu,false,2026-01-09 16:19,10.0 secs,,,"POLYGON((-164.034493388 59.936229596,-164.033949714 59.936293339,-164.0342042 59.936432417,-164.034585928 59.936548314,-164.034736306 59.936426622,-164.034736306 59.936287544,-164.034493388 59.936229596))",100,,yes,
1,127,795656042,-164.0495722409472,59.93620991173143,mrm0065@uah.edu,false,2026-01-09 16:19,10.0 secs,,,"POLYGON((-164.04980197 59.936041306,-164.048962305 59.936241612,-164.049282177 59.936341764,-164.05000189 59.936274996,-164.050028546 59.93616149,-164.04980197 59.936041306))",100,,yes,
1,22,795656043,-164.04149175811773,59.93656961738977,mrm0065@uah.edu,false,2026-01-09 16:19,10.0 secs,,,"POLYGON((-164.041832876 59.936239612,-164.041235742 59.936312574,-164.041337692 59.936465792,-164.040798814 59.936728451,-164.041293999 59.937034884,-164.04157072 59.936735747,-164.041789184 59.936604418,-164.041527027 59.936502273,-164.042095033 59.936480384,-164.042313497 59.936349054,-164.042036776 59.936254204,-164.041832876 59.936239612))",100,,yes,
1,24,795656044,-164.03555946455344,59.936687789022145,mrm0065@uah.edu,false,2026-01-09 16:19,10.0 secs,,,"POLYGON((-164.035963482 59.936684675,-164.035541118 59.936874372,-164.035089627 59.936961924,-164.035162448 59.936794116,-164.035366347 59.93665549,-164.035424604 59.936516865,-164.035948918 59.936422016,-164.036079996 59.936502273,-164.03571589 59.936575234,-164.035963482 59.936684675))",100,,yes,
1,96,795656045,-164.0308470861028,59.93695618618424,mrm0065@uah.edu,false,2026-01-09 16:19,10.0 secs,,,"POLYGON((-164.031401532 59.936529608,-164.030927634 59.936794143,-164.030629755 59.936794143,-164.030291257 59.936943366,-164.030237097 59.937112938,-164.029857978 59.936984064,-164.030088158 59.9371672,-164.029749659 59.937228246,-164.030304797 59.937343554,-164.030562056 59.937296074,-164.030805775 59.937072241,-164.031049494 59.937058675,-164.031469232 59.937004412,-164.031685871 59.936807709,-164.031577552 59.936699182,-164.031821271 59.93667205,-164.031401532 59.936529608))",100,,yes,
1,124,795656046,-164.03429306503583,59.93754814803195,mrm0065@uah.edu,false,2026-01-09 16:19,10.0 secs,,,"POLYGON((-164.03433034 59.937689682,-164.034006449 59.937608557,-164.034029584 59.937515842,-164.03433034 59.93737677,-164.034573258 59.937539021,-164.034480718 59.937654914,-164.03433034 59.937689682))",100,,yes,
1,123,795656047,-164.0393287137621,59.937435493860725,mrm0065@uah.edu,false,2026-01-09 16:19,10.0 secs,,,"POLYGON((-164.039373278 59.937533302,-164.03908409 59.937626017,-164.038818036 59.937550686,-164.038864307 59.937434792,-164.039060955 59.937347872,-164.039188197 59.937150851,-164.039500521 59.93717403,-164.039292305 59.937255156,-164.039546791 59.93737105,-164.040032627 59.937550686,-164.039905384 59.937626017,-164.039604628 59.937533302,-164.039373278 59.937533302))",100,,yes,
1,66,795656048,-164.05478386152993,59.94258507918408,mrm0065@uah.edu,false,2026-01-09 16:19,10.0 secs,,,"POLYGON((-164.055152024 59.942534759,-164.054922031 59.94276515,-164.054404548 59.942685953,-164.054447671 59.942534759,-164.054821409 59.942405163,-164.055123275 59.942469961,-164.055152024 59.942534759))",100,,yes,
1,81,795656049,-164.07460515984076,59.93981701835208,mrm0065@uah.edu,false,2026-01-09 16:19,10.0 secs,,,"POLYGON((-164.074837585 59.939468166,-164.074623978 59.939350098,-164.074174666 59.939475546,-164.073946328 59.939600992,-164.073835841 59.939519821,-164.074137838 59.939350098,-164.073983156 59.939320581,-164.073659063 59.939449718,-164.073423358 59.939505063,-164.073150825 59.939398064,-164.073231849 59.939291064,-164.073445456 59.939084444,-164.073231849 59.939036478,-164.072870926 59.939088134,-164.072826732 59.938970064,-164.072694148 59.938888891,-164.072347957 59.938962685,-164.072045961 59.939065996,-164.071972303 59.939187754,-164.072112253 59.939291064,-164.072281665 59.939427581,-164.072510004 59.939560407,-164.072753074 59.939648957,-164.072870926 59.93953458,-164.073018242 59.939586234,-164.073320238 59.9395272,-164.073415993 59.939612061,-164.073180288 59.939637888,-164.073253946 59.939704301,-164.073062436 59.93980761,-164.072937218 59.939899849,-164.07324658 59.940095396,-164.07357804 59.940191324,-164.074174666 59.939862953,-164.074366176 59.939789162,-164.074380908 59.93971168,-164.074697636 59.939818678,-164.074675538 59.939936745,-164.074439834 59.939811299,-164.074395639 59.939862953,-164.074484028 59.939988399,-164.074594515 59.940099085,-164.07435881 59.940117533,-164.074233592 59.940180255,-164.074344079 59.940217151,-164.074329347 59.940254046,-164.073983156 59.940150739,-164.073953694 59.940235598,-164.074078911 59.940383179,-164.074189398 59.940497554,-164.074557686 59.940549207,-164.074712367 59.94059717,-164.074929345 59.940697062,-164.075150318 59.940674925,-164.075319731 59.940652788,-164.075312365 59.940748715,-164.075444949 59.940763473,-164.075621727 59.940652788,-164.075827968 59.940582688,-164.076210988 59.94049045,-164.076461424 59.940291216,-164.076247817 59.940235874,-164.076343572 59.940110429,-164.076314109 59.940029259,-164.076321475 59.939922262,-164.076210988 59.939774679,-164.076063673 59.939689818,-164.076490887 59.939616026,-164.076306743 59.939531165,-164.076343572 59.939376201,-164.076174159 59.939276581,-164.075967918 59.939173271,-164.075754311 59.939475821,-164.075732214 59.939250754,-164.075570889 59.939176961,-164.075423574 59.939350374,-164.075334462 59.939217547,-164.075172416 59.939147443,-164.074944077 59.93928396,-164.074837585 59.939468166))",100,,yes,
1,81,795656050,-164.0773030610608,59.939964944427054,mrm0065@uah.edu,false,2026-01-09 16:19,10.0 secs,,,"POLYGON((-164.077265014 59.939678749,-164.077139796 59.93949058,-164.077051407 59.939501648,-164.076764142 59.93957544,-164.076609462 59.939457373,-164.076565267 59.939527476,-164.076631559 59.939608647,-164.076476878 59.939663991,-164.076506341 59.939818954,-164.076388489 59.939970226,-164.076557901 59.94002557,-164.076749411 59.940051396,-164.077051407 59.940125187,-164.07708087 59.940173151,-164.076881995 59.940191599,-164.076764142 59.9402617,-164.076675753 59.940453555,-164.076705216 59.940663857,-164.076719948 59.940730267,-164.076881995 59.940697062,-164.076940921 59.940674925,-164.077073505 59.940759783,-164.07732394 59.940645409,-164.077390232 59.940523656,-164.077559645 59.94049414,-164.077751155 59.940427729,-164.077699594 59.94034287,-164.077986859 59.940313354,-164.077905836 59.940143635,-164.077780618 59.940036638,-164.07751545 59.939977605,-164.077552279 59.939918572,-164.077677497 59.939881676,-164.07789847 59.93985585,-164.07808998 59.93975992,-164.078465634 59.939593889,-164.078473 59.939475821,-164.078325684 59.93938358,-164.078097346 59.939520096,-164.077869007 59.939497959,-164.077552279 59.939545924,-164.077500719 59.939420477,-164.077544913 59.939269202,-164.077471256 59.939199098,-164.077287112 59.939221236,-164.07702931 59.939298719,-164.077132431 59.939398339,-164.077301843 59.9394832,-164.077434427 59.939545924,-164.077368135 59.939730404,-164.077287112 59.939837402,-164.077154528 59.939807885,-164.077265014 59.939678749))",100,,yes,
1,81,795656051,-164.07522707863276,59.94234341627344,mrm0065@uah.edu,false,2026-01-09 16:19,10.0 secs,,,"POLYGON((-164.075763588 59.942181822,-164.075174086 59.94221873,-164.074879335 59.941982517,-164.074540371 59.942144914,-164.074407733 59.942403271,-164.07539515 59.942580429,-164.076014127 59.942595192,-164.076014127 59.942381126,-164.075763588 59.942181822))",100,,yes,
1,82,795656052,-164.0707788753885,59.94083005129738,mrm0065@uah.edu,false,2026-01-09 16:19,10.0 secs,,,"POLYGON((-164.072467289 59.941148375,-164.072290438 59.940853098,-164.071450397 59.940653785,-164.070964058 59.940395414,-164.070094542 59.940321593,-164.070477719 59.940565201,-164.070875633 59.94074975,-164.070315606 59.940609493,-164.069799791 59.940609493,-164.069195551 59.940683313,-164.068945013 59.940956445,-164.069269239 59.941067174,-164.069475565 59.940771896,-164.069902954 59.94078666,-164.07005033 59.940904772,-164.07005033 59.941111465,-164.069799791 59.941111465,-164.07028613 59.941296012,-164.070669307 59.941104083,-164.070536669 59.940949063,-164.070860895 59.941045028,-164.071303022 59.941059792,-164.071583035 59.940993355,-164.071745148 59.941222193,-164.072069375 59.941126229,-164.072467289 59.941148375))",100,,yes,
1,81,795656053,-164.0763119878422,59.94159743956339,mrm0065@uah.edu,false,2026-01-09 16:19,10.0 secs,,,"POLYGON((-164.078180548 59.942130151,-164.077649996 59.942226112,-164.077340507 59.942056334,-164.077031018 59.942026807,-164.076588892 59.942063716,-164.075969914 59.941886555,-164.075822539 59.941724156,-164.075468837 59.941731538,-164.074879335 59.941753684,-164.074614059 59.94161343,-164.074024557 59.941591285,-164.073847706 59.941443649,-164.074201408 59.941325539,-164.073685593 59.941008118,-164.074496159 59.941074556,-164.075380412 59.941111465,-164.07623519 59.941244339,-164.076500466 59.941391976,-164.077075231 59.941561758,-164.077473145 59.941414121,-164.078195285 59.94145103,-164.078725837 59.941554376,-164.078519511 59.941731538,-164.078607937 59.941842264,-164.078180548 59.942130151))",100,,yes,
1,65,795656054,-164.05626489716948,59.94265705763552,mrm0065@uah.edu,false,2026-01-09 16:19,10.0 secs,,,"POLYGON((-164.057078213 59.942606756,-164.056517605 59.942664354,-164.056115118 59.942808348,-164.055956998 59.942945142,-164.055525762 59.942844347,-164.05574138 59.942671554,-164.056143867 59.94249876,-164.056661351 59.94249156,-164.056991965 59.942405163,-164.057078213 59.942606756))",100,,yes,
1,105,795656055,-164.07448725799924,59.93785324441783,mrm0065@uah.edu,false,2026-01-09 16:19,10.0 secs,,,"POLYGON((-164.074521977 59.93771214,-164.073982682 59.93785365,-164.074175287 59.938001591,-164.074367892 59.938040184,-164.074714582 59.937982294,-164.074753103 59.937840785,-164.074920027 59.937782895,-164.074920027 59.937641385,-164.074521977 59.93771214))",100,,yes,
1,32,795656056,-164.05472388725525,59.93545490746654,mrm0065@uah.edu,false,2026-01-09 16:19,10.0 secs,,,"POLYGON((-164.057248545 59.935694044,-164.056844176 59.935394581,-164.056246414 59.935306503,-164.055754139 59.935447427,-164.055560745 59.935605967,-164.054962983 59.935368157,-164.054716846 59.935165577,-164.054312477 59.935262464,-164.054031177 59.935086307,-164.053996015 59.934742798,-164.053626809 59.934566639,-164.05322244 59.93464591,-164.053029046 59.934866109,-164.053556484 59.935077499,-164.052993884 59.935341734,-164.052835653 59.935623582,-164.05336309 59.935808544,-164.053820202 59.935764506,-164.054558614 59.935887813,-164.055420095 59.935799736,-164.056211251 59.935755698,-164.056685945 59.936037543,-164.057125476 59.935879005,-164.057248545 59.935694044))",100,,yes,
1,10,795656057,-164.06187978082025,59.93630122735732,mrm0065@uah.edu,false,2026-01-09 16:19,10.0 secs,,,"POLYGON((-164.06288488 59.936344893,-164.06270716 59.936751888,-164.062072446 59.936777325,-164.061894727 59.936599266,-164.061361567 59.936459361,-164.060701465 59.936077799,-164.060904573 59.935747109,-164.061869338 59.936141393,-164.062453274 59.935988768,-164.06288488 59.936344893))",100,,yes,
1,10,795656058,-164.06187978082025,59.93630122735732,mrm0065@uah.edu,false,2026-01-09 16:19,10.0 secs,,,"POLYGON((-164.06288488 59.936344893,-164.06270716 59.936751888,-164.062072446 59.936777325,-164.061894727 59.936599266,-164.061361567 59.936459361,-164.060701465 59.936077799,-164.060904573 59.935747109,-164.061869338 59.936141393,-164.062453274 59.935988768,-164.06288488 59.936344893))",100,,yes,
1,105,795656059,-164.07270154561596,59.93779442895729,mrm0065@uah.edu,false,2026-01-09 16:19,10.0 secs,,,"POLYGON((-164.072724328 59.938033752,-164.072377639 59.937982294,-164.072313437 59.937872946,-164.072146513 59.937718573,-164.072506042 59.93765425,-164.07278853 59.937589927,-164.073045337 59.937609224,-164.073186581 59.937705708,-164.073186581 59.937834353,-164.072968295 59.937905107,-164.072814211 59.937956565,-164.072724328 59.938033752))",100,,yes,
1,52,795656060,-164.07619551071153,59.93831215234901,mrm0065@uah.edu,false,2026-01-09 16:19,10.0 secs,,,"POLYGON((-164.074953207 59.938346405,-164.075535087 59.938388045,-164.075701338 59.938554606,-164.075884215 59.938746149,-164.076382969 59.938712837,-164.076466095 59.938546278,-164.076682222 59.938438013,-164.0770646 59.938421357,-164.077214226 59.938246468,-164.077247476 59.938129875,-164.076815223 59.938088234,-164.076615721 59.937954984,-164.076033841 59.938021609,-164.075634838 59.938046593,-164.075402086 59.938229812,-164.074986457 59.938254796,-164.074953207 59.938346405))",100,,yes,
1,105,795656061,-164.0639791079167,59.935697125418024,mrm0065@uah.edu,false,2026-01-09 16:19,10.0 secs,,,"POLYGON((-164.064325128 59.935670668,-164.063763774 59.935520683,-164.06361408 59.935633172,-164.063763774 59.935776908,-164.064000791 59.93585815,-164.064375027 59.935770659,-164.064325128 59.935670668))",100,,yes,
1,82,795656062,-164.0675852898382,59.938287093268315,mrm0065@uah.edu,false,2026-01-09 16:19,10.0 secs,,,"POLYGON((-164.070024121 59.938181543,-164.069508307 59.937871474,-164.069257768 59.938011744,-164.069493569 59.938166778,-164.069346194 59.938196308,-164.068918804 59.937923153,-164.06834404 59.937797648,-164.067415574 59.937723822,-164.0676219 59.937834562,-164.067179773 59.937834562,-164.066796596 59.937657378,-164.066442895 59.937841944,-164.066059719 59.937686909,-164.065514429 59.937590934,-164.065160728 59.937576169,-164.064851239 59.937723822,-164.065573379 59.938033892,-164.065897606 59.938122482,-164.065779705 59.938247986,-164.065426004 59.938240603,-164.065735492 59.938506373,-164.066192357 59.938388253,-164.066236569 59.938498991,-164.067032397 59.938535903,-164.066693434 59.938668787,-164.066457633 59.938602345,-164.066324995 59.938727847,-164.066501845 59.938919789,-164.066752384 59.938801671,-164.066988185 59.938875495,-164.067577687 59.938875495,-164.067872438 59.938875495,-164.068152452 59.938978848,-164.0678577 59.939023142,-164.068064026 59.939133877,-164.06852089 59.939126495,-164.068800904 59.93901576,-164.068373515 59.938927171,-164.068329302 59.938845965,-164.068727216 59.938823818,-164.06900723 59.938779524,-164.068712479 59.938912407,-164.069051442 59.938897642,-164.069287243 59.938779524,-164.069154605 59.938631875,-164.069301981 59.938521138,-164.069405144 59.938631875,-164.069476904 59.93869818,-164.070024121 59.938181543))",100,,yes,
1,105,795656063,-164.07421308715598,59.938370850419474,mrm0065@uah.edu,false,2026-01-09 16:19,10.0 secs,,,"POLYGON((-164.07429085 59.938689829,-164.073700195 59.938496866,-164.073674514 59.938329631,-164.07387996 59.938213852,-164.07429085 59.938110938,-164.074804464 59.938213852,-164.074676061 59.938406817,-164.074444935 59.938522595,-164.07429085 59.938689829))",100,,yes,
1,97,795656064,-164.07891419218106,59.943023247336924,mrm0065@uah.edu,false,2026-01-09 16:19,10.0 secs,,,"POLYGON((-164.081618557 59.943130024,-164.080992652 59.943107632,-164.080670759 59.943040455,-164.080429338 59.943013585,-164.080125328 59.943089718,-164.079946498 59.943174808,-164.079731902 59.943134503,-164.079472599 59.943138981,-164.079150705 59.943107632,-164.078676806 59.943107632,-164.078480093 59.943152416,-164.078149258 59.943188244,-164.077952545 59.943233028,-164.077755832 59.943277812,-164.077299816 59.943268855,-164.076995806 59.943156895,-164.076718619 59.943053891,-164.076450374 59.942964322,-164.076101656 59.942874753,-164.076298369 59.942776226,-164.076548731 59.942838925,-164.077031571 59.942995671,-164.077407114 59.943130024,-164.0776843 59.94311211,-164.077755832 59.943013585,-164.078247614 59.942937451,-164.078560566 59.942843403,-164.07888246 59.942888188,-164.079079173 59.942937451,-164.07930271 59.942870274,-164.079535189 59.94279414,-164.079874966 59.942816533,-164.080044854 59.942959843,-164.080250508 59.942924016,-164.080545578 59.94285236,-164.080849588 59.942892666,-164.081162541 59.942950886,-164.081502317 59.943013585,-164.081672206 59.943062848,-164.081706183 59.943108976,-164.081618557 59.943130024))",100,,yes,
1,96,795656065,-164.08130150228666,59.94469435161485,mrm0065@uah.edu,false,2026-01-09 16:19,10.0 secs,,,"POLYGON((-164.08058102 59.944064852,-164.079967766 59.944050226,-164.079471323 59.944042913,-164.07909169 59.944072165,-164.078653652 59.944130669,-164.078478437 59.944218424,-164.078230216 59.944298867,-164.07770457 59.944276928,-164.077368741 59.944291554,-164.077135121 59.944189173,-164.077441747 59.944020974,-164.077923589 59.943823523,-164.078380672 59.943677262,-164.079139938 59.943662636,-164.080293438 59.943626071,-164.081154913 59.943626071,-164.081724362 59.943728454,-164.081943381 59.94374308,-164.082060191 59.943684576,-164.082337615 59.943677262,-164.082658843 59.943691888,-164.082980071 59.943772332,-164.083447312 59.943823523,-164.083841546 59.94381621,-164.084133571 59.943794271,-164.084410995 59.94381621,-164.084440198 59.94391128,-164.08458621 59.944072165,-164.08411897 59.944086791,-164.083534919 59.944050226,-164.082986237 59.943917456,-164.082358382 59.943800448,-164.081774332 59.943807761,-164.08129249 59.943895517,-164.08129249 59.943997899,-164.081190281 59.94412222,-164.081204882 59.944290417,-164.080956661 59.944356233,-164.080912857 59.94447324,-164.081190281 59.944568307,-164.081482307 59.944678,-164.081657522 59.944751128,-164.082007952 59.944678,-164.082460591 59.944648748,-164.082592003 59.944787692,-164.083000838 59.945120424,-164.083511882 59.945361743,-164.083730902 59.945427557,-164.083935319 59.945573811,-164.083979123 59.945763939,-164.083380471 59.945866315,-164.082927832 59.945895565,-164.082314579 59.945939441,-164.081686724 59.945844377,-164.081029667 59.945756626,-164.080737642 59.945588436,-164.08070844 59.945500684,-164.080869053 59.945420245,-164.080679237 59.945332492,-164.080839851 59.945171613,-164.080766845 59.945054609,-164.08117568 59.944937605,-164.081073471 59.944849851,-164.080810648 59.944864477,-164.080679237 59.944754785,-164.080577028 59.944623154,-164.080737642 59.944476896,-164.080854452 59.944272135,-164.080796047 59.944169754,-164.08058102 59.944064852))",100,,yes,
1,54,795656066,-164.08941777900696,59.944721020194855,mrm0065@uah.edu,false,2026-01-09 16:19,10.0 secs,,,"POLYGON((-164.090593823 59.94383717,-164.089738399 59.944043455,-164.089051947 59.944286763,-164.088333814 59.944567094,-164.087816335 59.944752217,-164.08775297 59.94492676,-164.087742409 59.94518064,-164.087943064 59.945318158,-164.088249327 59.945408073,-164.088787928 59.945297001,-164.089009704 59.945360471,-164.089273724 59.945286423,-164.089368771 59.945397494,-164.089717277 59.945429229,-164.089516622 59.945196508,-164.089727838 59.945069568,-164.089822885 59.945265266,-164.090034101 59.94530229,-164.090245317 59.945201797,-164.090076344 59.944873868,-164.090428125 59.945050211,-164.090729385 59.944942214,-164.090748172 59.944942563,-164.090562141 59.94479982,-164.09095289 59.944651722,-164.090593823 59.94383717))",100,,yes,
1,96,795656067,-164.08475760422505,59.944526963792526,mrm0065@uah.edu,false,2026-01-09 16:19,10.0 secs,,,"POLYGON((-164.085492052 59.944452662,-164.085088796 59.944328876,-164.084633507 59.944367967,-164.084230252 59.944283271,-164.084087161 59.944400542,-164.084048136 59.944602508,-164.084204235 59.944739323,-164.084490417 59.944941287,-164.084659524 59.944882652,-164.0844644 59.944745838,-164.084425375 59.944556903,-164.084607491 59.944667658,-164.084906681 59.944661143,-164.085075788 59.944569933,-164.085309936 59.944563418,-164.085661159 59.944582963,-164.085869291 59.944459177,-164.08558311 59.944348422,-164.085492052 59.944452662))",100,,yes,
1,96,795656068,-164.08561763408272,59.944972910416304,mrm0065@uah.edu,false,2026-01-09 16:19,10.0 secs,,,"POLYGON((-164.086172073 59.944914548,-164.085245403 59.944601377,-164.085122394 59.944698922,-164.08526078 59.944809302,-164.085132645 59.944829838,-164.085317159 59.945001824,-164.08513777 59.945140439,-164.085265905 59.945232849,-164.085532425 59.945276487,-164.085839948 59.945199479,-164.08620385 59.945096801,-164.086239728 59.944976154,-164.086172073 59.944914548))",100,,yes,
1,99,795656069,-164.09065792303338,59.94565612063262,mrm0065@uah.edu,false,2026-01-09 16:19,10.0 secs,,,"POLYGON((-164.090967363 59.944891333,-164.090711293 59.944986126,-164.090856028 59.945083705,-164.090856028 59.945259349,-164.09078366 59.945264924,-164.09078366 59.945147829,-164.090611091 59.945069766,-164.090538724 59.945142253,-164.090449656 59.945206377,-164.090444089 59.9452705,-164.090577691 59.945278864,-164.090588824 59.945334624,-164.090432955 59.945365292,-164.090438522 59.945487962,-164.090338321 59.945568813,-164.090349454 59.94569427,-164.090319765 59.945773481,-164.090108228 59.945884998,-164.089891125 59.945912877,-164.089902259 59.945968636,-164.090058128 59.946055061,-164.090080395 59.946166577,-164.090213997 59.946124759,-164.090403266 59.946074178,-164.090497901 59.9461383,-164.09067047 59.946224725,-164.090804072 59.94617733,-164.090898707 59.946051875,-164.091065709 59.946012844,-164.091043442 59.945895751,-164.090998908 59.94569502,-164.091121377 59.945577926,-164.090915407 59.945444104,-164.091154777 59.945352102,-164.091087976 59.945176459,-164.091015608 59.945028695,-164.090967363 59.944891333))",100,,yes,
1,117,795656070,-164.0807796328649,59.946160417892855,mrm0065@uah.edu,false,2026-01-09 16:19,10.0 secs,,,"POLYGON((-164.083134034 59.946164124,-164.083170664 59.946448469,-164.082474688 59.946540193,-164.081961864 59.946457642,-164.08137578 59.946347573,-164.080881271 59.946283366,-164.080606544 59.946393435,-164.080240241 59.946384262,-164.080185296 59.946503504,-164.080460023 59.9466044,-164.080405078 59.946705295,-164.079928884 59.946668606,-164.079306169 59.94656771,-164.079031442 59.946540193,-164.079049757 59.946237504,-164.079141333 59.946109089,-164.078866606 59.946008192,-164.079086388 59.945815568,-164.079434375 59.945723842,-164.079690787 59.945632116,-164.080240241 59.945705497,-164.080606544 59.945668807,-164.080972847 59.945843086,-164.081705452 59.945943984,-164.082419743 59.946035709,-164.083024143 59.945971502,-164.083134034 59.946164124))",100,,yes,
1,12,795656071,-164.08845340655654,59.94581111596582,mrm0065@uah.edu,false,2026-01-09 16:19,10.0 secs,,,"POLYGON((-164.089477041 59.946021111,-164.088904002 59.946201806,-164.089010121 59.945936078,-164.088755437 59.946052998,-164.088267292 59.946201806,-164.087842819 59.946233693,-164.087609358 59.946127402,-164.087397122 59.945978594,-164.087588135 59.945808527,-164.087524464 59.945489649,-164.08813995 59.94547902,-164.08813995 59.945659718,-164.088394634 59.945553425,-164.088437082 59.945404615,-164.08877666 59.945393985,-164.08941337 59.945468391,-164.08917991 59.945617201,-164.089477041 59.945734123,-164.089477041 59.946021111))",100,,yes,
1,118,795656072,-164.07957601993527,59.9453276228899,mrm0065@uah.edu,false,2026-01-09 16:19,10.0 secs,,,"POLYGON((-164.079709102 59.945017545,-164.079269539 59.9451001,-164.079068072 59.945338591,-164.078866606 59.945604599,-164.079269539 59.945531218,-164.079947199 59.945558735,-164.080258556 59.945421146,-164.079965514 59.945256037,-164.079983829 59.945054236,-164.079709102 59.945017545))",100,,yes,
1,102,795656073,-164.08827188760222,59.940242452634216,mrm0065@uah.edu,false,2026-01-09 16:19,10.0 secs,,,"POLYGON((-164.088893722 59.93935425,-164.088621993 59.939255684,-164.088397114 59.939199361,-164.088012945 59.939269765,-164.088033764 59.939403588,-164.087941006 59.939519747,-164.087801869 59.939576167,-164.087609727 59.939639225,-164.08769586 59.93973879,-164.087636229 59.939835035,-164.087709111 59.939874861,-164.087821745 59.939818441,-164.087781992 59.939715558,-164.088066891 59.939606037,-164.088312038 59.93951311,-164.088411421 59.939599399,-164.088318663 59.939672413,-164.088106645 59.939705602,-164.088305412 59.939808485,-164.088292161 59.939898093,-164.088119896 59.939937918,-164.087888001 59.9399877,-164.087722362 59.940030844,-164.087569974 59.939977744,-164.087304951 59.940127089,-164.086960421 59.940087264,-164.086867663 59.940173552,-164.086715275 59.940253203,-164.086662271 59.940382634,-164.086854412 59.940429097,-164.087112809 59.940505428,-164.087218818 59.940590354,-164.087424211 59.940663366,-164.087596476 59.940716465,-164.087762115 59.940636816,-164.087907878 59.940762927,-164.088153024 59.940660047,-164.08833854 59.940640134,-164.088510805 59.940719784,-164.088736074 59.94067664,-164.088835458 59.94078284,-164.088663193 59.940845895,-164.088663193 59.940928862,-164.088563809 59.940932181,-164.088537307 59.94083262,-164.088424672 59.940819345,-164.088391544 59.940719784,-164.088259033 59.940772883,-164.088186152 59.940902313,-164.088007261 59.94098528,-164.08833854 59.940895676,-164.088305412 59.940968687,-164.088159649 59.940995236,-164.088093394 59.94108816,-164.088365042 59.941121346,-164.088477677 59.941164489,-164.088689695 59.941134621,-164.088696321 59.941035061,-164.088749325 59.941041698,-164.088782453 59.941141259,-164.088941467 59.941204313,-164.088974594 59.94098528,-164.089073978 59.940902313,-164.089199864 59.940759608,-164.089405256 59.940862488,-164.089405256 59.940746334,-164.089305873 59.940537254,-164.08904085 59.940543891,-164.089047476 59.94049411,-164.08932575 59.940464242,-164.089080604 59.939943194,-164.08863669 59.939727472,-164.088729448 59.939631226,-164.088967969 59.93964782,-164.088941467 59.939558212,-164.088893722 59.93935425))",100,,yes,
1,101,795656074,-164.08720827521452,59.93941173504473,mrm0065@uah.edu,false,2026-01-09 16:19,10.0 secs,,,"POLYGON((-164.08783852 59.939346106,-164.087712026 59.939355493,-164.087533996 59.939268662,-164.087384077 59.939224073,-164.087290377 59.93929917,-164.087112347 59.939273355,-164.086981168 59.939285089,-164.086939003 59.939343759,-164.087102978 59.939397735,-164.087004593 59.939428243,-164.086906208 59.939404776,-164.086864043 59.939310904,-164.086775028 59.939249888,-164.086718809 59.939303864,-164.086817193 59.93935784,-164.086793768 59.93956201,-164.087149827 59.939599558,-164.087327857 59.939550276,-164.087421556 59.939454058,-164.087805725 59.939386001,-164.08783852 59.939346106))",100,,yes,
1,100,795656075,-164.08560236104339,59.939934728845884,mrm0065@uah.edu,false,2026-01-09 16:19,10.0 secs,,,"POLYGON((-164.085850525 59.939554969,-164.085353916 59.939461098,-164.084819828 59.939432937,-164.084641798 59.939545582,-164.08435133 59.93966292,-164.084744868 59.939752097,-164.084932268 59.93966292,-164.085503836 59.939644146,-164.085485096 59.93972863,-164.085203997 59.939700469,-164.084997857 59.93972863,-164.085138407 59.939864742,-164.085203997 59.940090029,-164.085382026 59.940258993,-164.085794305 59.940207365,-164.086131624 59.940381022,-164.086075404 59.940474891,-164.086272173 59.940493665,-164.086721932 59.940615693,-164.086787522 59.940549986,-164.086487683 59.94026838,-164.086122254 59.940122883,-164.085962964 59.94001024,-164.085672495 59.939864742,-164.085841155 59.939752097,-164.085972334 59.939634759,-164.086047294 59.939559663,-164.085850525 59.939554969))",100,,yes,
1,110,795656076,-164.08162576883342,59.93970164157573,mrm0065@uah.edu,false,2026-01-09 16:19,10.0 secs,,,"POLYGON((-164.081377789 59.939543117,-164.08141631 59.939774665,-164.08178868 59.939851847,-164.081917084 59.939736074,-164.081763 59.939613868,-164.081377789 59.939543117))",100,,yes,
1,80,795656077,-164.081126175642,59.94179924280864,mrm0065@uah.edu,false,2026-01-09 16:19,10.0 secs,,,"POLYGON((-164.084020985 59.941875532,-164.083537338 59.941600983,-164.083225654 59.941283364,-164.083118177 59.94104111,-164.082924718 59.94088499,-164.082580791 59.940836539,-164.082430323 59.940669652,-164.08202191 59.940809622,-164.081688731 59.940954975,-164.081688731 59.941154162,-164.082011162 59.941315664,-164.08164574 59.941536383,-164.081215831 59.941504082,-164.081344804 59.941304898,-164.080904148 59.94122953,-164.080635455 59.941164929,-164.080699941 59.940954975,-164.080785923 59.940815006,-164.080399005 59.940804238,-164.080012087 59.940895757,-164.079571431 59.940981893,-164.079109279 59.941105712,-164.078464416 59.941272597,-164.078958811 59.941509466,-164.079872367 59.941186463,-164.080248537 59.941358732,-164.080613959 59.941557916,-164.081000877 59.941746333,-164.0804205 59.941714033,-164.080087321 59.941703266,-164.080334519 59.941956281,-164.079840124 59.941864766,-164.079635917 59.941525616,-164.079248999 59.941471782,-164.078862082 59.941595599,-164.078668623 59.941724799,-164.078754604 59.941880915,-164.078410678 59.942128546,-164.078206471 59.94228466,-164.078346191 59.942456923,-164.078604136 59.942311576,-164.078561146 59.942203912,-164.078958811 59.942182379,-164.079001802 59.942365408,-164.079034045 59.942532288,-164.079442458 59.942661484,-164.079732646 59.942559204,-164.080162555 59.942866044,-164.080506482 59.942526905,-164.081011625 59.942871427,-164.081151345 59.942661484,-164.081430786 59.94267225,-164.081699478 59.942553821,-164.081699478 59.942446157,-164.083193411 59.942214678,-164.084106967 59.942047797,-164.084024864 59.94190714,-164.084020985 59.941875532))",100,,yes,
1,103,795656078,-164.08868593321438,59.94173255961797,mrm0065@uah.edu,false,2026-01-09 16:19,10.0 secs,,,"POLYGON((-164.088696656 59.941421301,-164.088617149 59.941540772,-164.088478012 59.941514223,-164.088372003 59.941670198,-164.088584022 59.941729934,-164.088537642 59.941836129,-164.088484638 59.94190582,-164.088299122 59.941978829,-164.088464761 59.942058475,-164.088769538 59.942045201,-164.088822542 59.941935687,-164.088690031 59.941839448,-164.088849044 59.941733252,-164.088789414 59.941590551,-164.088981556 59.941623738,-164.089114067 59.941700066,-164.089186948 59.941680154,-164.089087565 59.94154409,-164.088882172 59.941547409,-164.088908674 59.941437894,-164.088696656 59.941421301))",100,,yes,
1,2,795656079,-164.06199248500036,59.94570003994949,mrm0065@uah.edu,false,2026-01-09 16:19,10.0 secs,,,"POLYGON((-164.087019808 59.954438609,-164.08562142 59.953523876,-164.084606462 59.953038266,-164.083072747 59.952575237,-164.08011809 59.951931502,-164.076681102 59.951057183,-164.074132428 59.950289183,-164.072012292 59.9492388,-164.070478577 59.948222269,-164.068854644 59.946900731,-164.067478811 59.945714692,-164.066396188 59.944878791,-164.064907582 59.943410265,-164.063599414 59.942077239,-164.061501833 59.940473018,-164.059314033 59.939286748,-164.05764499 59.938631457,-164.054983544 59.938077839,-164.052592752 59.93785187,-164.050314734 59.937930959,-164.04751796 59.93828121,-164.045172278 59.938755737,-164.043616008 59.939546601,-164.042578495 59.940145385,-164.042465722 59.940495613,-164.042736377 59.940710266,-164.043661117 59.940902324,-164.046277455 59.941919079,-164.04873591 59.9428735,-164.050607944 59.943709452,-164.052705525 59.944590568,-164.054960989 59.945562027,-164.056648268 59.946934688,-164.058294756 59.948143274,-164.059313932 59.949164031,-164.060103345 59.950361242,-164.060689765 59.951716522,-164.061434068 59.953229854,-164.06191832 59.95418311,-164.062188976 59.95465741,-164.062031093 59.955210751,-164.061782992 59.955414017,-164.061128908 59.957006223,-164.0591441 59.957186894,-164.059392201 59.955956053,-164.05948242 59.955176873,-164.0591441 59.954002422,-164.05856049 59.953133188,-164.057875854 59.951940809,-164.05745912 59.951284983,-164.057875854 59.951255172,-164.05763772 59.950867632,-164.056834018 59.950852726,-164.05552428 59.950554615,-164.054155008 59.949541017,-164.052636903 59.948601921,-164.050940198 59.94720068,-164.049689993 59.946783277,-164.04870769 59.946336055,-164.047130051 59.94579938,-164.04567148 59.945531039,-164.04272457 59.943637684,-164.041563666 59.943011511,-164.039539526 59.941699491,-164.039152558 59.94123729,-164.039122791 59.940625982,-164.039658593 59.939731365,-164.040075327 59.939507707,-164.038721183 59.939420098,-164.037601879 59.939487045,-164.037251052 59.939537254,-164.036816695 59.939830143,-164.036348926 59.940064452,-164.035964688 59.940097924,-164.035563743 59.939830143,-164.035263034 59.939813406,-164.034895501 59.940064452,-164.034644911 59.939897088,-164.034979032 59.939637674,-164.034344202 59.939637674,-164.033843021 59.939587464,-164.033358546 59.939779934,-164.032790541 59.939662778,-164.032423008 59.939662778,-164.032389596 59.939871984,-164.032022064 59.939754829,-164.031654531 59.939696251,-164.032222536 59.939562359,-164.032339478 59.939328047,-164.033141368 59.939487045,-164.033559019 59.939353152,-164.034177142 59.939378257,-164.034444438 59.93951215,-164.035062562 59.939487045,-164.035680685 59.93965441,-164.036148454 59.939813406,-164.036683047 59.939487045,-164.036716459 59.939369888,-164.03705058 59.939277837,-164.037401406 59.939328047,-164.039172246 59.939194153,-164.040391786 59.939252732,-164.040976498 59.938867785,-164.041110146 59.938717153,-164.041728269 59.938541414,-164.042112508 59.938348937,-164.042858324 59.938160369,-164.043526565 59.937984628,-164.044395279 59.937616404,-164.045180462 59.937340234,-164.045798586 59.937139381,-164.04619953 59.936988741,-164.046867772 59.936879944,-164.046416709 59.936720934,-164.045882116 59.936645613,-164.045263993 59.936679089,-164.044478809 59.936812993,-164.04384398 59.936787886,-164.045013402 59.936578661,-164.046500239 59.936528447,-164.047402365 59.936612137,-164.047753192 59.936737672,-164.049457207 59.936628875,-164.050626629 59.93649497,-164.051879582 59.936352696,-164.052865238 59.936402911,-164.053767364 59.936536816,-164.054903374 59.936787886,-164.05597256 59.936930158,-164.057292337 59.937089168,-164.058261287 59.937214701,-164.059347179 59.937474135,-164.060382953 59.937633141,-164.061518963 59.937917678,-164.061474027 59.938019518,-164.06192509 59.938086467,-164.062309328 59.938036255,-164.062877334 59.938371,-164.063729341 59.938881479,-164.064213816 59.938898216,-164.065416651 59.939458897,-164.066251952 59.939860573,-164.0669369 59.940437973,-164.068056204 59.941258032,-164.068649123 59.941574769,-164.068565593 59.941842536,-164.06933407 59.94215214,-164.069634779 59.942788072,-164.070453375 59.943315218,-164.070687259 59.943792152,-164.071022939 59.943796749,-164.071457296 59.944474486,-164.072376128 59.945210776,-164.073529242 59.946297199,-164.074915843 59.947133846,-164.075918205 59.947552162,-164.077003212 59.948074384,-164.077988868 59.948475955,-164.07989092 59.948976896,-164.081528112 59.949478846,-164.083332363 59.950022617,-164.085002967 59.950474358,-164.086439686 59.950884266,-164.088518289 59.951702767,-164.089654299 59.952187945,-164.090372658 59.952530912,-164.090907251 59.952514182,-164.091592199 59.952622927,-164.092327264 59.952857146,-164.093246096 59.953141552,-164.094398812 59.953559791,-164.094432224 59.95375218,-164.093546805 59.953835826,-164.09331292 59.953576521,-164.092227028 59.95319174,-164.091141136 59.952940794,-164.090422776 59.952848781,-164.09007195 59.953032808,-164.090623249 59.953409226,-164.090773603 59.953810732,-164.090840427 59.954078401,-164.087019808 59.954438609))",100,,yes,
1,2,795656080,-164.06199248500036,59.94570003994949,mrm0065@uah.edu,false,2026-01-09 16:19,10.0 secs,,,"POLYGON((-164.087019808 59.954438609,-164.08562142 59.953523876,-164.084606462 59.953038266,-164.083072747 59.952575237,-164.08011809 59.951931502,-164.076681102 59.951057183,-164.074132428 59.950289183,-164.072012292 59.9492388,-164.070478577 59.948222269,-164.068854644 59.946900731,-164.067478811 59.945714692,-164.066396188 59.944878791,-164.064907582 59.943410265,-164.063599414 59.942077239,-164.061501833 59.940473018,-164.059314033 59.939286748,-164.05764499 59.938631457,-164.054983544 59.938077839,-164.052592752 59.93785187,-164.050314734 59.937930959,-164.04751796 59.93828121,-164.045172278 59.938755737,-164.043616008 59.939546601,-164.042578495 59.940145385,-164.042465722 59.940495613,-164.042736377 59.940710266,-164.043661117 59.940902324,-164.046277455 59.941919079,-164.04873591 59.9428735,-164.050607944 59.943709452,-164.052705525 59.944590568,-164.054960989 59.945562027,-164.056648268 59.946934688,-164.058294756 59.948143274,-164.059313932 59.949164031,-164.060103345 59.950361242,-164.060689765 59.951716522,-164.061434068 59.953229854,-164.06191832 59.95418311,-164.062188976 59.95465741,-164.062031093 59.955210751,-164.061782992 59.955414017,-164.061128908 59.957006223,-164.0591441 59.957186894,-164.059392201 59.955956053,-164.05948242 59.955176873,-164.0591441 59.954002422,-164.05856049 59.953133188,-164.057875854 59.951940809,-164.05745912 59.951284983,-164.057875854 59.951255172,-164.05763772 59.950867632,-164.056834018 59.950852726,-164.05552428 59.950554615,-164.054155008 59.949541017,-164.052636903 59.948601921,-164.050940198 59.94720068,-164.049689993 59.946783277,-164.04870769 59.946336055,-164.047130051 59.94579938,-164.04567148 59.945531039,-164.04272457 59.943637684,-164.041563666 59.943011511,-164.039539526 59.941699491,-164.039152558 59.94123729,-164.039122791 59.940625982,-164.039658593 59.939731365,-164.040075327 59.939507707,-164.038721183 59.939420098,-164.037601879 59.939487045,-164.037251052 59.939537254,-164.036816695 59.939830143,-164.036348926 59.940064452,-164.035964688 59.940097924,-164.035563743 59.939830143,-164.035263034 59.939813406,-164.034895501 59.940064452,-164.034644911 59.939897088,-164.034979032 59.939637674,-164.034344202 59.939637674,-164.033843021 59.939587464,-164.033358546 59.939779934,-164.032790541 59.939662778,-164.032423008 59.939662778,-164.032389596 59.939871984,-164.032022064 59.939754829,-164.031654531 59.939696251,-164.032222536 59.939562359,-164.032339478 59.939328047,-164.033141368 59.939487045,-164.033559019 59.939353152,-164.034177142 59.939378257,-164.034444438 59.93951215,-164.035062562 59.939487045,-164.035680685 59.93965441,-164.036148454 59.939813406,-164.036683047 59.939487045,-164.036716459 59.939369888,-164.03705058 59.939277837,-164.037401406 59.939328047,-164.039172246 59.939194153,-164.040391786 59.939252732,-164.040976498 59.938867785,-164.041110146 59.938717153,-164.041728269 59.938541414,-164.042112508 59.938348937,-164.042858324 59.938160369,-164.043526565 59.937984628,-164.044395279 59.937616404,-164.045180462 59.937340234,-164.045798586 59.937139381,-164.04619953 59.936988741,-164.046867772 59.936879944,-164.046416709 59.936720934,-164.045882116 59.936645613,-164.045263993 59.936679089,-164.044478809 59.936812993,-164.04384398 59.936787886,-164.045013402 59.936578661,-164.046500239 59.936528447,-164.047402365 59.936612137,-164.047753192 59.936737672,-164.049457207 59.936628875,-164.050626629 59.93649497,-164.051879582 59.936352696,-164.052865238 59.936402911,-164.053767364 59.936536816,-164.054903374 59.936787886,-164.05597256 59.936930158,-164.057292337 59.937089168,-164.058261287 59.937214701,-164.059347179 59.937474135,-164.060382953 59.937633141,-164.061518963 59.937917678,-164.061474027 59.938019518,-164.06192509 59.938086467,-164.062309328 59.938036255,-164.062877334 59.938371,-164.063729341 59.938881479,-164.064213816 59.938898216,-164.065416651 59.939458897,-164.066251952 59.939860573,-164.0669369 59.940437973,-164.068056204 59.941258032,-164.068649123 59.941574769,-164.068565593 59.941842536,-164.06933407 59.94215214,-164.069634779 59.942788072,-164.070453375 59.943315218,-164.070687259 59.943792152,-164.071022939 59.943796749,-164.071457296 59.944474486,-164.072376128 59.945210776,-164.073529242 59.946297199,-164.074915843 59.947133846,-164.075918205 59.947552162,-164.077003212 59.948074384,-164.077988868 59.948475955,-164.07989092 59.948976896,-164.081528112 59.949478846,-164.083332363 59.950022617,-164.085002967 59.950474358,-164.086439686 59.950884266,-164.088518289 59.951702767,-164.089654299 59.952187945,-164.090372658 59.952530912,-164.090907251 59.952514182,-164.091592199 59.952622927,-164.092327264 59.952857146,-164.093246096 59.953141552,-164.094398812 59.953559791,-164.094432224 59.95375218,-164.093546805 59.953835826,-164.09331292 59.953576521,-164.092227028 59.95319174,-164.091141136 59.952940794,-164.090422776 59.952848781,-164.09007195 59.953032808,-164.090623249 59.953409226,-164.090773603 59.953810732,-164.090840427 59.954078401,-164.087019808 59.954438609))",100,,yes,
1,99,795656081,-164.08677898673065,59.93839446690382,mrm0065@uah.edu,false,2026-01-09 16:19,10.0 secs,,,"POLYGON((-164.087914636 59.938310774,-164.0876438 59.93864473,-164.087018794 59.938696911,-164.086372955 59.938665602,-164.086018785 59.938602986,-164.085747949 59.938686474,-164.085539614 59.938665602,-164.085852117 59.938352519,-164.085768783 59.93818554,-164.086247954 59.938133359,-164.086977127 59.938081177,-164.087414631 59.938070741,-164.087914636 59.938310774))",100,,yes,
1,112,795656082,-164.0807406458151,59.93853374762007,mrm0065@uah.edu,false,2026-01-09 16:19,10.0 secs,,,"POLYGON((-164.08079021 59.938716207,-164.08041784 59.938452491,-164.080199554 59.938246663,-164.080700328 59.93838817,-164.081098378 59.938587565,-164.08117542 59.938716207,-164.081034177 59.938754799,-164.080918614 59.938748367,-164.08079021 59.938716207))",100,,yes,
1,106,795656083,-164.08170489817712,59.93833850222525,mrm0065@uah.edu,false,2026-01-09 16:19,10.0 secs,,,"POLYGON((-164.082702534 59.938484002,-164.082111878 59.938322296,-164.081572584 59.938251543,-164.081238735 59.938225814,-164.080917726 59.938142196,-164.080712281 59.93815506,-164.080622398 59.938206518,-164.081007609 59.938309432,-164.081302936 59.938309432,-164.081675306 59.938373753,-164.081919273 59.938405914,-164.082420046 59.938534556,-164.082689694 59.938573149,-164.082702534 59.938484002))",100,,yes,
1,113,795656084,-164.08000933252194,59.93856140291021,mrm0065@uah.edu,false,2026-01-09 16:19,10.0 secs,,,"POLYGON((-164.080428534 59.938574051,-164.079940602 59.938278174,-164.079581072 59.938496866,-164.079914921 59.938805606,-164.080351492 59.938728421,-164.080428534 59.938574051))",100,,yes,
1,103,795656085,-164.08170994603665,59.939210984698036,mrm0065@uah.edu,false,2026-01-09 16:19,10.0 secs,,,"POLYGON((-164.082482989 59.939230118,-164.081943695 59.939050022,-164.081481443 59.93888279,-164.081198955 59.939062886,-164.081147594 59.939320165,-164.081609846 59.939474532,-164.082072098 59.939423076,-164.082482989 59.939230118))",100,,yes,
1,104,795656086,-164.08040245241796,59.93919644377531,mrm0065@uah.edu,false,2026-01-09 16:19,10.0 secs,,,"POLYGON((-164.080788064 59.938869926,-164.080223089 59.939037158,-164.079760837 59.939242982,-164.080171728 59.939461668,-164.080582619 59.939397349,-164.080967829 59.939294438,-164.080685341 59.939191526,-164.080890787 59.938985702,-164.080788064 59.938869926))",100,,yes,
1,96,795656087,-164.05809727447104,59.9257336289903,mrm0065@uah.edu,false,2026-01-09 16:19,10.0 secs,,,"POLYGON((-164.058225846 59.924767659,-164.057961722 59.924687296,-164.057197646 59.924980384,-164.057301409 59.9251222,-164.057301409 59.925316014,-164.057122182 59.925547644,-164.05705615 59.925784,-164.057216513 59.926051959,-164.057188214 59.926203225,-164.056848624 59.926184317,-164.056980686 59.926425395,-164.057244812 59.926444303,-164.057480638 59.926571932,-164.057716463 59.926600293,-164.057829659 59.926737376,-164.058027753 59.926680652,-164.05792399 59.926534116,-164.058291878 59.926534116,-164.058574869 59.926614474,-164.058659767 59.9264963,-164.058914458 59.926482119,-164.059055954 59.926571932,-164.059329512 59.926397033,-164.059282347 59.926212679,-164.059140851 59.925943237,-164.058876726 59.925721064,-164.058697499 59.92561234,-164.058706932 59.925446891,-164.058952191 59.925432709,-164.05916915 59.925451618,-164.058989923 59.925257804,-164.058838994 59.925068717,-164.058942758 59.925007264,-164.058716365 59.924865447,-164.05845224 59.924709448,-164.05823528 59.924685812,-164.058225846 59.924767659))",100,,yes,
1,68,795656088,-164.06091695544242,59.9284792252642,mrm0065@uah.edu,false,2026-01-09 16:19,10.0 secs,,,"POLYGON((-164.058676874 59.929404857,-164.058725687 59.929874461,-164.05789586 59.930256009,-164.057485828 59.93044189,-164.056948882 59.93034895,-164.056616951 59.929933161,-164.056382648 59.929688577,-164.056363122 59.929253212,-164.057105085 59.928964597,-164.057690844 59.929008623,-164.05745654 59.928881436,-164.057134373 59.928685762,-164.057573692 59.928602601,-164.057261287 59.928514547,-164.057505354 59.928382466,-164.058061826 59.928323763,-164.058745212 59.92839225,-164.059311447 59.928568358,-164.059155244 59.92875914,-164.059301684 59.92886676,-164.059370023 59.928578141,-164.059741004 59.928524331,-164.060141273 59.928318871,-164.060648932 59.928338439,-164.061068726 59.928421601,-164.061429945 59.928485196,-164.061937603 59.928348223,-164.06218167 59.928279736,-164.062201195 59.928387358,-164.062425736 59.928455844,-164.062689328 59.92828952,-164.062786955 59.928377574,-164.062874819 59.928529223,-164.062991971 59.928729789,-164.063333664 59.92881295,-164.063577731 59.92897438,-164.063694883 59.928803166,-164.063460579 59.928622168,-164.063753459 59.928441169,-164.063548443 59.928362898,-164.06306031 59.928318871,-164.062943158 59.928177006,-164.062640515 59.92818679,-164.062542888 59.928084059,-164.062542888 59.9279373,-164.062259771 59.927844353,-164.062064518 59.92773673,-164.061674011 59.927682918,-164.061732587 59.927795433,-164.062084043 59.927859029,-164.062337872 59.928030248,-164.062064518 59.928172114,-164.061752113 59.928044924,-164.061517809 59.927942192,-164.061234691 59.928167222,-164.060990625 59.928059599,-164.060658694 59.928059599,-164.060561068 59.928167222,-164.06013151 59.928040032,-164.060331369 59.927925662,-164.060214217 59.927847391,-164.060087302 59.927876742,-164.059960387 59.927749551,-164.059843235 59.92794523,-164.059482017 59.92794523,-164.059062222 59.928131124,-164.058574089 59.927950122,-164.058486225 59.927695739,-164.059423441 59.927309269,-164.059960387 59.92740711,-164.060302081 59.927597899,-164.060682824 59.927495167,-164.060799976 59.927578331,-164.060565672 59.927695739,-164.060751163 59.927725091,-164.061092856 59.927539195,-164.060760926 59.92740711,-164.060438758 59.92743157,-164.060048251 59.927343513,-164.060009201 59.927250564,-164.06026303 59.927020636,-164.060858552 59.926805384,-164.06118072 59.926922794,-164.061590752 59.926903226,-164.061717667 59.927133155,-164.062117936 59.927020636,-164.062371765 59.927206536,-164.062802502 59.927051148,-164.062364435 59.927038484,-164.062035885 59.92685696,-164.061842124 59.926658549,-164.061420906 59.926498131,-164.062111704 59.926312383,-164.061842124 59.926249059,-164.062482376 59.926042202,-164.06302996 59.925966213,-164.063476452 59.926021094,-164.063653364 59.926126634,-164.064084369 59.92609749,-164.064095601 59.926342341,-164.063884992 59.926418329,-164.064188269 59.926490096,-164.064306211 59.926587191,-164.064727429 59.926549197,-164.064971736 59.926625185,-164.064988584 59.926713837,-164.064811673 59.92689114,-164.06438203 59.926844703,-164.064078753 59.926874254,-164.063834446 59.926747609,-164.063691232 59.926962905,-164.063463774 59.927017784,-164.06318577 59.927212385,-164.063480622 59.927317921,-164.063691232 59.927558542,-164.063692318 59.927763074,-164.063978746 59.92793615,-164.064501057 59.927986806,-164.064433662 59.928206316,-164.064686393 59.928358283,-164.064736939 59.9284807,-164.064576061 59.928691322,-164.064357028 59.92868288,-164.064281208 59.928813739,-164.064736124 59.928902385,-164.064946734 59.928969924,-164.065494318 59.928969924,-164.065528015 59.929079676,-164.065393225 59.92919787,-164.065115221 59.929231639,-164.06505625 59.929362496,-164.064643456 59.929345611,-164.064357028 59.92926963,-164.064104297 59.929054349,-164.063691503 59.929117667,-164.063598835 59.929214754,-164.063169192 59.929366717,-164.062950158 59.929544006,-164.062326755 59.929155658,-164.062089341 59.928976133,-164.062215707 59.929229405,-164.061912429 59.929229405,-164.061693396 59.929178751,-164.061322724 59.929301165,-164.061061568 59.929360262,-164.061255329 59.929638858,-164.061246904 59.929858357,-164.061878732 59.930136949,-164.061499635 59.930326897,-164.061061568 59.93054217,-164.060623501 59.930310013,-164.060455014 59.930440865,-164.060092766 59.930470412,-164.059983249 59.930736337,-164.059797913 59.930749,-164.059570455 59.930613927,-164.0593093 59.93049996,-164.060160161 59.930229813,-164.060412892 59.930077854,-164.059890581 59.930048306,-164.059722094 59.929845694,-164.059477787 59.929972327,-164.059123964 59.929845694,-164.059267178 59.929693733,-164.059469363 59.929617753,-164.060210707 59.929385589,-164.060059068 59.929225184,-164.059848459 59.929161866,-164.059781064 59.929018345,-164.059401968 59.928891708,-164.059738942 59.929039451,-164.059781064 59.929170308,-164.059983249 59.929233626,-164.060126463 59.929381368,-164.059208207 59.92968107,-164.059048144 59.929858357,-164.058955476 59.929735944,-164.058676874 59.929404857))",100,,yes,
1,35,795656089,-164.0723595807328,59.92770486778479,mrm0065@uah.edu,false,2026-01-09 16:19,10.0 secs,,,"POLYGON((-164.073951794 59.927717487,-164.074278246 59.928013979,-164.074013004 59.928341139,-164.07354373 59.928453599,-164.073176472 59.928341139,-164.072727601 59.928729637,-164.072237923 59.928617178,-164.072033891 59.928382034,-164.071278972 59.928238902,-164.070748488 59.928177559,-164.070503649 59.927850398,-164.070503649 59.927615248,-164.070279214 59.927400545,-164.070218004 59.926981358,-164.070748488 59.926930238,-164.071380988 59.926705306,-164.07158502 59.926858669,-164.071095343 59.927175616,-164.070972923 59.927451665,-164.071666633 59.927717487,-164.071809456 59.927901517,-164.072605181 59.927737935,-164.07278881 59.927420993,-164.073196875 59.927206288,-164.072237923 59.926848445,-164.072952036 59.92659284,-164.073951794 59.926981358,-164.073645746 59.927277857,-164.073808971 59.927625472,-164.073951794 59.927717487))",100,,yes,
1,35,795656090,-164.0723595807328,59.92770486778479,mrm0065@uah.edu,false,2026-01-09 16:19,10.0 secs,,,"POLYGON((-164.073951794 59.927717487,-164.074278246 59.928013979,-164.074013004 59.928341139,-164.07354373 59.928453599,-164.073176472 59.928341139,-164.072727601 59.928729637,-164.072237923 59.928617178,-164.072033891 59.928382034,-164.071278972 59.928238902,-164.070748488 59.928177559,-164.070503649 59.927850398,-164.070503649 59.927615248,-164.070279214 59.927400545,-164.070218004 59.926981358,-164.070748488 59.926930238,-164.071380988 59.926705306,-164.07158502 59.926858669,-164.071095343 59.927175616,-164.070972923 59.927451665,-164.071666633 59.927717487,-164.071809456 59.927901517,-164.072605181 59.927737935,-164.07278881 59.927420993,-164.073196875 59.927206288,-164.072237923 59.926848445,-164.072952036 59.92659284,-164.073951794 59.926981358,-164.073645746 59.927277857,-164.073808971 59.927625472,-164.073951794 59.927717487))",100,,yes,
1,96,795656091,-164.0680887234163,59.93182489655453,mrm0065@uah.edu,false,2026-01-09 16:19,10.0 secs,,,"POLYGON((-164.067094604 59.92923017,-164.06691302 59.929521324,-164.066422745 59.929803377,-164.067040129 59.930021738,-164.066513536 59.930276492,-164.066059578 59.930513047,-164.065678253 59.930722306,-164.065460353 59.930895171,-164.06593247 59.93084968,-164.065841678 59.931049838,-164.065169819 59.931049838,-164.064951919 59.931222702,-164.065242452 59.9312318,-164.065115344 59.931522936,-164.065006394 59.93189595,-164.065460353 59.93189595,-164.065442194 59.93176858,-164.065841678 59.931641209,-164.065753224 59.931566999,-164.065849859 59.931344276,-164.066101113 59.931107025,-164.067009491 59.93093756,-164.066777565 59.930874615,-164.066777565 59.930748726,-164.0671931 59.930690623,-164.067714935 59.930927876,-164.067898543 59.931034397,-164.067550654 59.93138301,-164.067511999 59.931721936,-164.067995179 59.931949498,-164.068756438 59.931807984,-164.069138162 59.932031114,-164.069790272 59.93183986,-164.069488074 59.932070959,-164.069352135 59.932178985,-164.068902053 59.932289887,-164.068518377 59.932230739,-164.068164214 59.932060688,-164.06763297 59.932227043,-164.067478024 59.932323158,-164.066880374 59.932142017,-164.066380336 59.932389726,-164.06649871 59.932589216,-164.066068259 59.932853403,-164.0657239 59.93274018,-164.065508674 59.932864186,-164.065358016 59.932583824,-164.064131233 59.932675481,-164.06385144 59.932874969,-164.063840679 59.932998974,-164.063840679 59.933263158,-164.064174278 59.933656734,-164.064647774 59.934093436,-164.065282688 59.934276741,-164.065605526 59.934540914,-164.06597902 59.934738813,-164.066753831 59.934949071,-164.067248849 59.935148545,-164.067668538 59.934846638,-164.066936773 59.934415337,-164.066301858 59.933719853,-164.066517084 59.933725245,-164.067055147 59.934296729,-164.067808435 59.934652554,-164.068507917 59.934447685,-164.06895989 59.934350642,-164.068819993 59.934032553,-164.069627088 59.934361424,-164.070111344 59.934339859,-164.070208196 59.934442294,-164.070520272 59.934318294,-164.070305047 59.93422125,-164.070832348 59.933967857,-164.070563317 59.933957074,-164.07054256 59.933820885,-164.071007695 59.933706218,-164.070563459 59.933501894,-164.070711121 59.933439012,-164.070150006 59.933413119,-164.070504394 59.93319118,-164.071080276 59.932795384,-164.070954763 59.932714005,-164.07147158 59.932473565,-164.071338684 59.932233124,-164.071072893 59.932136947,-164.07106551 59.931885406,-164.071250087 59.931637562,-164.07094738 59.931574676,-164.071058127 59.931430408,-164.071449431 59.931452603,-164.071648774 59.931212154,-164.071932662 59.931528841,-164.072279667 59.931369775,-164.072641439 59.931447459,-164.072301816 59.931210709,-164.072139388 59.931140424,-164.072493777 59.930903672,-164.072021259 59.930925868,-164.071940044 59.930692814,-164.072279667 59.930382073,-164.07219107 59.930156414,-164.071674253 59.93012312,-164.071361457 59.930435873,-164.070445966 59.930464542,-164.070603316 59.930873076,-164.07030292 59.931109594,-164.069659163 59.931004861,-164.06941355 59.930953585,-164.068840454 59.930599778,-164.068748349 59.930399798,-164.068749076 59.930246331,-164.069322173 59.929989944,-164.070335326 59.930005327,-164.070857253 59.930236076,-164.071276842 59.930118138,-164.071072164 59.929841239,-164.071205205 59.929718171,-164.070775382 59.929513059,-164.070212519 59.929261794,-164.069966906 59.929425885,-164.06939381 59.929497675,-164.069363108 59.929733555,-164.069056092 59.929841239,-164.068820713 59.929620743,-164.068673518 59.929435375,-164.068796324 59.929112319,-164.069205679 59.928943098,-164.069369421 59.928784132,-164.069031703 59.92835851,-164.067780601 59.928090092,-164.068353698 59.928500334,-164.068271827 59.92881314,-164.067964811 59.928890059,-164.06788294 59.929331058,-164.068108085 59.929505405,-164.06788294 59.929484894,-164.067309843 59.929366953,-164.067361012 59.929141327,-164.067688496 59.928992618,-164.067330311 59.928833652,-164.066941424 59.928823396,-164.066951658 59.92866443,-164.067084698 59.928633662,-164.067023295 59.928505462,-164.066900488 59.928284958,-164.0671154 59.927864457,-164.066675343 59.927854201,-164.065825932 59.927577283,-164.065784997 59.927797792,-164.065856634 59.928115733,-164.065535765 59.928283807,-164.065679039 59.928683791,-164.065822312 59.929135048,-164.065668804 59.929488871,-164.066221433 59.929565788,-164.066589853 59.929345291,-164.066497748 59.929094025,-164.066937805 59.929001723,-164.067094604 59.92923017))",100,,yes,
1,107,795656092,-164.0719565269827,59.92922160803523,mrm0065@uah.edu,false,2026-01-09 16:19,10.0 secs,,,"POLYGON((-164.072497164 59.929173787,-164.072288425 59.92908821,-164.072136614 59.928940828,-164.071927875 59.928850497,-164.072022756 59.928769674,-164.071946851 59.928650817,-164.071757088 59.928736394,-164.071472443 59.928869514,-164.07133012 59.929054931,-164.07164323 59.929145262,-164.071529372 59.929287888,-164.071358585 59.929302151,-164.071462955 59.929373464,-164.071529372 59.929535107,-164.071690671 59.929644453,-164.071851969 59.929691994,-164.071918386 59.929582649,-164.072184055 59.929596911,-164.072307401 59.929468548,-164.072345354 59.92957314,-164.072601534 59.929468548,-164.072601534 59.929363956,-164.072620511 59.929235592,-164.07267744 59.929126244,-164.072563582 59.929111982,-164.072497164 59.929173787))",100,,yes,
1,66,795656093,-164.0621548476749,59.929693881743724,mrm0065@uah.edu,false,2026-01-09 16:19,10.0 secs,,,"POLYGON((-164.062827874 59.92960128,-164.062279835 59.929276396,-164.061855297 59.929620618,-164.062125458 59.929779191,-164.062001956 59.929841072,-164.061654607 59.929667029,-164.061423041 59.929806264,-164.061932486 59.930088599,-164.062827874 59.92960128))",100,,yes,
1,65,795656094,-164.0642702269955,59.92993565878403,mrm0065@uah.edu,false,2026-01-09 16:19,10.0 secs,,,"POLYGON((-164.063773018 59.929209382,-164.062923942 59.929609686,-164.06477647 59.930684873,-164.065586951 59.930255575,-164.064306037 59.929480747,-164.063773018 59.929209382))",100,,yes,
1,128,795656095,-164.04289921705774,59.92322372815259,mrm0065@uah.edu,false,2026-01-09 16:19,10.0 secs,,,"POLYGON((-164.043204394 59.922938716,-164.042431369 59.922992152,-164.042031529 59.923085665,-164.042298089 59.923259332,-164.042484681 59.923379562,-164.042551788 59.923516931,-164.042811685 59.923476855,-164.043204861 59.923510252,-164.043491413 59.923433439,-164.043598038 59.923319888,-164.04358471 59.92317294,-164.043531398 59.923092786,-164.043298157 59.923069408,-164.043238181 59.923002613,-164.043204394 59.922938716))",100,,yes,
1,36,795656096,-164.0775802099759,59.91178806651566,mrm0065@uah.edu,false,2026-01-09 16:19,10.0 secs,,,"POLYGON((-164.077941599 59.911832261,-164.077661714 59.911966198,-164.077343662 59.911940686,-164.077241885 59.911787615,-164.077483605 59.911609031,-164.077852545 59.911609031,-164.077776212 59.911723835,-164.077941599 59.911832261))",100,,yes,
1,13,795656097,-164.0809199845317,59.93113505514076,mrm0065@uah.edu,false,2026-01-09 16:19,10.0 secs,,,"POLYGON((-164.086849731 59.934155842,-164.086234244 59.93466622,-164.085894666 59.934942671,-164.085045719 59.935261651,-164.084090654 59.935410507,-164.083178036 59.935442404,-164.082562549 59.935304181,-164.082074405 59.934953304,-164.08198951 59.934527994,-164.082201747 59.934049513,-164.08279601 59.933709255,-164.083093141 59.933049997,-164.083093141 59.93270973,-164.082583773 59.932209955,-164.082068998 59.931902444,-164.081413872 59.931514525,-164.080973151 59.931293708,-164.080306114 59.931043048,-164.079365114 59.930708833,-164.078459849 59.930499947,-164.077876192 59.930416392,-164.077304445 59.930386551,-164.076470649 59.930332837,-164.075827434 59.930249281,-164.075255688 59.929915058,-164.074803055 59.929550989,-164.074658325 59.929328938,-164.07478935 59.929078263,-164.074932287 59.928851461,-164.075349185 59.928785808,-164.076016222 59.928636595,-164.076564146 59.928547067,-164.077278829 59.92853513,-164.077874398 59.928529161,-164.078172183 59.928505287,-164.079399055 59.92840979,-164.079923156 59.928314292,-164.080459168 59.928254606,-164.08107856 59.928087485,-164.081805154 59.927836801,-164.082531748 59.927526429,-164.08349657 59.927013114,-164.084032582 59.926762422,-164.084151696 59.927084739,-164.083687152 59.927347366,-164.083079672 59.927645803,-164.082102939 59.927974081,-164.081364433 59.928218795,-164.08056637 59.928433664,-164.079780219 59.928559004,-164.079518169 59.928559004,-164.079434789 59.9286545,-164.078708195 59.928660469,-164.078529524 59.928791776,-164.078041157 59.928708217,-164.077064424 59.928744028,-164.076159159 59.928809682,-164.075599324 59.928964862,-164.075313451 59.929191664,-164.075194337 59.929460242,-164.075420653 59.92968704,-164.075970428 59.930000841,-164.076387326 59.930179889,-164.076875693 59.930179889,-164.077530819 59.930191825,-164.078114477 59.930251508,-164.078781514 59.930341031,-164.079353261 59.93041265,-164.080020298 59.930657346,-164.080508665 59.93080655,-164.080973209 59.930967689,-164.081461575 59.931182541,-164.081914208 59.931463039,-164.082295372 59.93167192,-164.082640802 59.931976286,-164.08322446 59.932405974,-164.083474599 59.932704366,-164.083557978 59.933110174,-164.083379308 59.933527912,-164.083105346 59.933808391,-164.082771827 59.934166445,-164.082521688 59.934494658,-164.082497866 59.934804966,-164.082748004 59.935043662,-164.083117257 59.935210748,-164.08348651 59.935294291,-164.08468956 59.93513914,-164.085487622 59.934781096,-164.086107014 59.934309666,-164.086690672 59.933850164,-164.086849731 59.934155842))",100,,yes,
1,13,795656098,-164.0809199845317,59.93113505514076,mrm0065@uah.edu,false,2026-01-09 16:19,10.0 secs,,,"POLYGON((-164.086849731 59.934155842,-164.086234244 59.93466622,-164.085894666 59.934942671,-164.085045719 59.935261651,-164.084090654 59.935410507,-164.083178036 59.935442404,-164.082562549 59.935304181,-164.082074405 59.934953304,-164.08198951 59.934527994,-164.082201747 59.934049513,-164.08279601 59.933709255,-164.083093141 59.933049997,-164.083093141 59.93270973,-164.082583773 59.932209955,-164.082068998 59.931902444,-164.081413872 59.931514525,-164.080973151 59.931293708,-164.080306114 59.931043048,-164.079365114 59.930708833,-164.078459849 59.930499947,-164.077876192 59.930416392,-164.077304445 59.930386551,-164.076470649 59.930332837,-164.075827434 59.930249281,-164.075255688 59.929915058,-164.074803055 59.929550989,-164.074658325 59.929328938,-164.07478935 59.929078263,-164.074932287 59.928851461,-164.075349185 59.928785808,-164.076016222 59.928636595,-164.076564146 59.928547067,-164.077278829 59.92853513,-164.077874398 59.928529161,-164.078172183 59.928505287,-164.079399055 59.92840979,-164.079923156 59.928314292,-164.080459168 59.928254606,-164.08107856 59.928087485,-164.081805154 59.927836801,-164.082531748 59.927526429,-164.08349657 59.927013114,-164.084032582 59.926762422,-164.084151696 59.927084739,-164.083687152 59.927347366,-164.083079672 59.927645803,-164.082102939 59.927974081,-164.081364433 59.928218795,-164.08056637 59.928433664,-164.079780219 59.928559004,-164.079518169 59.928559004,-164.079434789 59.9286545,-164.078708195 59.928660469,-164.078529524 59.928791776,-164.078041157 59.928708217,-164.077064424 59.928744028,-164.076159159 59.928809682,-164.075599324 59.928964862,-164.075313451 59.929191664,-164.075194337 59.929460242,-164.075420653 59.92968704,-164.075970428 59.930000841,-164.076387326 59.930179889,-164.076875693 59.930179889,-164.077530819 59.930191825,-164.078114477 59.930251508,-164.078781514 59.930341031,-164.079353261 59.93041265,-164.080020298 59.930657346,-164.080508665 59.93080655,-164.080973209 59.930967689,-164.081461575 59.931182541,-164.081914208 59.931463039,-164.082295372 59.93167192,-164.082640802 59.931976286,-164.08322446 59.932405974,-164.083474599 59.932704366,-164.083557978 59.933110174,-164.083379308 59.933527912,-164.083105346 59.933808391,-164.082771827 59.934166445,-164.082521688 59.934494658,-164.082497866 59.934804966,-164.082748004 59.935043662,-164.083117257 59.935210748,-164.08348651 59.935294291,-164.08468956 59.93513914,-164.085487622 59.934781096,-164.086107014 59.934309666,-164.086690672 59.933850164,-164.086849731 59.934155842))",100,,yes,
1,14,795656099,-164.08208357315556,59.92925846450517,mrm0065@uah.edu,false,2026-01-09 16:19,10.0 secs,,,"POLYGON((-164.084912993 59.929222586,-164.084248439 59.929398873,-164.082880239 59.929398873,-164.082450234 59.929673096,-164.082215685 59.929927729,-164.081707497 59.92984938,-164.082028046 59.929375368,-164.082008501 59.929208874,-164.081715315 59.929189287,-164.081539404 59.929385162,-164.081324401 59.929630004,-164.080835758 59.929678972,-164.080835758 59.929532067,-164.080444844 59.929532067,-164.079858473 59.929630004,-164.079428467 59.929835669,-164.07895937 59.929962986,-164.078842096 59.929776908,-164.078978916 59.929522273,-164.079584833 59.929208874,-164.080542572 59.929208874,-164.080659847 59.929003205,-164.081558949 59.928954236,-164.082203958 59.928954236,-164.082840932 59.928730719,-164.083798672 59.928769895,-164.084688896 59.928677301,-164.084912993 59.929222586))",100,,yes,
1,21,795656100,-164.06499088907262,59.912576446460854,mrm0065@uah.edu,false,2026-01-09 16:19,10.0 secs,,,"POLYGON((-164.05952415 59.911438915,-164.06005541 59.911988962,-164.059812878 59.912226348,-164.059963017 59.91252163,-164.060424982 59.912481101,-164.060424982 59.912741643,-164.06030949 59.913002182,-164.060725259 59.913019551,-164.060667513 59.91281112,-164.061579894 59.912840069,-164.062215096 59.912544789,-164.06308128 59.912741643,-164.062665512 59.912921126,-164.062931141 59.912990603,-164.063404655 59.912869018,-164.06320832 59.91253321,-164.063508597 59.912353725,-164.063485499 59.912139499,-164.062965789 59.911960012,-164.063196771 59.911815264,-164.063196771 59.911647355,-164.062838748 59.911381015,-164.063335361 59.911282584,-164.06373958 59.911531555,-164.064374782 59.911572085,-164.064871394 59.911832634,-164.064952238 59.912151079,-164.064744354 59.91253321,-164.065137024 59.912620057,-164.064882943 59.912921126,-164.064732804 59.913112187,-164.065252515 59.913170084,-164.065356457 59.913280088,-164.064836747 59.913349565,-164.064478724 59.913447989,-164.064628862 59.913644837,-164.064455626 59.913812736,-164.064501822 59.913998003,-164.064686608 59.914206426,-164.064952238 59.914194847,-164.065021533 59.91403853,-164.064686608 59.913876422,-164.06479055 59.913720102,-164.065264064 59.913720102,-164.065598989 59.913789578,-164.065541243 59.914073267,-164.066303485 59.914235374,-164.066546017 59.914113794,-164.067192768 59.914218006,-164.067666282 59.914079056,-164.067885715 59.914084846,-164.068093599 59.914235374,-164.068902038 59.914449586,-164.06939865 59.914270111,-164.069675829 59.914055898,-164.069710477 59.913859053,-164.070103147 59.913650627,-164.070022303 59.913488517,-164.070137794 59.913326406,-164.070414973 59.913337985,-164.070622857 59.913233771,-164.070645956 59.913071659,-164.070391875 59.913060079,-164.070149343 59.913239561,-164.069698928 59.913517465,-164.069260061 59.913546413,-164.068948234 59.913731682,-164.068509368 59.91360431,-164.068289934 59.913419041,-164.068266836 59.913094818,-164.067920362 59.912874808,-164.06795501 59.912735853,-164.068185992 59.912689534,-164.067920362 59.91252163,-164.067978108 59.912255297,-164.067862617 59.911902113,-164.067735576 59.911815264,-164.067631634 59.911919483,-164.067238964 59.911774734,-164.067400652 59.911491025,-164.067516143 59.911363645,-164.067331357 59.911195734,-164.067215866 59.91095255,-164.067019531 59.911155203,-164.066649959 59.911137833,-164.066673057 59.911566295,-164.06598011 59.911595245,-164.065760676 59.911473655,-164.065506596 59.911554715,-164.065310261 59.911462075,-164.065125475 59.911601035,-164.064675059 59.911288374,-164.064698157 59.911166783,-164.064444076 59.911097302,-164.064155348 59.911108882,-164.063889718 59.911004661,-164.063670285 59.910998871,-164.05952415 59.911438915))",100,,yes,
1,21,795656101,-164.06499088907262,59.912576446460854,mrm0065@uah.edu,false,2026-01-09 16:19,10.0 secs,,,"POLYGON((-164.05952415 59.911438915,-164.06005541 59.911988962,-164.059812878 59.912226348,-164.059963017 59.91252163,-164.060424982 59.912481101,-164.060424982 59.912741643,-164.06030949 59.913002182,-164.060725259 59.913019551,-164.060667513 59.91281112,-164.061579894 59.912840069,-164.062215096 59.912544789,-164.06308128 59.912741643,-164.062665512 59.912921126,-164.062931141 59.912990603,-164.063404655 59.912869018,-164.06320832 59.91253321,-164.063508597 59.912353725,-164.063485499 59.912139499,-164.062965789 59.911960012,-164.063196771 59.911815264,-164.063196771 59.911647355,-164.062838748 59.911381015,-164.063335361 59.911282584,-164.06373958 59.911531555,-164.064374782 59.911572085,-164.064871394 59.911832634,-164.064952238 59.912151079,-164.064744354 59.91253321,-164.065137024 59.912620057,-164.064882943 59.912921126,-164.064732804 59.913112187,-164.065252515 59.913170084,-164.065356457 59.913280088,-164.064836747 59.913349565,-164.064478724 59.913447989,-164.064628862 59.913644837,-164.064455626 59.913812736,-164.064501822 59.913998003,-164.064686608 59.914206426,-164.064952238 59.914194847,-164.065021533 59.91403853,-164.064686608 59.913876422,-164.06479055 59.913720102,-164.065264064 59.913720102,-164.065598989 59.913789578,-164.065541243 59.914073267,-164.066303485 59.914235374,-164.066546017 59.914113794,-164.067192768 59.914218006,-164.067666282 59.914079056,-164.067885715 59.914084846,-164.068093599 59.914235374,-164.068902038 59.914449586,-164.06939865 59.914270111,-164.069675829 59.914055898,-164.069710477 59.913859053,-164.070103147 59.913650627,-164.070022303 59.913488517,-164.070137794 59.913326406,-164.070414973 59.913337985,-164.070622857 59.913233771,-164.070645956 59.913071659,-164.070391875 59.913060079,-164.070149343 59.913239561,-164.069698928 59.913517465,-164.069260061 59.913546413,-164.068948234 59.913731682,-164.068509368 59.91360431,-164.068289934 59.913419041,-164.068266836 59.913094818,-164.067920362 59.912874808,-164.06795501 59.912735853,-164.068185992 59.912689534,-164.067920362 59.91252163,-164.067978108 59.912255297,-164.067862617 59.911902113,-164.067735576 59.911815264,-164.067631634 59.911919483,-164.067238964 59.911774734,-164.067400652 59.911491025,-164.067516143 59.911363645,-164.067331357 59.911195734,-164.067215866 59.91095255,-164.067019531 59.911155203,-164.066649959 59.911137833,-164.066673057 59.911566295,-164.06598011 59.911595245,-164.065760676 59.911473655,-164.065506596 59.911554715,-164.065310261 59.911462075,-164.065125475 59.911601035,-164.064675059 59.911288374,-164.064698157 59.911166783,-164.064444076 59.911097302,-164.064155348 59.911108882,-164.063889718 59.911004661,-164.063670285 59.910998871,-164.05952415 59.911438915))",100,,yes,
1,36,795656102,-164.0775802099759,59.91178806651566,mrm0065@uah.edu,false,2026-01-09 16:19,10.0 secs,,,"POLYGON((-164.077941599 59.911832261,-164.077661714 59.911966198,-164.077343662 59.911940686,-164.077241885 59.911787615,-164.077483605 59.911609031,-164.077852545 59.911609031,-164.077776212 59.911723835,-164.077941599 59.911832261))",100,,yes,
1,22,795656103,-164.0730488225285,59.914015927994505,mrm0065@uah.edu,false,2026-01-09 16:19,10.0 secs,,,"POLYGON((-164.073757826 59.91409328,-164.073527141 59.914233267,-164.073308597 59.914263699,-164.073017205 59.91424544,-164.072677248 59.914154144,-164.072276584 59.914038502,-164.072531552 59.913959378,-164.072555835 59.913898514,-164.072470846 59.913813303,-164.072713672 59.913746352,-164.073199325 59.913807217,-164.073502858 59.9139046,-164.073672837 59.914020242,-164.073757826 59.91409328))",100,,yes,
1,22,795656104,-164.0730488225285,59.914015927994505,mrm0065@uah.edu,false,2026-01-09 16:19,10.0 secs,,,"POLYGON((-164.073757826 59.91409328,-164.073527141 59.914233267,-164.073308597 59.914263699,-164.073017205 59.91424544,-164.072677248 59.914154144,-164.072276584 59.914038502,-164.072531552 59.913959378,-164.072555835 59.913898514,-164.072470846 59.913813303,-164.072713672 59.913746352,-164.073199325 59.913807217,-164.073502858 59.9139046,-164.073672837 59.914020242,-164.073757826 59.91409328))",100,,yes,
1,96,795656105,-164.0573474012537,59.92244455602849,mrm0065@uah.edu,false,2026-01-09 16:19,10.0 secs,,,"POLYGON((-164.05781094 59.920353133,-164.057439136 59.920632656,-164.057489836 59.921005349,-164.057641168 59.921292891,-164.057276193 59.921208122,-164.057133764 59.921101046,-164.057356309 59.920980584,-164.057062549 59.920833353,-164.056644163 59.920864584,-164.056234679 59.92105643,-164.056270287 59.921185814,-164.056759887 59.921087661,-164.056270287 59.92147135,-164.056029937 59.921529349,-164.055940919 59.921364275,-164.056110054 59.921181353,-164.056145661 59.920985046,-164.055807391 59.920886892,-164.055486926 59.920976122,-164.055342634 59.920762357,-164.054959855 59.920726665,-164.05439904 59.920887281,-164.054559272 59.921038974,-164.054310022 59.921092512,-164.053891636 59.921092512,-164.054140887 59.921212973,-164.053749206 59.921320049,-164.053464348 59.921177281,-164.053143882 59.921315588,-164.052556361 59.921485124,-164.052645379 59.921650198,-164.053028158 59.921833117,-164.053152783 59.92196696,-164.053117177 59.922172184,-164.052734398 59.922368484,-164.05313498 59.922613858,-164.053651286 59.922734314,-164.054042968 59.92252017,-164.053740305 59.922462173,-164.053873833 59.922350639,-164.053633483 59.922310486,-164.053419839 59.922185568,-164.053758108 59.922216798,-164.053784814 59.922060649,-164.053971752 59.922051726,-164.054016262 59.922212336,-164.05430112 59.922297102,-164.054025163 59.922430943,-164.054390139 59.922488941,-164.054194299 59.922658471,-164.053882734 59.92265401,-164.053998458 59.922774465,-164.054221004 59.922863691,-164.054550372 59.922841385,-164.054728408 59.922604935,-164.054799622 59.922359562,-164.054844132 59.922114186,-164.054728408 59.922011574,-164.054461354 59.922194491,-164.05444355 59.922047265,-164.054363433 59.921868808,-164.054719506 59.921895577,-164.055022169 59.921766196,-164.055431653 59.921855424,-164.055146794 59.922091879,-164.054959855 59.922395252,-164.05483523 59.922734314,-164.054764016 59.922961839,-164.055022168 59.923001991,-164.054612685 59.923171518,-164.054381236 59.923341046,-164.054808524 59.9235418,-164.055146794 59.923546261,-164.05546726 59.923796088,-164.055858941 59.924028067,-164.056446462 59.924170823,-164.056873749 59.924041451,-164.057220921 59.923907616,-164.057434565 59.924054834,-164.057808441 59.924103906,-164.057959772 59.924045912,-164.057674914 59.923912077,-164.057674914 59.923755937,-164.058173416 59.923782704,-164.05843157 59.923929922,-164.058903366 59.923921,-164.059010188 59.923809471,-164.059143716 59.924023606,-164.059034473 59.924218973,-164.059328234 59.924326039,-164.05950627 59.924281428,-164.05960419 59.92437065,-164.059265921 59.924459872,-164.059087884 59.924709691,-164.059239215 59.924874749,-164.059470663 59.924861366,-164.059808932 59.925021962,-164.060093791 59.925066572,-164.060173907 59.92492382,-164.060494373 59.924754301,-164.060618999 59.924589243,-164.060886054 59.92449556,-164.060716919 59.924401878,-164.06047657 59.924259123,-164.060280729 59.924120828,-164.059986969 59.924080678,-164.060013674 59.923982533,-164.060512177 59.924116367,-164.060877152 59.924236817,-164.060975072 59.924361728,-164.061259931 59.924218973,-164.061429065 59.9240896,-164.06140236 59.923879927,-164.061010679 59.92373717,-164.060823741 59.923581028,-164.060218416 59.923572106,-164.060378649 59.923755014,-164.060343042 59.923884388,-164.059862343 59.923857621,-164.059470663 59.924107445,-164.059301528 59.923937922,-164.059515172 59.923656868,-164.059470663 59.92351411,-164.059915754 59.923536416,-164.060245122 59.923527494,-164.05998697 59.92336729,-164.059764424 59.923264681,-164.059835638 59.923139767,-164.0601383 59.92308177,-164.060200613 59.922952394,-164.060556687 59.922952394,-164.061135306 59.922934548,-164.061411262 59.92280071,-164.06154479 59.922568722,-164.061182054 59.922406402,-164.06077257 59.922294868,-164.060176147 59.922379634,-164.060167245 59.922629469,-164.059926896 59.922790076,-164.059739958 59.922790076,-164.059882387 59.922517936,-164.059677645 59.922361789,-164.059535215 59.922232409,-164.05970435 59.922161027,-164.059757761 59.922290407,-164.06004262 59.92223687,-164.060069325 59.921969187,-164.060113834 59.921723808,-164.059572382 59.921728039,-164.059394346 59.921509428,-164.059207407 59.921509428,-164.059296426 59.921353276,-164.059652499 59.921179277,-164.0596614 59.921032047,-164.059812732 59.921027586,-164.05990175 59.920831277,-164.060070885 59.920554659,-164.059910652 59.920358348,-164.059545677 59.920447581,-164.059616891 59.920675122,-164.059518971 59.920875893,-164.059225211 59.920692969,-164.059340935 59.92047435,-164.059002665 59.920331578,-164.058655494 59.920416349,-164.05829942 59.920304808,-164.05814809 59.920371733,-164.05781094 59.920353133))",100,,yes,
1,115,795656106,-164.0634801812329,59.92218166441931,mrm0065@uah.edu,false,2026-01-09 16:19,10.0 secs,,,"POLYGON((-164.064718596 59.92372344,-164.064369938 59.923445926,-164.064164845 59.923199244,-164.064205864 59.923065624,-164.063775169 59.923096459,-164.063652113 59.922983396,-164.064226373 59.922829218,-164.064226373 59.922716153,-164.063406001 59.922942282,-164.063508548 59.922685317,-164.063529057 59.922531138,-164.063200908 59.922531138,-164.062811232 59.922675039,-164.06258563 59.922870332,-164.062298499 59.922870332,-164.062319009 59.922561974,-164.062236971 59.922346122,-164.061970351 59.922243334,-164.06168322 59.922181662,-164.061314053 59.922191941,-164.061006414 59.922243334,-164.060657756 59.922150826,-164.060883358 59.92185274,-164.061355072 59.921780788,-164.061806276 59.921986365,-164.062236971 59.92202748,-164.062544611 59.921842461,-164.062319009 59.92176023,-164.06199086 59.921811624,-164.06168322 59.921708835,-164.06199086 59.921657441,-164.061765258 59.921585488,-164.061519146 59.921503257,-164.061273034 59.92147242,-164.061273034 59.921277118,-164.061232016 59.921133212,-164.060760302 59.920948188,-164.060842339 59.920752883,-164.061088451 59.920680929,-164.061457618 59.920814558,-164.061662711 59.921174328,-164.06199086 59.921112653,-164.062380536 59.92125656,-164.062831741 59.921205165,-164.06315989 59.921122932,-164.063631604 59.920958467,-164.063836696 59.921266839,-164.064369938 59.921410746,-164.064205864 59.921647162,-164.06432892 59.922037759,-164.064923689 59.922161104,-164.065703042 59.9223564,-164.065908135 59.92259281,-164.065969663 59.922849775,-164.06549795 59.922942282,-164.065415912 59.923086181,-164.065579987 59.923230079,-164.065538968 59.923425369,-164.065251838 59.923600101,-164.064985217 59.923682327,-164.064718596 59.92372344))",100,,yes,
1,20,795656107,-164.0747790196707,59.91188913032141,mrm0065@uah.edu,false,2026-01-09 16:19,10.0 secs,,,"POLYGON((-164.077384078 59.909691355,-164.076192994 59.909815158,-164.076599705 59.909946243,-164.076672332 59.910397753,-164.076091316 59.910645353,-164.075844383 59.910965773,-164.075684604 59.911271626,-164.075132638 59.911235215,-164.075074536 59.911490091,-164.075045486 59.911679426,-164.07468235 59.911737682,-164.074028706 59.911599323,-164.073360537 59.91145368,-164.073142656 59.911781375,-164.07259069 59.911446398,-164.072067775 59.911257062,-164.072053249 59.911424552,-164.072416385 59.911679426,-164.072750469 59.911897888,-164.072111351 59.911737682,-164.071864419 59.911643015,-164.071501284 59.911752247,-164.071123623 59.9120144,-164.071428656 59.912283834,-164.071835368 59.912116348,-164.072256605 59.911948862,-164.072285656 59.912247424,-164.072692368 59.912633366,-164.073084554 59.912757158,-164.073578418 59.912684339,-164.073418639 59.912851822,-164.072976977 59.913075968,-164.073325587 59.913410928,-164.073819451 59.913665787,-164.074342366 59.913935208,-164.074720027 59.913906081,-164.07499601 59.914000742,-164.075606078 59.913753167,-164.075257468 59.913600252,-164.074720027 59.913585689,-164.074952434 59.913308984,-164.074690976 59.913170631,-164.073833977 59.913119659,-164.073659672 59.913046841,-164.074051858 59.912791977,-164.074589299 59.912741004,-164.075083163 59.912311372,-164.075475349 59.9119764,-164.075707756 59.911714246,-164.075838484 59.911510347,-164.076288772 59.911422962,-164.076651908 59.911306447,-164.077160298 59.911524912,-164.078046348 59.911371987,-164.077770365 59.91066561,-164.076971467 59.910629198,-164.07759606 59.91029421,-164.077384078 59.909691355))",100,,yes,
1,33,795656108,-164.05858792087938,59.91851438688324,mrm0065@uah.edu,false,2026-01-09 16:19,10.0 secs,,,"POLYGON((-164.026163356 59.91738945,-164.027393388 59.917558699,-164.027538098 59.917764214,-164.027827517 59.918090619,-164.028358119 59.917848838,-164.028961076 59.918332398,-164.029371087 59.918876394,-164.029684624 59.919081901,-164.030938775 59.919372027,-164.031083485 59.919807211,-164.031035248 59.920266565,-164.031469377 59.920339094,-164.032072334 59.920036889,-164.0347977 59.919565442,-164.035883022 59.919335761,-164.03634127 59.919045635,-164.037306001 59.918973103,-164.040875506 59.917836749,-164.041647291 59.917570788,-164.041502582 59.917280647,-164.041020216 59.91705095,-164.040610205 59.917087218,-164.040561969 59.917474075,-164.041020216 59.917655412,-164.040730797 59.917703769,-164.040176076 59.917365272,-164.04012784 59.916893787,-164.040176076 59.916506924,-164.040441377 59.916083786,-164.040344904 59.915793632,-164.04097198 59.915999158,-164.042129657 59.915793632,-164.043552636 59.915636464,-164.043938528 59.915841991,-164.043528517 59.916240952,-164.04278085 59.916132145,-164.04222613 59.916422297,-164.041743764 59.916434386,-164.041599055 59.916772893,-164.041767883 59.917292736,-164.043359689 59.917498253,-164.043649109 59.918296131,-164.043359689 59.918598352,-164.043649109 59.91891266,-164.045602689 59.918066441,-164.04755627 59.917135575,-164.048521001 59.916664088,-164.05064341 59.916506924,-164.052934646 59.916228862,-164.054068206 59.916035427,-164.05527412 59.91591453,-164.056745335 59.915515564,-164.059012453 59.915213315,-164.060290722 59.915056144,-164.059253636 59.915467205,-164.058795388 59.916023338,-164.057661829 59.916132145,-164.05597355 59.91632558,-164.055225883 59.916579461,-164.056431797 59.91661573,-164.056262969 59.917014682,-164.055804722 59.917002592,-164.055756485 59.916784982,-164.053995851 59.916917966,-164.052138743 59.917268558,-164.049485732 59.917800482,-164.0482557 59.91830822,-164.046977431 59.918586264,-164.045361506 59.918864305,-164.044396775 59.919106078,-164.045216797 59.919432469,-164.045819754 59.919396204,-164.04516856 59.919758857,-164.045554453 59.919879741,-164.046615657 59.919553354,-164.046205646 59.92009733,-164.045482098 59.920327006,-164.04516856 59.920689649,-164.045964464 59.920713825,-164.046181528 59.920883057,-164.045433861 59.921233607,-164.045940345 59.921342397,-164.046446829 59.921185255,-164.047290969 59.921064376,-164.046905076 59.920895145,-164.046591539 59.920883057,-164.046905076 59.920641297,-164.047218614 59.920568769,-164.046953313 59.920266565,-164.046808603 59.920012712,-164.047363324 59.919795122,-164.048448646 59.919807211,-164.048617474 59.920085242,-164.048882775 59.920278653,-164.048521001 59.920447888,-164.048303937 59.920701737,-164.048641593 59.921112728,-164.049172195 59.92110064,-164.050040453 59.920943497,-164.050305754 59.920738002,-164.050016335 59.920472064,-164.050595173 59.920327006,-164.050739883 59.920532504,-164.0504987 59.921076464,-164.051174012 59.921173168,-164.051945797 59.920991849,-164.052524636 59.92137866,-164.054743518 59.920701737,-164.053923496 59.920327006,-164.053007001 59.920157771,-164.052379926 59.919843476,-164.051222249 59.919867652,-164.050836356 59.920145683,-164.050691646 59.919952271,-164.050088689 59.920145683,-164.049365141 59.920085242,-164.049365141 59.919807211,-164.050691646 59.919807211,-164.051969915 59.919577531,-164.052468123 59.919388263,-164.053529327 59.919327821,-164.054783478 59.91907396,-164.055289962 59.919243201,-164.055724091 59.918856364,-164.05615822 59.919037695,-164.055820564 59.919424529,-164.055579381 59.91979927,-164.055675854 59.91994433,-164.056020634 59.919832696,-164.05635829 59.91949422,-164.056671827 59.91933707,-164.056575354 59.919059032,-164.056575354 59.918768904,-164.057081838 59.918466684,-164.057660677 59.918660105,-164.05746773 59.918974412,-164.057347139 59.919131564,-164.058046569 59.919506309,-164.05816716 59.919784343,-164.058938945 59.919687636,-164.059324838 59.91942169,-164.059541902 59.919204096,-164.059131892 59.918672194,-164.058191279 59.918563395,-164.058022451 59.918285351,-164.058794236 59.918140284,-164.059927795 59.917692989,-164.06000015 59.918104017,-164.059638376 59.918515039,-164.059566021 59.918974412,-164.060337806 59.919071121,-164.061157827 59.919107387,-164.061809021 59.919373336,-164.062074322 59.919639282,-164.063039053 59.920001933,-164.063304354 59.920316227,-164.064437913 59.92086019,-164.064534386 59.92067887,-164.064124376 59.920183256,-164.063834956 59.919856873,-164.06419673 59.919615105,-164.063762601 59.919240362,-164.063545537 59.918877702,-164.062363741 59.918756815,-164.06154372 59.918744726,-164.062315505 59.918527128,-164.063159644 59.918430418,-164.063859075 59.918780993,-164.064920279 59.918829348,-164.065378526 59.919143653,-164.0657403 59.919107387,-164.065499118 59.918877702,-164.065981483 59.918575484,-164.066261612 59.918701822,-164.066075601 59.91903332,-164.066075601 59.919473585,-164.066054933 59.919665228,-164.065300554 59.919701484,-164.065000869 59.919426969,-164.064535841 59.919587535,-164.064225822 59.919779177,-164.064515173 59.920084766,-164.065062873 59.920012254,-164.065279886 59.920354097,-164.065672576 59.920245329,-164.066044599 59.920431788,-164.065992929 59.920929007,-164.065799433 59.920991329,-164.06493138 59.920576982,-164.064786705 59.920773797,-164.064869377 59.921239936,-164.065406742 59.92128137,-164.065510082 59.92113635,-164.06602678 59.921659454,-164.066357467 59.921374597,-164.066543478 59.921545512,-164.066553812 59.921928772,-164.066134914 59.922127094,-164.06622792 59.922681257,-164.066506937 59.922924672,-164.06627959 59.923276843,-164.066413931 59.923458106,-164.065907567 59.923644547,-164.065618216 59.923577221,-164.065173856 59.923768841,-164.06562855 59.924064036,-164.065990239 59.923934564,-164.066289924 59.924240116,-164.066403597 59.924493876,-164.066909961 59.924706205,-164.067333654 59.925151574,-164.067571335 59.925405327,-164.068129369 59.925674615,-164.068666735 59.926073364,-164.069751801 59.925804079,-164.07050618 59.925638365,-164.071198555 59.925729508,-164.071818593 59.926154148,-164.073761378 59.926299146,-164.073947389 59.926692709,-164.074505423 59.927138051,-164.074402083 59.927407324,-164.073968057 59.927448751,-164.074319411 59.927645526,-164.07473277 59.927759448,-164.074588094 59.928101211,-164.075518151 59.928318695,-164.076179524 59.92816335,-164.076468875 59.927863013,-164.076386204 59.92763517,-164.076799562 59.927469464,-164.077502271 59.927407324,-164.077440268 59.927106981,-164.077109581 59.926858418,-164.076406872 59.926609854,-164.076055517 59.926506285,-164.075394143 59.926609854,-164.074939449 59.926661639,-164.075187464 59.92642343,-164.07582817 59.926340574,-164.077357596 59.926164506,-164.078618339 59.926019507,-164.079684586 59.925913901,-164.080387296 59.925541044,-164.081131341 59.925644616,-164.081813382 59.925261398,-164.083280805 59.924950677,-164.082426583 59.922719342,-164.078923311 59.923597194,-164.075452476 59.924117392,-164.073052085 59.925255296,-164.071462637 59.925369084,-164.068218866 59.925336573,-164.068348617 59.92509274,-164.07155995 59.924735116,-164.07298721 59.924377488,-164.07383059 59.923857294,-164.075484913 59.923288323,-164.082231957 59.922247894,-164.079831567 59.916020893,-164.079085499 59.916362352,-164.079474752 59.917240372,-164.080285694 59.917760669,-164.079802627 59.918084097,-164.078991685 59.917515027,-164.077986116 59.917596324,-164.077402237 59.917888989,-164.075845227 59.917628842,-164.075066722 59.917271137,-164.074061153 59.917384953,-164.072341954 59.91684839,-164.070882257 59.916409378,-164.068806243 59.916718313,-164.067670924 59.916929688,-164.066957294 59.91686465,-164.066373415 59.917076024,-164.066795105 59.917238618,-164.067962863 59.91718984,-164.06630854 59.918181651,-164.066243664 59.91785647,-164.065966358 59.917975267,-164.065831632 59.918190519,-164.065545338 59.918114548,-164.065023274 59.917979488,-164.06514116 59.917700925,-164.065898995 59.917865531,-164.066353696 59.917536319,-164.066075823 59.917456126,-164.066117925 59.917316842,-164.066421059 59.917207104,-164.066269492 59.917114248,-164.065814791 59.917211324,-164.065486396 59.91754476,-164.065166421 59.917485671,-164.064981172 59.917616512,-164.064619096 59.917532098,-164.064652777 59.917076261,-164.065065376 59.917034054,-164.065275886 59.917169117,-164.06558744 59.916996067,-164.065612702 59.916826213,-164.06536851 59.916729135,-164.065755848 59.916636278,-164.065461135 59.916509653,-164.06514116 59.91649277,-164.064433847 59.916602511,-164.064332802 59.916868421,-164.064198076 59.917062576,-164.063911783 59.916931732,-164.063978239 59.916286014,-164.063146455 59.915717449,-164.062113028 59.915439481,-164.061765614 59.915420968,-164.062120909 59.915083846,-164.061841749 59.91482305,-164.06139763 59.914581336,-164.061131159 59.914314175,-164.060750485 59.91409154,-164.060371355 59.913840137,-164.060898814 59.913334633,-164.060805733 59.91310132,-164.060247247 59.913062435,-164.060076599 59.912798012,-164.059890437 59.913085766,-164.059564654 59.913062435,-164.059657735 59.912416928,-164.059331952 59.912168054,-164.058416656 59.911740298,-164.058246008 59.91155364,-164.054228016 59.911911401,-164.052257804 59.912105835,-164.042515337 59.913070212,-164.043027282 59.913505728,-164.043073822 59.914322304,-164.042437769 59.914431179,-164.041786203 59.91383236,-164.03980245 59.914539537,-164.040438214 59.914941377,-164.04184795 59.91469196,-164.042373146 59.914872095,-164.042594281 59.914539537,-164.043810524 59.914484111,-164.043810524 59.914844382,-164.043478821 59.914761242,-164.043008909 59.915066085,-164.042538997 59.915121511,-164.042428429 59.915010659,-164.041792666 59.914802812,-164.041322754 59.914913664,-164.042096727 59.915190792,-164.041142169 59.915312085,-164.041252737 59.915596138,-164.040824288 59.915693131,-164.040409659 59.91547836,-164.039898285 59.91580398,-164.038875535 59.915222019,-164.037714576 59.915755484,-164.038377981 59.916316652,-164.03776986 59.916385932,-164.037355231 59.91583862,-164.03674711 59.915790124,-164.036346303 59.916129597,-164.035378837 59.916178093,-164.035461762 59.916309724,-164.037106454 59.91628894,-164.037230843 59.916434427,-164.035116239 59.916413643,-164.03483982 59.916046461,-164.034121131 59.916205805,-164.034300803 59.915824764,-164.033830891 59.915741628,-164.033146038 59.915759163,-164.03288344 59.915558249,-164.033740339 59.915232626,-164.035163896 59.915267267,-164.036352497 59.91514256,-164.035758196 59.91487236,-164.03805865 59.914311476,-164.038970832 59.914533183,-164.041817946 59.913590919,-164.041900872 59.913133634,-164.037215573 59.913611704,-164.030821504 59.914242817,-164.030279404 59.914973144,-164.030787623 59.915270365,-164.031397486 59.915618536,-164.031583833 59.9158648,-164.032413924 59.915830833,-164.032735796 59.916034637,-164.033210134 59.916060112,-164.032752737 59.916323357,-164.031177258 59.916162014,-164.031007852 59.916544142,-164.030194701 59.916552633,-164.03070292 59.916934756,-164.030279404 59.917274418,-164.029330729 59.916773416,-164.028653103 59.916544142,-164.028077122 59.916518666,-164.027704428 59.916620566,-164.027551962 59.91695174,-164.027060684 59.917333858,-164.026891278 59.916909282,-164.026620227 59.916705483,-164.02614589 59.917028164,-164.025485205 59.917316875,-164.026163356 59.91738945))",100,,yes,
1,20,795656109,-164.0747790196707,59.91188913032141,mrm0065@uah.edu,false,2026-01-09 16:19,10.0 secs,,,"POLYGON((-164.077384078 59.909691355,-164.076192994 59.909815158,-164.076599705 59.909946243,-164.076672332 59.910397753,-164.076091316 59.910645353,-164.075844383 59.910965773,-164.075684604 59.911271626,-164.075132638 59.911235215,-164.075074536 59.911490091,-164.075045486 59.911679426,-164.07468235 59.911737682,-164.074028706 59.911599323,-164.073360537 59.91145368,-164.073142656 59.911781375,-164.07259069 59.911446398,-164.072067775 59.911257062,-164.072053249 59.911424552,-164.072416385 59.911679426,-164.072750469 59.911897888,-164.072111351 59.911737682,-164.071864419 59.911643015,-164.071501284 59.911752247,-164.071123623 59.9120144,-164.071428656 59.912283834,-164.071835368 59.912116348,-164.072256605 59.911948862,-164.072285656 59.912247424,-164.072692368 59.912633366,-164.073084554 59.912757158,-164.073578418 59.912684339,-164.073418639 59.912851822,-164.072976977 59.913075968,-164.073325587 59.913410928,-164.073819451 59.913665787,-164.074342366 59.913935208,-164.074720027 59.913906081,-164.07499601 59.914000742,-164.075606078 59.913753167,-164.075257468 59.913600252,-164.074720027 59.913585689,-164.074952434 59.913308984,-164.074690976 59.913170631,-164.073833977 59.913119659,-164.073659672 59.913046841,-164.074051858 59.912791977,-164.074589299 59.912741004,-164.075083163 59.912311372,-164.075475349 59.9119764,-164.075707756 59.911714246,-164.075838484 59.911510347,-164.076288772 59.911422962,-164.076651908 59.911306447,-164.077160298 59.911524912,-164.078046348 59.911371987,-164.077770365 59.91066561,-164.076971467 59.910629198,-164.07759606 59.91029421,-164.077384078 59.909691355))",100,,yes,
1,33,795656110,-164.05858792087938,59.91851438688324,mrm0065@uah.edu,false,2026-01-09 16:19,10.0 secs,,,"POLYGON((-164.026163356 59.91738945,-164.027393388 59.917558699,-164.027538098 59.917764214,-164.027827517 59.918090619,-164.028358119 59.917848838,-164.028961076 59.918332398,-164.029371087 59.918876394,-164.029684624 59.919081901,-164.030938775 59.919372027,-164.031083485 59.919807211,-164.031035248 59.920266565,-164.031469377 59.920339094,-164.032072334 59.920036889,-164.0347977 59.919565442,-164.035883022 59.919335761,-164.03634127 59.919045635,-164.037306001 59.918973103,-164.040875506 59.917836749,-164.041647291 59.917570788,-164.041502582 59.917280647,-164.041020216 59.91705095,-164.040610205 59.917087218,-164.040561969 59.917474075,-164.041020216 59.917655412,-164.040730797 59.917703769,-164.040176076 59.917365272,-164.04012784 59.916893787,-164.040176076 59.916506924,-164.040441377 59.916083786,-164.040344904 59.915793632,-164.04097198 59.915999158,-164.042129657 59.915793632,-164.043552636 59.915636464,-164.043938528 59.915841991,-164.043528517 59.916240952,-164.04278085 59.916132145,-164.04222613 59.916422297,-164.041743764 59.916434386,-164.041599055 59.916772893,-164.041767883 59.917292736,-164.043359689 59.917498253,-164.043649109 59.918296131,-164.043359689 59.918598352,-164.043649109 59.91891266,-164.045602689 59.918066441,-164.04755627 59.917135575,-164.048521001 59.916664088,-164.05064341 59.916506924,-164.052934646 59.916228862,-164.054068206 59.916035427,-164.05527412 59.91591453,-164.056745335 59.915515564,-164.059012453 59.915213315,-164.060290722 59.915056144,-164.059253636 59.915467205,-164.058795388 59.916023338,-164.057661829 59.916132145,-164.05597355 59.91632558,-164.055225883 59.916579461,-164.056431797 59.91661573,-164.056262969 59.917014682,-164.055804722 59.917002592,-164.055756485 59.916784982,-164.053995851 59.916917966,-164.052138743 59.917268558,-164.049485732 59.917800482,-164.0482557 59.91830822,-164.046977431 59.918586264,-164.045361506 59.918864305,-164.044396775 59.919106078,-164.045216797 59.919432469,-164.045819754 59.919396204,-164.04516856 59.919758857,-164.045554453 59.919879741,-164.046615657 59.919553354,-164.046205646 59.92009733,-164.045482098 59.920327006,-164.04516856 59.920689649,-164.045964464 59.920713825,-164.046181528 59.920883057,-164.045433861 59.921233607,-164.045940345 59.921342397,-164.046446829 59.921185255,-164.047290969 59.921064376,-164.046905076 59.920895145,-164.046591539 59.920883057,-164.046905076 59.920641297,-164.047218614 59.920568769,-164.046953313 59.920266565,-164.046808603 59.920012712,-164.047363324 59.919795122,-164.048448646 59.919807211,-164.048617474 59.920085242,-164.048882775 59.920278653,-164.048521001 59.920447888,-164.048303937 59.920701737,-164.048641593 59.921112728,-164.049172195 59.92110064,-164.050040453 59.920943497,-164.050305754 59.920738002,-164.050016335 59.920472064,-164.050595173 59.920327006,-164.050739883 59.920532504,-164.0504987 59.921076464,-164.051174012 59.921173168,-164.051945797 59.920991849,-164.052524636 59.92137866,-164.054743518 59.920701737,-164.053923496 59.920327006,-164.053007001 59.920157771,-164.052379926 59.919843476,-164.051222249 59.919867652,-164.050836356 59.920145683,-164.050691646 59.919952271,-164.050088689 59.920145683,-164.049365141 59.920085242,-164.049365141 59.919807211,-164.050691646 59.919807211,-164.051969915 59.919577531,-164.052468123 59.919388263,-164.053529327 59.919327821,-164.054783478 59.91907396,-164.055289962 59.919243201,-164.055724091 59.918856364,-164.05615822 59.919037695,-164.055820564 59.919424529,-164.055579381 59.91979927,-164.055675854 59.91994433,-164.056020634 59.919832696,-164.05635829 59.91949422,-164.056671827 59.91933707,-164.056575354 59.919059032,-164.056575354 59.918768904,-164.057081838 59.918466684,-164.057660677 59.918660105,-164.05746773 59.918974412,-164.057347139 59.919131564,-164.058046569 59.919506309,-164.05816716 59.919784343,-164.058938945 59.919687636,-164.059324838 59.91942169,-164.059541902 59.919204096,-164.059131892 59.918672194,-164.058191279 59.918563395,-164.058022451 59.918285351,-164.058794236 59.918140284,-164.059927795 59.917692989,-164.06000015 59.918104017,-164.059638376 59.918515039,-164.059566021 59.918974412,-164.060337806 59.919071121,-164.061157827 59.919107387,-164.061809021 59.919373336,-164.062074322 59.919639282,-164.063039053 59.920001933,-164.063304354 59.920316227,-164.064437913 59.92086019,-164.064534386 59.92067887,-164.064124376 59.920183256,-164.063834956 59.919856873,-164.06419673 59.919615105,-164.063762601 59.919240362,-164.063545537 59.918877702,-164.062363741 59.918756815,-164.06154372 59.918744726,-164.062315505 59.918527128,-164.063159644 59.918430418,-164.063859075 59.918780993,-164.064920279 59.918829348,-164.065378526 59.919143653,-164.0657403 59.919107387,-164.065499118 59.918877702,-164.065981483 59.918575484,-164.066261612 59.918701822,-164.066075601 59.91903332,-164.066075601 59.919473585,-164.066054933 59.919665228,-164.065300554 59.919701484,-164.065000869 59.919426969,-164.064535841 59.919587535,-164.064225822 59.919779177,-164.064515173 59.920084766,-164.065062873 59.920012254,-164.065279886 59.920354097,-164.065672576 59.920245329,-164.066044599 59.920431788,-164.065992929 59.920929007,-164.065799433 59.920991329,-164.06493138 59.920576982,-164.064786705 59.920773797,-164.064869377 59.921239936,-164.065406742 59.92128137,-164.065510082 59.92113635,-164.06602678 59.921659454,-164.066357467 59.921374597,-164.066543478 59.921545512,-164.066553812 59.921928772,-164.066134914 59.922127094,-164.06622792 59.922681257,-164.066506937 59.922924672,-164.06627959 59.923276843,-164.066413931 59.923458106,-164.065907567 59.923644547,-164.065618216 59.923577221,-164.065173856 59.923768841,-164.06562855 59.924064036,-164.065990239 59.923934564,-164.066289924 59.924240116,-164.066403597 59.924493876,-164.066909961 59.924706205,-164.067333654 59.925151574,-164.067571335 59.925405327,-164.068129369 59.925674615,-164.068666735 59.926073364,-164.069751801 59.925804079,-164.07050618 59.925638365,-164.071198555 59.925729508,-164.071818593 59.926154148,-164.073761378 59.926299146,-164.073947389 59.926692709,-164.074505423 59.927138051,-164.074402083 59.927407324,-164.073968057 59.927448751,-164.074319411 59.927645526,-164.07473277 59.927759448,-164.074588094 59.928101211,-164.075518151 59.928318695,-164.076179524 59.92816335,-164.076468875 59.927863013,-164.076386204 59.92763517,-164.076799562 59.927469464,-164.077502271 59.927407324,-164.077440268 59.927106981,-164.077109581 59.926858418,-164.076406872 59.926609854,-164.076055517 59.926506285,-164.075394143 59.926609854,-164.074939449 59.926661639,-164.075187464 59.92642343,-164.07582817 59.926340574,-164.077357596 59.926164506,-164.078618339 59.926019507,-164.079684586 59.925913901,-164.080387296 59.925541044,-164.081131341 59.925644616,-164.081813382 59.925261398,-164.083280805 59.924950677,-164.082426583 59.922719342,-164.078923311 59.923597194,-164.075452476 59.924117392,-164.073052085 59.925255296,-164.071462637 59.925369084,-164.068218866 59.925336573,-164.068348617 59.92509274,-164.07155995 59.924735116,-164.07298721 59.924377488,-164.07383059 59.923857294,-164.075484913 59.923288323,-164.082231957 59.922247894,-164.079831567 59.916020893,-164.079085499 59.916362352,-164.079474752 59.917240372,-164.080285694 59.917760669,-164.079802627 59.918084097,-164.078991685 59.917515027,-164.077986116 59.917596324,-164.077402237 59.917888989,-164.075845227 59.917628842,-164.075066722 59.917271137,-164.074061153 59.917384953,-164.072341954 59.91684839,-164.070882257 59.916409378,-164.068806243 59.916718313,-164.067670924 59.916929688,-164.066957294 59.91686465,-164.066373415 59.917076024,-164.066795105 59.917238618,-164.067962863 59.91718984,-164.06630854 59.918181651,-164.066243664 59.91785647,-164.065966358 59.917975267,-164.065831632 59.918190519,-164.065545338 59.918114548,-164.065023274 59.917979488,-164.06514116 59.917700925,-164.065898995 59.917865531,-164.066353696 59.917536319,-164.066075823 59.917456126,-164.066117925 59.917316842,-164.066421059 59.917207104,-164.066269492 59.917114248,-164.065814791 59.917211324,-164.065486396 59.91754476,-164.065166421 59.917485671,-164.064981172 59.917616512,-164.064619096 59.917532098,-164.064652777 59.917076261,-164.065065376 59.917034054,-164.065275886 59.917169117,-164.06558744 59.916996067,-164.065612702 59.916826213,-164.06536851 59.916729135,-164.065755848 59.916636278,-164.065461135 59.916509653,-164.06514116 59.91649277,-164.064433847 59.916602511,-164.064332802 59.916868421,-164.064198076 59.917062576,-164.063911783 59.916931732,-164.063978239 59.916286014,-164.063146455 59.915717449,-164.062113028 59.915439481,-164.061765614 59.915420968,-164.062120909 59.915083846,-164.061841749 59.91482305,-164.06139763 59.914581336,-164.061131159 59.914314175,-164.060750485 59.91409154,-164.060371355 59.913840137,-164.060898814 59.913334633,-164.060805733 59.91310132,-164.060247247 59.913062435,-164.060076599 59.912798012,-164.059890437 59.913085766,-164.059564654 59.913062435,-164.059657735 59.912416928,-164.059331952 59.912168054,-164.058416656 59.911740298,-164.058246008 59.91155364,-164.054228016 59.911911401,-164.052257804 59.912105835,-164.042515337 59.913070212,-164.043027282 59.913505728,-164.043073822 59.914322304,-164.042437769 59.914431179,-164.041786203 59.91383236,-164.03980245 59.914539537,-164.040438214 59.914941377,-164.04184795 59.91469196,-164.042373146 59.914872095,-164.042594281 59.914539537,-164.043810524 59.914484111,-164.043810524 59.914844382,-164.043478821 59.914761242,-164.043008909 59.915066085,-164.042538997 59.915121511,-164.042428429 59.915010659,-164.041792666 59.914802812,-164.041322754 59.914913664,-164.042096727 59.915190792,-164.041142169 59.915312085,-164.041252737 59.915596138,-164.040824288 59.915693131,-164.040409659 59.91547836,-164.039898285 59.91580398,-164.038875535 59.915222019,-164.037714576 59.915755484,-164.038377981 59.916316652,-164.03776986 59.916385932,-164.037355231 59.91583862,-164.03674711 59.915790124,-164.036346303 59.916129597,-164.035378837 59.916178093,-164.035461762 59.916309724,-164.037106454 59.91628894,-164.037230843 59.916434427,-164.035116239 59.916413643,-164.03483982 59.916046461,-164.034121131 59.916205805,-164.034300803 59.915824764,-164.033830891 59.915741628,-164.033146038 59.915759163,-164.03288344 59.915558249,-164.033740339 59.915232626,-164.035163896 59.915267267,-164.036352497 59.91514256,-164.035758196 59.91487236,-164.03805865 59.914311476,-164.038970832 59.914533183,-164.041817946 59.913590919,-164.041900872 59.913133634,-164.037215573 59.913611704,-164.030821504 59.914242817,-164.030279404 59.914973144,-164.030787623 59.915270365,-164.031397486 59.915618536,-164.031583833 59.9158648,-164.032413924 59.915830833,-164.032735796 59.916034637,-164.033210134 59.916060112,-164.032752737 59.916323357,-164.031177258 59.916162014,-164.031007852 59.916544142,-164.030194701 59.916552633,-164.03070292 59.916934756,-164.030279404 59.917274418,-164.029330729 59.916773416,-164.028653103 59.916544142,-164.028077122 59.916518666,-164.027704428 59.916620566,-164.027551962 59.91695174,-164.027060684 59.917333858,-164.026891278 59.916909282,-164.026620227 59.916705483,-164.02614589 59.917028164,-164.025485205 59.917316875,-164.026163356 59.91738945))",100,,yes,
1,33,795656111,-164.05858792087938,59.91851438688324,mrm0065@uah.edu,false,2026-01-09 16:19,10.0 secs,,,"POLYGON((-164.026163356 59.91738945,-164.027393388 59.917558699,-164.027538098 59.917764214,-164.027827517 59.918090619,-164.028358119 59.917848838,-164.028961076 59.918332398,-164.029371087 59.918876394,-164.029684624 59.919081901,-164.030938775 59.919372027,-164.031083485 59.919807211,-164.031035248 59.920266565,-164.031469377 59.920339094,-164.032072334 59.920036889,-164.0347977 59.919565442,-164.035883022 59.919335761,-164.03634127 59.919045635,-164.037306001 59.918973103,-164.040875506 59.917836749,-164.041647291 59.917570788,-164.041502582 59.917280647,-164.041020216 59.91705095,-164.040610205 59.917087218,-164.040561969 59.917474075,-164.041020216 59.917655412,-164.040730797 59.917703769,-164.040176076 59.917365272,-164.04012784 59.916893787,-164.040176076 59.916506924,-164.040441377 59.916083786,-164.040344904 59.915793632,-164.04097198 59.915999158,-164.042129657 59.915793632,-164.043552636 59.915636464,-164.043938528 59.915841991,-164.043528517 59.916240952,-164.04278085 59.916132145,-164.04222613 59.916422297,-164.041743764 59.916434386,-164.041599055 59.916772893,-164.041767883 59.917292736,-164.043359689 59.917498253,-164.043649109 59.918296131,-164.043359689 59.918598352,-164.043649109 59.91891266,-164.045602689 59.918066441,-164.04755627 59.917135575,-164.048521001 59.916664088,-164.05064341 59.916506924,-164.052934646 59.916228862,-164.054068206 59.916035427,-164.05527412 59.91591453,-164.056745335 59.915515564,-164.059012453 59.915213315,-164.060290722 59.915056144,-164.059253636 59.915467205,-164.058795388 59.916023338,-164.057661829 59.916132145,-164.05597355 59.91632558,-164.055225883 59.916579461,-164.056431797 59.91661573,-164.056262969 59.917014682,-164.055804722 59.917002592,-164.055756485 59.916784982,-164.053995851 59.916917966,-164.052138743 59.917268558,-164.049485732 59.917800482,-164.0482557 59.91830822,-164.046977431 59.918586264,-164.045361506 59.918864305,-164.044396775 59.919106078,-164.045216797 59.919432469,-164.045819754 59.919396204,-164.04516856 59.919758857,-164.045554453 59.919879741,-164.046615657 59.919553354,-164.046205646 59.92009733,-164.045482098 59.920327006,-164.04516856 59.920689649,-164.045964464 59.920713825,-164.046181528 59.920883057,-164.045433861 59.921233607,-164.045940345 59.921342397,-164.046446829 59.921185255,-164.047290969 59.921064376,-164.046905076 59.920895145,-164.046591539 59.920883057,-164.046905076 59.920641297,-164.047218614 59.920568769,-164.046953313 59.920266565,-164.046808603 59.920012712,-164.047363324 59.919795122,-164.048448646 59.919807211,-164.048617474 59.920085242,-164.048882775 59.920278653,-164.048521001 59.920447888,-164.048303937 59.920701737,-164.048641593 59.921112728,-164.049172195 59.92110064,-164.050040453 59.920943497,-164.050305754 59.920738002,-164.050016335 59.920472064,-164.050595173 59.920327006,-164.050739883 59.920532504,-164.0504987 59.921076464,-164.051174012 59.921173168,-164.051945797 59.920991849,-164.052524636 59.92137866,-164.054743518 59.920701737,-164.053923496 59.920327006,-164.053007001 59.920157771,-164.052379926 59.919843476,-164.051222249 59.919867652,-164.050836356 59.920145683,-164.050691646 59.919952271,-164.050088689 59.920145683,-164.049365141 59.920085242,-164.049365141 59.919807211,-164.050691646 59.919807211,-164.051969915 59.919577531,-164.052468123 59.919388263,-164.053529327 59.919327821,-164.054783478 59.91907396,-164.055289962 59.919243201,-164.055724091 59.918856364,-164.05615822 59.919037695,-164.055820564 59.919424529,-164.055579381 59.91979927,-164.055675854 59.91994433,-164.056020634 59.919832696,-164.05635829 59.91949422,-164.056671827 59.91933707,-164.056575354 59.919059032,-164.056575354 59.918768904,-164.057081838 59.918466684,-164.057660677 59.918660105,-164.05746773 59.918974412,-164.057347139 59.919131564,-164.058046569 59.919506309,-164.05816716 59.919784343,-164.058938945 59.919687636,-164.059324838 59.91942169,-164.059541902 59.919204096,-164.059131892 59.918672194,-164.058191279 59.918563395,-164.058022451 59.918285351,-164.058794236 59.918140284,-164.059927795 59.917692989,-164.06000015 59.918104017,-164.059638376 59.918515039,-164.059566021 59.918974412,-164.060337806 59.919071121,-164.061157827 59.919107387,-164.061809021 59.919373336,-164.062074322 59.919639282,-164.063039053 59.920001933,-164.063304354 59.920316227,-164.064437913 59.92086019,-164.064534386 59.92067887,-164.064124376 59.920183256,-164.063834956 59.919856873,-164.06419673 59.919615105,-164.063762601 59.919240362,-164.063545537 59.918877702,-164.062363741 59.918756815,-164.06154372 59.918744726,-164.062315505 59.918527128,-164.063159644 59.918430418,-164.063859075 59.918780993,-164.064920279 59.918829348,-164.065378526 59.919143653,-164.0657403 59.919107387,-164.065499118 59.918877702,-164.065981483 59.918575484,-164.066261612 59.918701822,-164.066075601 59.91903332,-164.066075601 59.919473585,-164.066054933 59.919665228,-164.065300554 59.919701484,-164.065000869 59.919426969,-164.064535841 59.919587535,-164.064225822 59.919779177,-164.064515173 59.920084766,-164.065062873 59.920012254,-164.065279886 59.920354097,-164.065672576 59.920245329,-164.066044599 59.920431788,-164.065992929 59.920929007,-164.065799433 59.920991329,-164.06493138 59.920576982,-164.064786705 59.920773797,-164.064869377 59.921239936,-164.065406742 59.92128137,-164.065510082 59.92113635,-164.06602678 59.921659454,-164.066357467 59.921374597,-164.066543478 59.921545512,-164.066553812 59.921928772,-164.066134914 59.922127094,-164.06622792 59.922681257,-164.066506937 59.922924672,-164.06627959 59.923276843,-164.066413931 59.923458106,-164.065907567 59.923644547,-164.065618216 59.923577221,-164.065173856 59.923768841,-164.06562855 59.924064036,-164.065990239 59.923934564,-164.066289924 59.924240116,-164.066403597 59.924493876,-164.066909961 59.924706205,-164.067333654 59.925151574,-164.067571335 59.925405327,-164.068129369 59.925674615,-164.068666735 59.926073364,-164.069751801 59.925804079,-164.07050618 59.925638365,-164.071198555 59.925729508,-164.071818593 59.926154148,-164.073761378 59.926299146,-164.073947389 59.926692709,-164.074505423 59.927138051,-164.074402083 59.927407324,-164.073968057 59.927448751,-164.074319411 59.927645526,-164.07473277 59.927759448,-164.074588094 59.928101211,-164.075518151 59.928318695,-164.076179524 59.92816335,-164.076468875 59.927863013,-164.076386204 59.92763517,-164.076799562 59.927469464,-164.077502271 59.927407324,-164.077440268 59.927106981,-164.077109581 59.926858418,-164.076406872 59.926609854,-164.076055517 59.926506285,-164.075394143 59.926609854,-164.074939449 59.926661639,-164.075187464 59.92642343,-164.07582817 59.926340574,-164.077357596 59.926164506,-164.078618339 59.926019507,-164.079684586 59.925913901,-164.080387296 59.925541044,-164.081131341 59.925644616,-164.081813382 59.925261398,-164.083280805 59.924950677,-164.082426583 59.922719342,-164.078923311 59.923597194,-164.075452476 59.924117392,-164.073052085 59.925255296,-164.071462637 59.925369084,-164.068218866 59.925336573,-164.068348617 59.92509274,-164.07155995 59.924735116,-164.07298721 59.924377488,-164.07383059 59.923857294,-164.075484913 59.923288323,-164.082231957 59.922247894,-164.079831567 59.916020893,-164.079085499 59.916362352,-164.079474752 59.917240372,-164.080285694 59.917760669,-164.079802627 59.918084097,-164.078991685 59.917515027,-164.077986116 59.917596324,-164.077402237 59.917888989,-164.075845227 59.917628842,-164.075066722 59.917271137,-164.074061153 59.917384953,-164.072341954 59.91684839,-164.070882257 59.916409378,-164.068806243 59.916718313,-164.067670924 59.916929688,-164.066957294 59.91686465,-164.066373415 59.917076024,-164.066795105 59.917238618,-164.067962863 59.91718984,-164.06630854 59.918181651,-164.066243664 59.91785647,-164.065966358 59.917975267,-164.065831632 59.918190519,-164.065545338 59.918114548,-164.065023274 59.917979488,-164.06514116 59.917700925,-164.065898995 59.917865531,-164.066353696 59.917536319,-164.066075823 59.917456126,-164.066117925 59.917316842,-164.066421059 59.917207104,-164.066269492 59.917114248,-164.065814791 59.917211324,-164.065486396 59.91754476,-164.065166421 59.917485671,-164.064981172 59.917616512,-164.064619096 59.917532098,-164.064652777 59.917076261,-164.065065376 59.917034054,-164.065275886 59.917169117,-164.06558744 59.916996067,-164.065612702 59.916826213,-164.06536851 59.916729135,-164.065755848 59.916636278,-164.065461135 59.916509653,-164.06514116 59.91649277,-164.064433847 59.916602511,-164.064332802 59.916868421,-164.064198076 59.917062576,-164.063911783 59.916931732,-164.063978239 59.916286014,-164.063146455 59.915717449,-164.062113028 59.915439481,-164.061765614 59.915420968,-164.062120909 59.915083846,-164.061841749 59.91482305,-164.06139763 59.914581336,-164.061131159 59.914314175,-164.060750485 59.91409154,-164.060371355 59.913840137,-164.060898814 59.913334633,-164.060805733 59.91310132,-164.060247247 59.913062435,-164.060076599 59.912798012,-164.059890437 59.913085766,-164.059564654 59.913062435,-164.059657735 59.912416928,-164.059331952 59.912168054,-164.058416656 59.911740298,-164.058246008 59.91155364,-164.054228016 59.911911401,-164.052257804 59.912105835,-164.042515337 59.913070212,-164.043027282 59.913505728,-164.043073822 59.914322304,-164.042437769 59.914431179,-164.041786203 59.91383236,-164.03980245 59.914539537,-164.040438214 59.914941377,-164.04184795 59.91469196,-164.042373146 59.914872095,-164.042594281 59.914539537,-164.043810524 59.914484111,-164.043810524 59.914844382,-164.043478821 59.914761242,-164.043008909 59.915066085,-164.042538997 59.915121511,-164.042428429 59.915010659,-164.041792666 59.914802812,-164.041322754 59.914913664,-164.042096727 59.915190792,-164.041142169 59.915312085,-164.041252737 59.915596138,-164.040824288 59.915693131,-164.040409659 59.91547836,-164.039898285 59.91580398,-164.038875535 59.915222019,-164.037714576 59.915755484,-164.038377981 59.916316652,-164.03776986 59.916385932,-164.037355231 59.91583862,-164.03674711 59.915790124,-164.036346303 59.916129597,-164.035378837 59.916178093,-164.035461762 59.916309724,-164.037106454 59.91628894,-164.037230843 59.916434427,-164.035116239 59.916413643,-164.03483982 59.916046461,-164.034121131 59.916205805,-164.034300803 59.915824764,-164.033830891 59.915741628,-164.033146038 59.915759163,-164.03288344 59.915558249,-164.033740339 59.915232626,-164.035163896 59.915267267,-164.036352497 59.91514256,-164.035758196 59.91487236,-164.03805865 59.914311476,-164.038970832 59.914533183,-164.041817946 59.913590919,-164.041900872 59.913133634,-164.037215573 59.913611704,-164.030821504 59.914242817,-164.030279404 59.914973144,-164.030787623 59.915270365,-164.031397486 59.915618536,-164.031583833 59.9158648,-164.032413924 59.915830833,-164.032735796 59.916034637,-164.033210134 59.916060112,-164.032752737 59.916323357,-164.031177258 59.916162014,-164.031007852 59.916544142,-164.030194701 59.916552633,-164.03070292 59.916934756,-164.030279404 59.917274418,-164.029330729 59.916773416,-164.028653103 59.916544142,-164.028077122 59.916518666,-164.027704428 59.916620566,-164.027551962 59.91695174,-164.027060684 59.917333858,-164.026891278 59.916909282,-164.026620227 59.916705483,-164.02614589 59.917028164,-164.025485205 59.917316875,-164.026163356 59.91738945))",100,,yes,
1,36,795656112,-164.0775802099759,59.91178806651566,mrm0065@uah.edu,false,2026-01-09 16:19,10.0 secs,,,"POLYGON((-164.077941599 59.911832261,-164.077661714 59.911966198,-164.077343662 59.911940686,-164.077241885 59.911787615,-164.077483605 59.911609031,-164.077852545 59.911609031,-164.077776212 59.911723835,-164.077941599 59.911832261))",100,,yes,
1,33,795656113,-164.05858792087938,59.91851438688324,mrm0065@uah.edu,false,2026-01-09 16:19,10.0 secs,,,"POLYGON((-164.026163356 59.91738945,-164.027393388 59.917558699,-164.027538098 59.917764214,-164.027827517 59.918090619,-164.028358119 59.917848838,-164.028961076 59.918332398,-164.029371087 59.918876394,-164.029684624 59.919081901,-164.030938775 59.919372027,-164.031083485 59.919807211,-164.031035248 59.920266565,-164.031469377 59.920339094,-164.032072334 59.920036889,-164.0347977 59.919565442,-164.035883022 59.919335761,-164.03634127 59.919045635,-164.037306001 59.918973103,-164.040875506 59.917836749,-164.041647291 59.917570788,-164.041502582 59.917280647,-164.041020216 59.91705095,-164.040610205 59.917087218,-164.040561969 59.917474075,-164.041020216 59.917655412,-164.040730797 59.917703769,-164.040176076 59.917365272,-164.04012784 59.916893787,-164.040176076 59.916506924,-164.040441377 59.916083786,-164.040344904 59.915793632,-164.04097198 59.915999158,-164.042129657 59.915793632,-164.043552636 59.915636464,-164.043938528 59.915841991,-164.043528517 59.916240952,-164.04278085 59.916132145,-164.04222613 59.916422297,-164.041743764 59.916434386,-164.041599055 59.916772893,-164.041767883 59.917292736,-164.043359689 59.917498253,-164.043649109 59.918296131,-164.043359689 59.918598352,-164.043649109 59.91891266,-164.045602689 59.918066441,-164.04755627 59.917135575,-164.048521001 59.916664088,-164.05064341 59.916506924,-164.052934646 59.916228862,-164.054068206 59.916035427,-164.05527412 59.91591453,-164.056745335 59.915515564,-164.059012453 59.915213315,-164.060290722 59.915056144,-164.059253636 59.915467205,-164.058795388 59.916023338,-164.057661829 59.916132145,-164.05597355 59.91632558,-164.055225883 59.916579461,-164.056431797 59.91661573,-164.056262969 59.917014682,-164.055804722 59.917002592,-164.055756485 59.916784982,-164.053995851 59.916917966,-164.052138743 59.917268558,-164.049485732 59.917800482,-164.0482557 59.91830822,-164.046977431 59.918586264,-164.045361506 59.918864305,-164.044396775 59.919106078,-164.045216797 59.919432469,-164.045819754 59.919396204,-164.04516856 59.919758857,-164.045554453 59.919879741,-164.046615657 59.919553354,-164.046205646 59.92009733,-164.045482098 59.920327006,-164.04516856 59.920689649,-164.045964464 59.920713825,-164.046181528 59.920883057,-164.045433861 59.921233607,-164.045940345 59.921342397,-164.046446829 59.921185255,-164.047290969 59.921064376,-164.046905076 59.920895145,-164.046591539 59.920883057,-164.046905076 59.920641297,-164.047218614 59.920568769,-164.046953313 59.920266565,-164.046808603 59.920012712,-164.047363324 59.919795122,-164.048448646 59.919807211,-164.048617474 59.920085242,-164.048882775 59.920278653,-164.048521001 59.920447888,-164.048303937 59.920701737,-164.048641593 59.921112728,-164.049172195 59.92110064,-164.050040453 59.920943497,-164.050305754 59.920738002,-164.050016335 59.920472064,-164.050595173 59.920327006,-164.050739883 59.920532504,-164.0504987 59.921076464,-164.051174012 59.921173168,-164.051945797 59.920991849,-164.052524636 59.92137866,-164.054743518 59.920701737,-164.053923496 59.920327006,-164.053007001 59.920157771,-164.052379926 59.919843476,-164.051222249 59.919867652,-164.050836356 59.920145683,-164.050691646 59.919952271,-164.050088689 59.920145683,-164.049365141 59.920085242,-164.049365141 59.919807211,-164.050691646 59.919807211,-164.051969915 59.919577531,-164.052468123 59.919388263,-164.053529327 59.919327821,-164.054783478 59.91907396,-164.055289962 59.919243201,-164.055724091 59.918856364,-164.05615822 59.919037695,-164.055820564 59.919424529,-164.055579381 59.91979927,-164.055675854 59.91994433,-164.056020634 59.919832696,-164.05635829 59.91949422,-164.056671827 59.91933707,-164.056575354 59.919059032,-164.056575354 59.918768904,-164.057081838 59.918466684,-164.057660677 59.918660105,-164.05746773 59.918974412,-164.057347139 59.919131564,-164.058046569 59.919506309,-164.05816716 59.919784343,-164.058938945 59.919687636,-164.059324838 59.91942169,-164.059541902 59.919204096,-164.059131892 59.918672194,-164.058191279 59.918563395,-164.058022451 59.918285351,-164.058794236 59.918140284,-164.059927795 59.917692989,-164.06000015 59.918104017,-164.059638376 59.918515039,-164.059566021 59.918974412,-164.060337806 59.919071121,-164.061157827 59.919107387,-164.061809021 59.919373336,-164.062074322 59.919639282,-164.063039053 59.920001933,-164.063304354 59.920316227,-164.064437913 59.92086019,-164.064534386 59.92067887,-164.064124376 59.920183256,-164.063834956 59.919856873,-164.06419673 59.919615105,-164.063762601 59.919240362,-164.063545537 59.918877702,-164.062363741 59.918756815,-164.06154372 59.918744726,-164.062315505 59.918527128,-164.063159644 59.918430418,-164.063859075 59.918780993,-164.064920279 59.918829348,-164.065378526 59.919143653,-164.0657403 59.919107387,-164.065499118 59.918877702,-164.065981483 59.918575484,-164.066261612 59.918701822,-164.066075601 59.91903332,-164.066075601 59.919473585,-164.066054933 59.919665228,-164.065300554 59.919701484,-164.065000869 59.919426969,-164.064535841 59.919587535,-164.064225822 59.919779177,-164.064515173 59.920084766,-164.065062873 59.920012254,-164.065279886 59.920354097,-164.065672576 59.920245329,-164.066044599 59.920431788,-164.065992929 59.920929007,-164.065799433 59.920991329,-164.06493138 59.920576982,-164.064786705 59.920773797,-164.064869377 59.921239936,-164.065406742 59.92128137,-164.065510082 59.92113635,-164.06602678 59.921659454,-164.066357467 59.921374597,-164.066543478 59.921545512,-164.066553812 59.921928772,-164.066134914 59.922127094,-164.06622792 59.922681257,-164.066506937 59.922924672,-164.06627959 59.923276843,-164.066413931 59.923458106,-164.065907567 59.923644547,-164.065618216 59.923577221,-164.065173856 59.923768841,-164.06562855 59.924064036,-164.065990239 59.923934564,-164.066289924 59.924240116,-164.066403597 59.924493876,-164.066909961 59.924706205,-164.067333654 59.925151574,-164.067571335 59.925405327,-164.068129369 59.925674615,-164.068666735 59.926073364,-164.069751801 59.925804079,-164.07050618 59.925638365,-164.071198555 59.925729508,-164.071818593 59.926154148,-164.073761378 59.926299146,-164.073947389 59.926692709,-164.074505423 59.927138051,-164.074402083 59.927407324,-164.073968057 59.927448751,-164.074319411 59.927645526,-164.07473277 59.927759448,-164.074588094 59.928101211,-164.075518151 59.928318695,-164.076179524 59.92816335,-164.076468875 59.927863013,-164.076386204 59.92763517,-164.076799562 59.927469464,-164.077502271 59.927407324,-164.077440268 59.927106981,-164.077109581 59.926858418,-164.076406872 59.926609854,-164.076055517 59.926506285,-164.075394143 59.926609854,-164.074939449 59.926661639,-164.075187464 59.92642343,-164.07582817 59.926340574,-164.077357596 59.926164506,-164.078618339 59.926019507,-164.079684586 59.925913901,-164.080387296 59.925541044,-164.081131341 59.925644616,-164.081813382 59.925261398,-164.083280805 59.924950677,-164.082426583 59.922719342,-164.078923311 59.923597194,-164.075452476 59.924117392,-164.073052085 59.925255296,-164.071462637 59.925369084,-164.068218866 59.925336573,-164.068348617 59.92509274,-164.07155995 59.924735116,-164.07298721 59.924377488,-164.07383059 59.923857294,-164.075484913 59.923288323,-164.082231957 59.922247894,-164.079831567 59.916020893,-164.079085499 59.916362352,-164.079474752 59.917240372,-164.080285694 59.917760669,-164.079802627 59.918084097,-164.078991685 59.917515027,-164.077986116 59.917596324,-164.077402237 59.917888989,-164.075845227 59.917628842,-164.075066722 59.917271137,-164.074061153 59.917384953,-164.072341954 59.91684839,-164.070882257 59.916409378,-164.068806243 59.916718313,-164.067670924 59.916929688,-164.066957294 59.91686465,-164.066373415 59.917076024,-164.066795105 59.917238618,-164.067962863 59.91718984,-164.06630854 59.918181651,-164.066243664 59.91785647,-164.065966358 59.917975267,-164.065831632 59.918190519,-164.065545338 59.918114548,-164.065023274 59.917979488,-164.06514116 59.917700925,-164.065898995 59.917865531,-164.066353696 59.917536319,-164.066075823 59.917456126,-164.066117925 59.917316842,-164.066421059 59.917207104,-164.066269492 59.917114248,-164.065814791 59.917211324,-164.065486396 59.91754476,-164.065166421 59.917485671,-164.064981172 59.917616512,-164.064619096 59.917532098,-164.064652777 59.917076261,-164.065065376 59.917034054,-164.065275886 59.917169117,-164.06558744 59.916996067,-164.065612702 59.916826213,-164.06536851 59.916729135,-164.065755848 59.916636278,-164.065461135 59.916509653,-164.06514116 59.91649277,-164.064433847 59.916602511,-164.064332802 59.916868421,-164.064198076 59.917062576,-164.063911783 59.916931732,-164.063978239 59.916286014,-164.063146455 59.915717449,-164.062113028 59.915439481,-164.061765614 59.915420968,-164.062120909 59.915083846,-164.061841749 59.91482305,-164.06139763 59.914581336,-164.061131159 59.914314175,-164.060750485 59.91409154,-164.060371355 59.913840137,-164.060898814 59.913334633,-164.060805733 59.91310132,-164.060247247 59.913062435,-164.060076599 59.912798012,-164.059890437 59.913085766,-164.059564654 59.913062435,-164.059657735 59.912416928,-164.059331952 59.912168054,-164.058416656 59.911740298,-164.058246008 59.91155364,-164.054228016 59.911911401,-164.052257804 59.912105835,-164.042515337 59.913070212,-164.043027282 59.913505728,-164.043073822 59.914322304,-164.042437769 59.914431179,-164.041786203 59.91383236,-164.03980245 59.914539537,-164.040438214 59.914941377,-164.04184795 59.91469196,-164.042373146 59.914872095,-164.042594281 59.914539537,-164.043810524 59.914484111,-164.043810524 59.914844382,-164.043478821 59.914761242,-164.043008909 59.915066085,-164.042538997 59.915121511,-164.042428429 59.915010659,-164.041792666 59.914802812,-164.041322754 59.914913664,-164.042096727 59.915190792,-164.041142169 59.915312085,-164.041252737 59.915596138,-164.040824288 59.915693131,-164.040409659 59.91547836,-164.039898285 59.91580398,-164.038875535 59.915222019,-164.037714576 59.915755484,-164.038377981 59.916316652,-164.03776986 59.916385932,-164.037355231 59.91583862,-164.03674711 59.915790124,-164.036346303 59.916129597,-164.035378837 59.916178093,-164.035461762 59.916309724,-164.037106454 59.91628894,-164.037230843 59.916434427,-164.035116239 59.916413643,-164.03483982 59.916046461,-164.034121131 59.916205805,-164.034300803 59.915824764,-164.033830891 59.915741628,-164.033146038 59.915759163,-164.03288344 59.915558249,-164.033740339 59.915232626,-164.035163896 59.915267267,-164.036352497 59.91514256,-164.035758196 59.91487236,-164.03805865 59.914311476,-164.038970832 59.914533183,-164.041817946 59.913590919,-164.041900872 59.913133634,-164.037215573 59.913611704,-164.030821504 59.914242817,-164.030279404 59.914973144,-164.030787623 59.915270365,-164.031397486 59.915618536,-164.031583833 59.9158648,-164.032413924 59.915830833,-164.032735796 59.916034637,-164.033210134 59.916060112,-164.032752737 59.916323357,-164.031177258 59.916162014,-164.031007852 59.916544142,-164.030194701 59.916552633,-164.03070292 59.916934756,-164.030279404 59.917274418,-164.029330729 59.916773416,-164.028653103 59.916544142,-164.028077122 59.916518666,-164.027704428 59.916620566,-164.027551962 59.91695174,-164.027060684 59.917333858,-164.026891278 59.916909282,-164.026620227 59.916705483,-164.02614589 59.917028164,-164.025485205 59.917316875,-164.026163356 59.91738945))",100,,yes,